  0
SECTION
  2
HEADER
  9
$ACADVER
  1
AC1032
  9
$ACADMAINTVER
 90
      174
  9
$DWGCODEPAGE
  3
ANSI_1252
  9
$LASTSAVEDBY
  1
ar83670
  9
$REQUIREDVERSIONS
160
                 0
  9
$INSBASE
 10
0.0
 20
0.0
 30
0.0
  9
$EXTMIN
 10
-0.0000000000001137
 20
0.0
 30
0.0
  9
$EXTMAX
 10
1075.45222444646
 20
836.0
 30
0.0
  9
$LIMMIN
 10
0.0
 20
0.0
  9
$LIMMAX
 10
1189.0
 20
841.0
  9
$ORTHOMODE
 70
     0
  9
$REGENMODE
 70
     1
  9
$FILLMODE
 70
     1
  9
$QTEXTMODE
 70
     0
  9
$MIRRTEXT
 70
     1
  9
$LTSCALE
 40
1.0
  9
$ATTMODE
 70
     1
  9
$TEXTSIZE
 40
3.5
  9
$TRACEWID
 40
1.0
  9
$TEXTSTYLE
  7
Standard
  9
$CLAYER
  8
0
  9
$CELTYPE
  6
ByLayer
  9
$CECOLOR
 62
   256
  9
$CELTSCALE
 40
1.0
  9
$DISPSILH
 70
     0
  9
$DIMSCALE
 40
1.0
  9
$DIMASZ
 40
3.301999999999999
  9
$DIMEXO
 40
1.0
  9
$DIMDLI
 40
3.75
  9
$DIMRND
 40
0.0
  9
$DIMDLE
 40
0.0
  9
$DIMEXE
 40
1.0
  9
$DIMTP
 40
0.0
  9
$DIMTM
 40
0.0
  9
$DIMTXT
 40
3.5
  9
$DIMCEN
 40
2.5
  9
$DIMTSZ
 40
0.0
  9
$DIMTOL
 70
     0
  9
$DIMLIM
 70
     0
  9
$DIMTIH
 70
     1
  9
$DIMTOH
 70
     1
  9
$DIMSE1
 70
     0
  9
$DIMSE2
 70
     0
  9
$DIMTAD
 70
     1
  9
$DIMZIN
 70
     1
  9
$DIMBLK
  1

  9
$DIMASO
 70
     1
  9
$DIMSHO
 70
     1
  9
$DIMPOST
  1

  9
$DIMAPOST
  1

  9
$DIMALT
 70
     0
  9
$DIMALTD
 70
     3
  9
$DIMALTF
 40
0.0393700787401575
  9
$DIMLFAC
 40
1.0
  9
$DIMTOFL
 70
     1
  9
$DIMTVP
 40
0.0
  9
$DIMTIX
 70
     0
  9
$DIMSOXD
 70
     0
  9
$DIMSAH
 70
     0
  9
$DIMBLK1
  1

  9
$DIMBLK2
  1

  9
$DIMSTYLE
  2
ISO-25
  9
$DIMCLRD
 70
     0
  9
$DIMCLRE
 70
     0
  9
$DIMCLRT
 70
     0
  9
$DIMTFAC
 40
1.0
  9
$DIMGAP
 40
1.524
  9
$DIMJUST
 70
     0
  9
$DIMSD1
 70
     0
  9
$DIMSD2
 70
     0
  9
$DIMTOLJ
 70
     0
  9
$DIMTZIN
 70
     1
  9
$DIMALTZ
 70
     0
  9
$DIMALTTZ
 70
     0
  9
$DIMUPT
 70
     0
  9
$DIMDEC
 70
     2
  9
$DIMTDEC
 70
     2
  9
$DIMALTU
 70
     2
  9
$DIMALTTD
 70
     3
  9
$DIMTXSTY
  7
Standard
  9
$DIMAUNIT
 70
     0
  9
$DIMADEC
 70
     2
  9
$DIMALTRND
 40
0.0
  9
$DIMAZIN
 70
     0
  9
$DIMDSEP
 70
    44
  9
$DIMATFIT
 70
     3
  9
$DIMFRAC
 70
     0
  9
$DIMLDRBLK
  1

  9
$DIMLUNIT
 70
     2
  9
$DIMLWD
 70
    -2
  9
$DIMLWE
 70
    -2
  9
$DIMTMOVE
 70
     0
  9
$DIMFXL
 40
1.0
  9
$DIMFXLON
 70
     0
  9
$DIMJOGANG
 40
0.7853981633974483
  9
$DIMTFILL
 70
     0
  9
$DIMTFILLCLR
 70
     0
  9
$DIMARCSYM
 70
     0
  9
$DIMLTYPE
  6

  9
$DIMLTEX1
  6

  9
$DIMLTEX2
  6

  9
$DIMTXTDIRECTION
 70
     0
  9
$LUNITS
 70
     2
  9
$LUPREC
 70
     2
  9
$SKETCHINC
 40
1.0
  9
$FILLETRAD
 40
0.0
  9
$AUNITS
 70
     0
  9
$AUPREC
 70
     2
  9
$MENU
  1
.
  9
$ELEVATION
 40
0.0
  9
$PELEVATION
 40
0.0
  9
$THICKNESS
 40
0.0
  9
$LIMCHECK
 70
     0
  9
$CHAMFERA
 40
0.0
  9
$CHAMFERB
 40
0.0
  9
$CHAMFERC
 40
0.0
  9
$CHAMFERD
 40
0.0
  9
$SKPOLY
 70
     0
  9
$TDCREATE
 40
2460032.696284722
  9
$TDUCREATE
 40
2460032.862953044
  9
$TDUPDATE
 40
2460032.725115741
  9
$TDUUPDATE
 40
2460032.891782407
  9
$TDINDWG
 40
0.0230787153
  9
$TDUSRTIMER
 40
0.0230787153
  9
$USRTIMER
 70
     1
  9
$ANGBASE
 50
0.0
  9
$ANGDIR
 70
     0
  9
$PDMODE
 70
     0
  9
$PDSIZE
 40
-1.0
  9
$PLINEWID
 40
0.0
  9
$SPLFRAME
 70
     0
  9
$SPLINETYPE
 70
     6
  9
$SPLINESEGS
 70
     8
  9
$HANDSEED
  5
6F6
  9
$SURFTAB1
 70
     6
  9
$SURFTAB2
 70
     6
  9
$SURFTYPE
 70
     6
  9
$SURFU
 70
     6
  9
$SURFV
 70
     6
  9
$UCSBASE
  2

  9
$UCSNAME
  2

  9
$UCSORG
 10
0.0
 20
0.0
 30
0.0
  9
$UCSXDIR
 10
1.0
 20
0.0
 30
0.0
  9
$UCSYDIR
 10
0.0
 20
1.0
 30
0.0
  9
$UCSORTHOREF
  2

  9
$UCSORTHOVIEW
 70
     0
  9
$UCSORGTOP
 10
0.0
 20
0.0
 30
0.0
  9
$UCSORGBOTTOM
 10
0.0
 20
0.0
 30
0.0
  9
$UCSORGLEFT
 10
0.0
 20
0.0
 30
0.0
  9
$UCSORGRIGHT
 10
0.0
 20
0.0
 30
0.0
  9
$UCSORGFRONT
 10
0.0
 20
0.0
 30
0.0
  9
$UCSORGBACK
 10
0.0
 20
0.0
 30
0.0
  9
$PUCSBASE
  2

  9
$PUCSNAME
  2

  9
$PUCSORG
 10
0.0
 20
0.0
 30
0.0
  9
$PUCSXDIR
 10
1.0
 20
0.0
 30
0.0
  9
$PUCSYDIR
 10
0.0
 20
1.0
 30
0.0
  9
$PUCSORTHOREF
  2

  9
$PUCSORTHOVIEW
 70
     0
  9
$PUCSORGTOP
 10
0.0
 20
0.0
 30
0.0
  9
$PUCSORGBOTTOM
 10
0.0
 20
0.0
 30
0.0
  9
$PUCSORGLEFT
 10
0.0
 20
0.0
 30
0.0
  9
$PUCSORGRIGHT
 10
0.0
 20
0.0
 30
0.0
  9
$PUCSORGFRONT
 10
0.0
 20
0.0
 30
0.0
  9
$PUCSORGBACK
 10
0.0
 20
0.0
 30
0.0
  9
$USERI1
 70
     0
  9
$USERI2
 70
     0
  9
$USERI3
 70
     0
  9
$USERI4
 70
     0
  9
$USERI5
 70
     0
  9
$USERR1
 40
0.0
  9
$USERR2
 40
0.0
  9
$USERR3
 40
0.0
  9
$USERR4
 40
0.0
  9
$USERR5
 40
0.0
  9
$WORLDVIEW
 70
     1
  9
$SHADEDGE
 70
     3
  9
$SHADEDIF
 70
    70
  9
$TILEMODE
 70
     1
  9
$MAXACTVP
 70
    64
  9
$PINSBASE
 10
0.0
 20
0.0
 30
0.0
  9
$PLIMCHECK
 70
     0
  9
$PEXTMIN
 10
1.000000000000000E+20
 20
1.000000000000000E+20
 30
1.000000000000000E+20
  9
$PEXTMAX
 10
-1.000000000000000E+20
 20
-1.000000000000000E+20
 30
-1.000000000000000E+20
  9
$PLIMMIN
 10
0.0
 20
0.0
  9
$PLIMMAX
 10
420.0
 20
297.0
  9
$UNITMODE
 70
     0
  9
$VISRETAIN
 70
     1
  9
$PLINEGEN
 70
     0
  9
$PSLTSCALE
 70
     1
  9
$TREEDEPTH
 70
  3020
  9
$CMLSTYLE
  2
Standard
  9
$CMLJUST
 70
     0
  9
$CMLSCALE
 40
20.0
  9
$PROXYGRAPHICS
 70
     1
  9
$MEASUREMENT
 70
     1
  9
$CELWEIGHT
370
    -1
  9
$ENDCAPS
280
     0
  9
$JOINSTYLE
280
     0
  9
$LWDISPLAY
290
     1
  9
$INSUNITS
 70
     4
  9
$HYPERLINKBASE
  1

  9
$STYLESHEET
  1

  9
$XEDIT
290
     1
  9
$CEPSNTYPE
380
     0
  9
$PSTYLEMODE
290
     1
  9
$FINGERPRINTGUID
  2
{2eff3663-eaf8-4129-91f5-8e1f20c58575}
  9
$VERSIONGUID
  2
{0E87240B-5E5B-AC4C-AF1B-E8663A726D7A}
  9
$EXTNAMES
290
     1
  9
$PSVPSCALE
 40
0.0
  9
$OLESTARTUP
290
     0
  9
$SORTENTS
280
   127
  9
$INDEXCTL
280
     0
  9
$HIDETEXT
280
     0
  9
$XCLIPFRAME
280
     2
  9
$HALOGAP
280
     0
  9
$OBSCOLOR
 70
   257
  9
$OBSLTYPE
280
     0
  9
$INTERSECTIONDISPLAY
280
     0
  9
$INTERSECTIONCOLOR
 70
   257
  9
$DIMASSOC
280
     1
  9
$PROJECTNAME
  1

  9
$CAMERADISPLAY
290
     0
  9
$LENSLENGTH
 40
50.0
  9
$CAMERAHEIGHT
 40
0.0
  9
$STEPSPERSEC
 40
2.0
  9
$STEPSIZE
 40
6.0
  9
$3DDWFPREC
 40
2.0
  9
$PSOLWIDTH
 40
0.25
  9
$PSOLHEIGHT
 40
4.0
  9
$LOFTANG1
 40
1.570796326794896
  9
$LOFTANG2
 40
1.570796326794896
  9
$LOFTMAG1
 40
0.0
  9
$LOFTMAG2
 40
0.0
  9
$LOFTPARAM
 70
     7
  9
$LOFTNORMALS
280
     1
  9
$LATITUDE
 40
37.795
  9
$LONGITUDE
 40
-122.394
  9
$NORTHDIRECTION
 40
0.0
  9
$TIMEZONE
 70
 -8000
  9
$LIGHTGLYPHDISPLAY
280
     1
  9
$TILEMODELIGHTSYNCH
280
     1
  9
$CMATERIAL
347
602
  9
$SOLIDHIST
280
     0
  9
$SHOWHIST
280
     1
  9
$DWFFRAME
280
     2
  9
$DGNFRAME
280
     0
  9
$REALWORLDSCALE
290
     1
  9
$INTERFERECOLOR
 62
     1
  9
$INTERFEREOBJVS
345
624
  9
$INTERFEREVPVS
346
621
  9
$CSHADOW
280
     0
  9
$SHADOWPLANELOCATION
 40
0.0
  0
ENDSEC
  0
SECTION
  2
CLASSES
  0
CLASS
  1
ACDBDICTIONARYWDFLT
  2
AcDbDictionaryWithDefault
  3
ObjectDBX Classes
 90
        0
 91
        1
280
     0
281
     0
  0
CLASS
  1
VISUALSTYLE
  2
AcDbVisualStyle
  3
ObjectDBX Classes
 90
     4095
 91
       24
280
     0
281
     0
  0
CLASS
  1
MATERIAL
  2
AcDbMaterial
  3
ObjectDBX Classes
 90
     1153
 91
        3
280
     0
281
     0
  0
CLASS
  1
SCALE
  2
AcDbScale
  3
ObjectDBX Classes
 90
     1153
 91
       17
280
     0
281
     0
  0
CLASS
  1
TABLESTYLE
  2
AcDbTableStyle
  3
ObjectDBX Classes
 90
     4095
 91
        1
280
     0
281
     0
  0
CLASS
  1
MLEADERSTYLE
  2
AcDbMLeaderStyle
  3
ACDB_MLEADERSTYLE_CLASS
 90
     4095
 91
        1
280
     0
281
     0
  0
CLASS
  1
SUN
  2
AcDbSun
  3
SCENEOE
 90
     1153
 91
        1
280
     0
281
     0
  0
CLASS
  1
ACDBSECTIONVIEWSTYLE
  2
AcDbSectionViewStyle
  3
ObjectDBX Classes
 90
     1025
 91
        1
280
     0
281
     0
  0
CLASS
  1
ACDBDETAILVIEWSTYLE
  2
AcDbDetailViewStyle
  3
ObjectDBX Classes
 90
     1025
 91
        1
280
     0
281
     0
  0
CLASS
  1
DICTIONARYVAR
  2
AcDbDictionaryVar
  3
ObjectDBX Classes
 90
        0
 91
       90
280
     0
281
     0
  0
CLASS
  1
CELLSTYLEMAP
  2
AcDbCellStyleMap
  3
ObjectDBX Classes
 90
     1152
 91
        3
280
     0
281
     0
  0
ENDSEC
  0
SECTION
  2
TABLES
  0
TABLE
  2
VPORT
  5
8
330
0
100
AcDbSymbolTable
 70
     1
  0
VPORT
  5
29
330
8
100
AcDbSymbolTableRecord
100
AcDbViewportTableRecord
  2
*Active
 70
     0
 10
0.0
 20
0.0
 11
1.0
 21
1.0
 12
405.3953328144197
 22
225.4039851758912
 13
0.0
 23
0.0
 14
10.0
 24
10.0
 15
10.0
 25
10.0
 16
0.0
 26
0.0
 36
1.0
 17
0.0
 27
0.0
 37
0.0
 40
726.5972426057224
 41
2.305925030229746
 42
50.0
 43
0.0
 44
0.0
 50
0.0
 51
0.0
 71
     0
 72
  2000
 73
     1
 74
     3
 75
     0
 76
     0
 77
     0
 78
     0
281
     0
 65
     1
110
0.0
120
0.0
130
0.0
111
1.0
121
0.0
131
0.0
112
0.0
122
1.0
132
0.0
 79
     0
146
0.0
348
620
 60
     3
 61
     5
292
     1
282
     1
141
0.0
142
0.0
 63
   250
421
  3355443
1001
ACAD_NAV_VCDISPLAY
1070
     3
  0
ENDTAB
  0
TABLE
  2
LTYPE
  5
5
330
0
100
AcDbSymbolTable
 70
     8
  0
LTYPE
  5
14
330
5
100
AcDbSymbolTableRecord
100
AcDbLinetypeTableRecord
  2
ByBlock
 70
     0
  3

 72
    65
 73
     0
 40
0.0
  0
LTYPE
  5
15
330
5
100
AcDbSymbolTableRecord
100
AcDbLinetypeTableRecord
  2
ByLayer
 70
     0
  3

 72
    65
 73
     0
 40
0.0
  0
LTYPE
  5
16
330
5
100
AcDbSymbolTableRecord
100
AcDbLinetypeTableRecord
  2
Continuous
 70
     0
  3
Solid line
 72
    65
 73
     0
 40
0.0
  0
LTYPE
  5
5E
330
5
100
AcDbSymbolTableRecord
100
AcDbLinetypeTableRecord
  2
HIDDEN
 70
     0
  3
Hidden __ __ __ __ __ __ __ __ __ __ __ __ __ __
 72
    65
 73
     2
 40
1.905
 49
1.27
 74
     0
 49
-0.635
 74
     0
  0
LTYPE
  5
5F
330
5
100
AcDbSymbolTableRecord
100
AcDbLinetypeTableRecord
  2
PHANTOM
 70
     0
  3
Phantom ______  __  __  ______  __  __  ______
 72
    65
 73
     6
 40
12.7
 49
6.349999999999999
 74
     0
 49
-1.27
 74
     0
 49
1.27
 74
     0
 49
-1.27
 74
     0
 49
1.27
 74
     0
 49
-1.27
 74
     0
  0
LTYPE
  5
60
330
5
100
AcDbSymbolTableRecord
100
AcDbLinetypeTableRecord
  2
CENTER
 70
     0
  3
Center ____ _ ____ _ ____ _ ____ _ ____ _ ____
 72
    65
 73
     4
 40
10.16
 49
6.349999999999999
 74
     0
 49
-1.27
 74
     0
 49
1.27
 74
     0
 49
-1.27
 74
     0
  0
LTYPE
  5
61
330
5
100
AcDbSymbolTableRecord
100
AcDbLinetypeTableRecord
  2
CENTERX2
 70
     0
  3
Center (2x) ________  __  ________  __  _____
 72
    65
 73
     4
 40
20.32
 49
12.7
 74
     0
 49
-2.54
 74
     0
 49
2.54
 74
     0
 49
-2.54
 74
     0
  0
LTYPE
  5
62
330
5
100
AcDbSymbolTableRecord
100
AcDbLinetypeTableRecord
  2
DOT2
 70
     0
  3
Dot (.5x) ........................................
 72
    65
 73
     2
 40
0.635
 49
0.0
 74
     0
 49
-0.635
 74
     0
  0
ENDTAB
  0
TABLE
  2
LAYER
  5
2
102
{ACAD_XDICTIONARY
360
646
102
}
330
0
100
AcDbSymbolTable
 70
     2
  0
LAYER
  5
10
102
{ACAD_XDICTIONARY
360
63F
102
}
330
2
100
AcDbSymbolTableRecord
100
AcDbLayerTableRecord
  2
0
 70
     0
 62
     7
  6
Continuous
370
    -3
390
F
347
612
348
0
  0
LAYER
  5
63
102
{ACAD_XDICTIONARY
360
641
102
}
330
2
100
AcDbSymbolTableRecord
100
AcDbLayerTableRecord
  2
FORMAT
 70
     0
 62
     7
  6
Continuous
370
    -3
390
F
347
612
348
0
  0
ENDTAB
  0
TABLE
  2
STYLE
  5
3
330
0
100
AcDbSymbolTable
 70
     3
  0
STYLE
  5
11
330
3
100
AcDbSymbolTableRecord
100
AcDbTextStyleTableRecord
  2
Standard
 70
     0
 40
0.0
 41
1.0
 50
0.0
 71
     0
 42
3.5
  3
txt
  4

  0
STYLE
  5
D5
330
3
100
AcDbSymbolTableRecord
100
AcDbTextStyleTableRecord
  2
SLDTEXTSTYLE0
 70
     0
 40
0.0
 41
0.75
 50
0.0
 71
     0
 42
3.5
  3
TXT
  4

  0
STYLE
  5
13D
330
3
100
AcDbSymbolTableRecord
100
AcDbTextStyleTableRecord
  2
SLDTEXTSTYLE1
 70
     0
 40
0.0
 41
0.7
 50
0.0
 71
     0
 42
3.5
  3
TXT
  4

  0
ENDTAB
  0
TABLE
  2
VIEW
  5
6
330
0
100
AcDbSymbolTable
 70
     8
  0
ENDTAB
  0
TABLE
  2
UCS
  5
7
330
0
100
AcDbSymbolTable
 70
     0
  0
ENDTAB
  0
TABLE
  2
APPID
  5
9
330
0
100
AcDbSymbolTable
 70
     4
  0
APPID
  5
12
330
9
100
AcDbSymbolTableRecord
100
AcDbRegAppTableRecord
  2
ACAD
 70
     0
  0
APPID
  5
64C
330
9
100
AcDbSymbolTableRecord
100
AcDbRegAppTableRecord
  2
ACAD_NAV_VCDISPLAY
 70
     0
  0
APPID
  5
679
330
9
100
AcDbSymbolTableRecord
100
AcDbRegAppTableRecord
  2
ACAD_EXEMPT_FROM_CAD_STANDARDS
 70
     0
  0
APPID
  5
682
330
9
100
AcDbSymbolTableRecord
100
AcDbRegAppTableRecord
  2
ACAD_DSTYLE_DIMRADIAL_EXTENSION
 70
     0
  0
ENDTAB
  0
TABLE
  2
DIMSTYLE
  5
A
330
0
100
AcDbSymbolTable
 70
     3
100
AcDbDimStyleTable
 71
     1
340
27
  0
DIMSTYLE
105
27
330
A
100
AcDbSymbolTableRecord
100
AcDbDimStyleTableRecord
  2
ISO-25
 70
     0
 41
2.5
 42
0.625
 43
3.75
 44
1.25
 73
     0
 74
     0
 77
     1
 78
     8
140
2.5
141
2.5
143
0.03937007874016
147
0.625
171
     3
172
     1
271
     2
272
     2
274
     3
278
    44
283
     0
284
     8
340
11
  0
ENDTAB
  0
TABLE
  2
BLOCK_RECORD
  5
1
330
0
100
AcDbSymbolTable
 70
     2
  0
BLOCK_RECORD
  5
1F
330
1
100
AcDbSymbolTableRecord
100
AcDbBlockTableRecord
  2
*Model_Space
340
22
 70
     0
280
     1
281
     0
  0
BLOCK_RECORD
  5
1B
330
1
100
AcDbSymbolTableRecord
100
AcDbBlockTableRecord
  2
*Paper_Space
340
1E
 70
     0
280
     1
281
     0
  0
BLOCK_RECORD
  5
23
330
1
100
AcDbSymbolTableRecord
100
AcDbBlockTableRecord
  2
*Paper_Space0
340
26
 70
     0
280
     1
281
     0
  0
ENDTAB
  0
ENDSEC
  0
SECTION
  2
BLOCKS
  0
BLOCK
  5
20
330
1F
100
AcDbEntity
  8
0
100
AcDbBlockBegin
  2
*Model_Space
 70
     0
 10
0.0
 20
0.0
 30
0.0
  3
*Model_Space
  1

  0
ENDBLK
  5
21
330
1F
100
AcDbEntity
  8
0
100
AcDbBlockEnd
  0
BLOCK
  5
1C
330
1B
100
AcDbEntity
 67
     1
  8
0
100
AcDbBlockBegin
  2
*Paper_Space
 70
     0
 10
0.0
 20
0.0
 30
0.0
  3
*Paper_Space
  1

  0
ENDBLK
  5
1D
330
1B
100
AcDbEntity
 67
     1
  8
0
100
AcDbBlockEnd
  0
BLOCK
  5
24
330
23
100
AcDbEntity
 67
     1
  8
0
100
AcDbBlockBegin
  2
*Paper_Space0
 70
     0
 10
0.0
 20
0.0
 30
0.0
  3
*Paper_Space0
  1

  0
ENDBLK
  5
25
330
23
100
AcDbEntity
 67
     1
  8
0
100
AcDbBlockEnd
  0
ENDSEC
  0
SECTION
  2
ENTITIES
  0
CIRCLE
  5
143
330
1F
100
AcDbEntity
  8
0
  6
Continuous
 62
     7
370
    25
100
AcDbCircle
 10
52.84553362793809
 20
362.7919282860239
 30
0.0
 40
1.422399999999981
  0
LINE
  5
144
330
1F
100
AcDbEntity
  8
0
  6
Continuous
 62
     7
370
    25
100
AcDbLine
 10
212.2705336279383
 20
364.214328286024
 30
0.0
 11
212.2705336279381
 21
366.7919282860239
 31
0.0
  0
LINE
  5
145
330
1F
100
AcDbEntity
  8
0
  6
Continuous
 62
     7
370
    25
100
AcDbLine
 10
206.8017836279384
 20
364.214328286024
 30
0.0
 11
212.2705336279383
 21
364.214328286024
 31
0.0
  0
LINE
  5
146
330
1F
100
AcDbEntity
  8
0
  6
Continuous
 62
     7
370
    25
100
AcDbLine
 10
206.8017836279384
 20
365.4669282860239
 30
0.0
 11
206.8017836279384
 21
364.214328286024
 31
0.0
  0
ARC
  5
147
330
1F
100
AcDbEntity
  8
0
  6
Continuous
 62
     7
370
    25
100
AcDbCircle
 10
206.8017836279383
 20
365.9669282860239
 30
0.0
 40
0.5
100
AcDbArc
 50
270.000000000013
 51
180.0
  0
LINE
  5
148
330
1F
100
AcDbEntity
  8
0
  6
Continuous
 62
     7
370
    25
100
AcDbLine
 10
204.9205336279384
 20
365.9669282860239
 30
0.0
 11
206.3017836279383
 21
365.9669282860239
 31
0.0
  0
ARC
  5
149
330
1F
100
AcDbEntity
  8
0
  6
Continuous
 62
     7
370
    25
100
AcDbCircle
 10
204.4205336279382
 20
365.9669282860239
 30
0.0
 40
0.5000000000001137
100
AcDbArc
 50
0.0
 51
270.000000000013
  0
LINE
  5
14A
330
1F
100
AcDbEntity
  8
0
  6
Continuous
 62
     7
370
    25
100
AcDbLine
 10
204.4205336279384
 20
364.214328286024
 30
0.0
 11
204.4205336279384
 21
365.4669282860239
 31
0.0
  0
LINE
  5
14B
330
1F
100
AcDbEntity
  8
0
  6
Continuous
 62
     7
370
    25
100
AcDbLine
 10
202.9205336279381
 20
364.214328286024
 30
0.0
 11
204.4205336279384
 21
364.214328286024
 31
0.0
  0
ARC
  5
14C
330
1F
100
AcDbEntity
  8
0
  6
Continuous
 62
     7
370
    25
100
AcDbCircle
 10
202.4205336279381
 20
364.214328286024
 30
0.0
 40
0.5
100
AcDbArc
 50
0.0
 51
270.0
  0
LINE
  5
14D
330
1F
100
AcDbEntity
  8
0
  6
Continuous
 62
     7
370
    25
100
AcDbLine
 10
202.4205336279381
 20
361.8695282860239
 30
0.0
 11
202.4205336279381
 21
363.714328286024
 31
0.0
  0
ARC
  5
14E
330
1F
100
AcDbEntity
  8
0
  6
Continuous
 62
     7
370
    25
100
AcDbCircle
 10
202.4205336279381
 20
361.3695282860239
 30
0.0
 40
0.5
100
AcDbArc
 50
90.0
 51
0.0
  0
LINE
  5
14F
330
1F
100
AcDbEntity
  8
0
  6
Continuous
 62
     7
370
    25
100
AcDbLine
 10
204.4205336279384
 20
361.3695282860239
 30
0.0
 11
202.9205336279381
 21
361.3695282860239
 31
0.0
  0
LINE
  5
150
330
1F
100
AcDbEntity
  8
0
  6
Continuous
 62
     7
370
    25
100
AcDbLine
 10
204.4205336279384
 20
360.1169282860239
 30
0.0
 11
204.4205336279384
 21
361.3695282860239
 31
0.0
  0
ARC
  5
151
330
1F
100
AcDbEntity
  8
0
  6
Continuous
 62
     7
370
    25
100
AcDbCircle
 10
204.4205336279382
 20
359.6169282860239
 30
0.0
 40
0.5000000000001137
100
AcDbArc
 50
89.99999999998697
 51
359.9999999999935
  0
LINE
  5
152
330
1F
100
AcDbEntity
  8
0
  6
Continuous
 62
     7
370
    25
100
AcDbLine
 10
206.3017836279383
 20
359.6169282860238
 30
0.0
 11
204.9205336279384
 21
359.6169282860238
 31
0.0
  0
ARC
  5
153
330
1F
100
AcDbEntity
  8
0
  6
Continuous
 62
     7
370
    25
100
AcDbCircle
 10
206.8017836279383
 20
359.6169282860239
 30
0.0
 40
0.5
100
AcDbArc
 50
180.0000000000065
 51
89.99999999998697
  0
LINE
  5
154
330
1F
100
AcDbEntity
  8
0
  6
Continuous
 62
     7
370
    25
100
AcDbLine
 10
206.8017836279384
 20
361.3695282860239
 30
0.0
 11
206.8017836279384
 21
360.1169282860239
 31
0.0
  0
LINE
  5
155
330
1F
100
AcDbEntity
  8
0
  6
Continuous
 62
     7
370
    25
100
AcDbLine
 10
212.2705336279381
 20
361.3695282860239
 30
0.0
 11
206.8017836279384
 21
361.3695282860239
 31
0.0
  0
LINE
  5
156
330
1F
100
AcDbEntity
  8
0
  6
Continuous
 62
     7
370
    25
100
AcDbLine
 10
212.2705336279381
 20
358.7919282860239
 30
0.0
 11
212.2705336279381
 21
361.3695282860239
 31
0.0
  0
ARC
  5
157
330
1F
100
AcDbEntity
  8
0
  6
Continuous
 62
     7
370
    25
100
AcDbCircle
 10
212.2705336279381
 20
358.2919282860239
 30
0.0
 40
0.5000000000000569
100
AcDbArc
 50
90.0
 51
270.0
  0
LINE
  5
158
330
1F
100
AcDbEntity
  8
0
  6
Continuous
 62
     7
370
    25
100
AcDbLine
 10
215.5205336279382
 20
357.791928286024
 30
0.0
 11
212.2705336279381
 21
357.791928286024
 31
0.0
  0
LINE
  5
159
330
1F
100
AcDbEntity
  8
0
  6
Continuous
 62
     7
370
    25
100
AcDbLine
 10
215.5205336279382
 20
348.791928286024
 30
0.0
 11
215.5205336279382
 21
357.791928286024
 31
0.0
  0
LINE
  5
15A
330
1F
100
AcDbEntity
  8
0
  6
Continuous
 62
     7
370
    25
100
AcDbLine
 10
215.5205336279382
 20
348.791928286024
 30
0.0
 11
212.2705336279381
 21
348.791928286024
 31
0.0
  0
ARC
  5
15B
330
1F
100
AcDbEntity
  8
0
  6
Continuous
 62
     7
370
    25
100
AcDbCircle
 10
212.2705336279381
 20
348.2919282860239
 30
0.0
 40
0.5
100
AcDbArc
 50
90.0
 51
270.0
  0
LINE
  5
15C
330
1F
100
AcDbEntity
  8
0
  6
Continuous
 62
     7
370
    25
100
AcDbLine
 10
212.2705336279381
 20
277.7919282860239
 30
0.0
 11
212.2705336279381
 21
347.791928286024
 31
0.0
  0
LINE
  5
15D
330
1F
100
AcDbEntity
  8
0
  6
Continuous
 62
     7
370
    25
100
AcDbLine
 10
147.5705336279382
 20
277.7919282860239
 30
0.0
 11
212.2705336279381
 21
277.7919282860239
 31
0.0
  0
ARC
  5
15E
330
1F
100
AcDbEntity
  8
0
  6
Continuous
 62
     7
370
    25
100
AcDbCircle
 10
147.0705336279381
 20
277.7919282860237
 30
0.0
 40
0.5000000000001137
100
AcDbArc
 50
0.0000000000195413
 51
180.0000000000065
  0
LINE
  5
15F
330
1F
100
AcDbEntity
  8
0
  6
Continuous
 62
     7
370
    25
100
AcDbLine
 10
146.5705336279382
 20
274.5419282860236
 30
0.0
 11
146.5705336279382
 21
277.7919282860237
 31
0.0
  0
LINE
  5
160
330
1F
100
AcDbEntity
  8
0
  6
Continuous
 62
     7
370
    25
100
AcDbLine
 10
146.5705336279382
 20
274.5419282860236
 30
0.0
 11
137.5705336279382
 21
274.5419282860236
 31
0.0
  0
LINE
  5
161
330
1F
100
AcDbEntity
  8
0
  6
Continuous
 62
     7
370
    25
100
AcDbLine
 10
137.5705336279382
 20
274.5419282860236
 30
0.0
 11
137.5705336279382
 21
277.7919282860237
 31
0.0
  0
ARC
  5
162
330
1F
100
AcDbEntity
  8
0
  6
Continuous
 62
     7
370
    25
100
AcDbCircle
 10
137.0705336279381
 20
277.7919282860237
 30
0.0
 40
0.5000000000001137
100
AcDbArc
 50
359.9999999999935
 51
179.9999999999804
  0
LINE
  5
163
330
1F
100
AcDbEntity
  8
0
  6
Continuous
 62
     7
370
    25
100
AcDbLine
 10
133.9929336279381
 20
277.7919282860235
 30
0.0
 11
136.5705336279382
 21
277.7919282860239
 31
0.0
  0
LINE
  5
164
330
1F
100
AcDbEntity
  8
0
  6
Continuous
 62
     7
370
    25
100
AcDbLine
 10
133.9929336279381
 20
283.2606782860235
 30
0.0
 11
133.9929336279381
 21
277.7919282860235
 31
0.0
  0
LINE
  5
165
330
1F
100
AcDbEntity
  8
0
  6
Continuous
 62
     7
370
    25
100
AcDbLine
 10
135.2455336279382
 20
283.2606782860235
 30
0.0
 11
133.9929336279381
 21
283.2606782860235
 31
0.0
  0
ARC
  5
166
330
1F
100
AcDbEntity
  8
0
  6
Continuous
 62
     7
370
    25
100
AcDbCircle
 10
135.7455336279382
 20
283.2606782860237
 30
0.0
 40
0.5
100
AcDbArc
 50
180.000000000013
 51
90.0
  0
LINE
  5
167
330
1F
100
AcDbEntity
  8
0
  6
Continuous
 62
     7
370
    25
100
AcDbLine
 10
135.7455336279382
 20
285.1419282860236
 30
0.0
 11
135.7455336279382
 21
283.7606782860236
 31
0.0
  0
ARC
  5
168
330
1F
100
AcDbEntity
  8
0
  6
Continuous
 62
     7
370
    25
100
AcDbCircle
 10
135.7455336279382
 20
285.6419282860237
 30
0.0
 40
0.5000000000001137
100
AcDbArc
 50
270.0
 51
180.000000000013
  0
LINE
  5
169
330
1F
100
AcDbEntity
  8
0
  6
Continuous
 62
     7
370
    25
100
AcDbLine
 10
133.9929336279382
 20
285.6419282860236
 30
0.0
 11
135.2455336279382
 21
285.6419282860236
 31
0.0
  0
LINE
  5
16A
330
1F
100
AcDbEntity
  8
0
  6
Continuous
 62
     7
370
    25
100
AcDbLine
 10
133.9929336279382
 20
287.1419282860237
 30
0.0
 11
133.9929336279382
 21
285.6419282860236
 31
0.0
  0
ARC
  5
16B
330
1F
100
AcDbEntity
  8
0
  6
Continuous
 62
     7
370
    25
100
AcDbCircle
 10
133.9929336279381
 20
287.6419282860238
 30
0.0
 40
0.5000000000000569
100
AcDbArc
 50
270.000000000013
 51
180.0
  0
LINE
  5
16C
330
1F
100
AcDbEntity
  8
0
  6
Continuous
 62
     7
370
    25
100
AcDbLine
 10
131.6481336279382
 20
287.6419282860238
 30
0.0
 11
133.4929336279381
 21
287.6419282860238
 31
0.0
  0
ARC
  5
16D
330
1F
100
AcDbEntity
  8
0
  6
Continuous
 62
     7
370
    25
100
AcDbCircle
 10
131.1481336279382
 20
287.6419282860238
 30
0.0
 40
0.5000000000000569
100
AcDbArc
 50
0.0
 51
270.0
  0
LINE
  5
16E
330
1F
100
AcDbEntity
  8
0
  6
Continuous
 62
     7
370
    25
100
AcDbLine
 10
131.1481336279382
 20
285.6419282860236
 30
0.0
 11
131.1481336279382
 21
287.1419282860237
 31
0.0
  0
LINE
  5
16F
330
1F
100
AcDbEntity
  8
0
  6
Continuous
 62
     7
370
    25
100
AcDbLine
 10
129.8955336279381
 20
285.6419282860236
 30
0.0
 11
131.1481336279382
 21
285.6419282860236
 31
0.0
  0
ARC
  5
170
330
1F
100
AcDbEntity
  8
0
  6
Continuous
 62
     7
370
    25
100
AcDbCircle
 10
129.3955336279381
 20
285.6419282860237
 30
0.0
 40
0.5000000000001137
100
AcDbArc
 50
359.999999999987
 51
270.0
  0
LINE
  5
171
330
1F
100
AcDbEntity
  8
0
  6
Continuous
 62
     7
370
    25
100
AcDbLine
 10
129.3955336279381
 20
283.7606782860236
 30
0.0
 11
129.3955336279381
 21
285.1419282860236
 31
0.0
  0
ARC
  5
172
330
1F
100
AcDbEntity
  8
0
  6
Continuous
 62
     7
370
    25
100
AcDbCircle
 10
129.3955336279381
 20
283.2606782860237
 30
0.0
 40
0.5
100
AcDbArc
 50
90.0
 51
359.999999999987
  0
LINE
  5
173
330
1F
100
AcDbEntity
  8
0
  6
Continuous
 62
     7
370
    25
100
AcDbLine
 10
131.1481336279382
 20
283.2606782860235
 30
0.0
 11
129.8955336279381
 21
283.2606782860235
 31
0.0
  0
LINE
  5
174
330
1F
100
AcDbEntity
  8
0
  6
Continuous
 62
     7
370
    25
100
AcDbLine
 10
131.1481336279382
 20
277.7919282860239
 30
0.0
 11
131.1481336279382
 21
283.2606782860235
 31
0.0
  0
LINE
  5
175
330
1F
100
AcDbEntity
  8
0
  6
Continuous
 62
     7
370
    25
100
AcDbLine
 10
128.5705336279382
 20
277.7919282860239
 30
0.0
 11
131.1481336279382
 21
277.7919282860239
 31
0.0
  0
ARC
  5
176
330
1F
100
AcDbEntity
  8
0
  6
Continuous
 62
     7
370
    25
100
AcDbCircle
 10
128.0705336279381
 20
277.7919282860237
 30
0.0
 40
0.5000000000001137
100
AcDbArc
 50
0.0000000000195413
 51
179.9999999999804
  0
LINE
  5
177
330
1F
100
AcDbEntity
  8
0
  6
Continuous
 62
     7
370
    25
100
AcDbLine
 10
127.5705336279382
 20
274.5419282860238
 30
0.0
 11
127.5705336279382
 21
277.7919282860239
 31
0.0
  0
LINE
  5
178
330
1F
100
AcDbEntity
  8
0
  6
Continuous
 62
     7
370
    25
100
AcDbLine
 10
118.5705336279381
 20
274.5419282860238
 30
0.0
 11
127.5705336279382
 21
274.5419282860238
 31
0.0
  0
LINE
  5
179
330
1F
100
AcDbEntity
  8
0
  6
Continuous
 62
     7
370
    25
100
AcDbLine
 10
118.5705336279381
 20
274.5419282860238
 30
0.0
 11
118.5705336279381
 21
277.7919282860239
 31
0.0
  0
ARC
  5
17A
330
1F
100
AcDbEntity
  8
0
  6
Continuous
 62
     7
370
    25
100
AcDbCircle
 10
118.0705336279381
 20
277.7919282860237
 30
0.0
 40
0.5
100
AcDbArc
 50
0.0000000000195413
 51
179.9999999999804
  0
LINE
  5
17B
330
1F
100
AcDbEntity
  8
0
  6
Continuous
 62
     7
370
    25
100
AcDbLine
 10
103.5705336279381
 20
277.7919282860239
 30
0.0
 11
117.5705336279381
 21
277.7919282860239
 31
0.0
  0
ARC
  5
17C
330
1F
100
AcDbEntity
  8
0
  6
Continuous
 62
     7
370
    25
100
AcDbCircle
 10
103.0705336279382
 20
277.7919282860239
 30
0.0
 40
0.4999999999998864
100
AcDbArc
 50
0.0
 51
180.0000000000195
  0
LINE
  5
17D
330
1F
100
AcDbEntity
  8
0
  6
Continuous
 62
     7
370
    25
100
AcDbLine
 10
102.5705336279383
 20
274.5419282860238
 30
0.0
 11
102.5705336279383
 21
277.7919282860237
 31
0.0
  0
LINE
  5
17E
330
1F
100
AcDbEntity
  8
0
  6
Continuous
 62
     7
370
    25
100
AcDbLine
 10
102.5705336279383
 20
274.5419282860238
 30
0.0
 11
93.57053362793834
 21
274.5419282860238
 31
0.0
  0
LINE
  5
17F
330
1F
100
AcDbEntity
  8
0
  6
Continuous
 62
     7
370
    25
100
AcDbLine
 10
93.57053362793834
 20
274.5419282860238
 30
0.0
 11
93.57053362793811
 21
277.7919282860239
 31
0.0
  0
ARC
  5
180
330
1F
100
AcDbEntity
  8
0
  6
Continuous
 62
     7
370
    25
100
AcDbCircle
 10
93.07053362793823
 20
277.7919282860239
 30
0.0
 40
0.5000000000001137
100
AcDbArc
 50
0.0
 51
180.0
  0
LINE
  5
181
330
1F
100
AcDbEntity
  8
0
  6
Continuous
 62
     7
370
    25
100
AcDbLine
 10
89.99293362793816
 20
277.7919282860237
 30
0.0
 11
92.57053362793811
 21
277.7919282860239
 31
0.0
  0
LINE
  5
182
330
1F
100
AcDbEntity
  8
0
  6
Continuous
 62
     7
370
    25
100
AcDbLine
 10
89.99293362793816
 20
283.2606782860237
 30
0.0
 11
89.99293362793816
 21
277.7919282860237
 31
0.0
  0
LINE
  5
183
330
1F
100
AcDbEntity
  8
0
  6
Continuous
 62
     7
370
    25
100
AcDbLine
 10
91.24553362793808
 20
283.2606782860237
 30
0.0
 11
89.99293362793816
 21
283.2606782860237
 31
0.0
  0
ARC
  5
184
330
1F
100
AcDbEntity
  8
0
  6
Continuous
 62
     7
370
    25
100
AcDbCircle
 10
91.74553362793819
 20
283.2606782860238
 30
0.0
 40
0.5000000000001137
100
AcDbArc
 50
180.0000000000065
 51
90.0
  0
LINE
  5
185
330
1F
100
AcDbEntity
  8
0
  6
Continuous
 62
     7
370
    25
100
AcDbLine
 10
91.74553362793819
 20
285.1419282860238
 30
0.0
 11
91.74553362793819
 21
283.7606782860238
 31
0.0
  0
ARC
  5
186
330
1F
100
AcDbEntity
  8
0
  6
Continuous
 62
     7
370
    25
100
AcDbCircle
 10
91.74553362793819
 20
285.6419282860238
 30
0.0
 40
0.5000000000001137
100
AcDbArc
 50
270.0
 51
180.0
  0
LINE
  5
187
330
1F
100
AcDbEntity
  8
0
  6
Continuous
 62
     7
370
    25
100
AcDbLine
 10
89.99293362793816
 20
285.6419282860238
 30
0.0
 11
91.24553362793808
 21
285.6419282860238
 31
0.0
  0
LINE
  5
188
330
1F
100
AcDbEntity
  8
0
  6
Continuous
 62
     7
370
    25
100
AcDbLine
 10
89.99293362793816
 20
287.1419282860239
 30
0.0
 11
89.99293362793816
 21
285.6419282860238
 31
0.0
  0
ARC
  5
189
330
1F
100
AcDbEntity
  8
0
  6
Continuous
 62
     7
370
    25
100
AcDbCircle
 10
89.99293362793816
 20
287.6419282860238
 30
0.0
 40
0.5
100
AcDbArc
 50
270.0
 51
180.0
  0
LINE
  5
18A
330
1F
100
AcDbEntity
  8
0
  6
Continuous
 62
     7
370
    25
100
AcDbLine
 10
87.6481336279382
 20
287.6419282860238
 30
0.0
 11
89.49293362793815
 21
287.6419282860238
 31
0.0
  0
ARC
  5
18B
330
1F
100
AcDbEntity
  8
0
  6
Continuous
 62
     7
370
    25
100
AcDbCircle
 10
87.14813362793819
 20
287.6419282860238
 30
0.0
 40
0.5
100
AcDbArc
 50
0.0
 51
270.0
  0
LINE
  5
18C
330
1F
100
AcDbEntity
  8
0
  6
Continuous
 62
     7
370
    25
100
AcDbLine
 10
87.14813362793819
 20
285.6419282860238
 30
0.0
 11
87.14813362793819
 21
287.1419282860239
 31
0.0
  0
LINE
  5
18D
330
1F
100
AcDbEntity
  8
0
  6
Continuous
 62
     7
370
    25
100
AcDbLine
 10
85.89553362793816
 20
285.6419282860238
 30
0.0
 11
87.14813362793819
 21
285.6419282860238
 31
0.0
  0
ARC
  5
18E
330
1F
100
AcDbEntity
  8
0
  6
Continuous
 62
     7
370
    25
100
AcDbCircle
 10
85.39553362793805
 20
285.6419282860238
 30
0.0
 40
0.5000000000001137
100
AcDbArc
 50
0.0
 51
270.0
  0
LINE
  5
18F
330
1F
100
AcDbEntity
  8
0
  6
Continuous
 62
     7
370
    25
100
AcDbLine
 10
85.39553362793805
 20
283.7606782860238
 30
0.0
 11
85.39553362793805
 21
285.1419282860238
 31
0.0
  0
ARC
  5
190
330
1F
100
AcDbEntity
  8
0
  6
Continuous
 62
     7
370
    25
100
AcDbCircle
 10
85.39553362793805
 20
283.2606782860238
 30
0.0
 40
0.5000000000001137
100
AcDbArc
 50
90.0
 51
359.9999999999935
  0
LINE
  5
191
330
1F
100
AcDbEntity
  8
0
  6
Continuous
 62
     7
370
    25
100
AcDbLine
 10
87.14813362793808
 20
283.2606782860237
 30
0.0
 11
85.89553362793816
 21
283.2606782860237
 31
0.0
  0
LINE
  5
192
330
1F
100
AcDbEntity
  8
0
  6
Continuous
 62
     7
370
    25
100
AcDbLine
 10
87.14813362793808
 20
277.7919282860239
 30
0.0
 11
87.14813362793808
 21
283.2606782860237
 31
0.0
  0
LINE
  5
193
330
1F
100
AcDbEntity
  8
0
  6
Continuous
 62
     7
370
    25
100
AcDbLine
 10
84.57053362793812
 20
277.7919282860239
 30
0.0
 11
87.14813362793808
 21
277.7919282860239
 31
0.0
  0
ARC
  5
194
330
1F
100
AcDbEntity
  8
0
  6
Continuous
 62
     7
370
    25
100
AcDbCircle
 10
84.07053362793822
 20
277.7919282860239
 30
0.0
 40
0.5000000000001137
100
AcDbArc
 50
0.0
 51
180.0
  0
LINE
  5
195
330
1F
100
AcDbEntity
  8
0
  6
Continuous
 62
     7
370
    25
100
AcDbLine
 10
83.57053362793834
 20
274.5419282860239
 30
0.0
 11
83.57053362793811
 21
277.7919282860239
 31
0.0
  0
LINE
  5
196
330
1F
100
AcDbEntity
  8
0
  6
Continuous
 62
     7
370
    25
100
AcDbLine
 10
74.57053362793835
 20
274.5419282860239
 30
0.0
 11
83.57053362793834
 21
274.5419282860239
 31
0.0
  0
LINE
  5
197
330
1F
100
AcDbEntity
  8
0
  6
Continuous
 62
     7
370
    25
100
AcDbLine
 10
74.57053362793835
 20
274.5419282860239
 30
0.0
 11
74.57053362793812
 21
277.7919282860239
 31
0.0
  0
ARC
  5
198
330
1F
100
AcDbEntity
  8
0
  6
Continuous
 62
     7
370
    25
100
AcDbCircle
 10
74.07053362793823
 20
277.7919282860239
 30
0.0
 40
0.5000000000001137
100
AcDbArc
 50
0.0
 51
180.0
  0
LINE
  5
199
330
1F
100
AcDbEntity
  8
0
  6
Continuous
 62
     7
370
    25
100
AcDbLine
 10
8.870533627938129
 20
277.7919282860239
 30
0.0
 11
73.57053362793812
 21
277.7919282860239
 31
0.0
  0
LINE
  5
19A
330
1F
100
AcDbEntity
  8
0
  6
Continuous
 62
     7
370
    25
100
AcDbLine
 10
8.870533627938129
 20
347.291928286024
 30
0.0
 11
8.870533627938129
 21
277.7919282860239
 31
0.0
  0
ARC
  5
19B
330
1F
100
AcDbEntity
  8
0
  6
Continuous
 62
     7
370
    25
100
AcDbCircle
 10
8.870533627938016
 20
348.041928286024
 30
0.0
 40
0.75
100
AcDbArc
 50
270.0000000000098
 51
89.99999999999023
  0
LINE
  5
19C
330
1F
100
AcDbEntity
  8
0
  6
Continuous
 62
     7
370
    25
100
AcDbLine
 10
5.620533627938073
 20
348.791928286024
 30
0.0
 11
8.870533627938129
 21
348.791928286024
 31
0.0
  0
LINE
  5
19D
330
1F
100
AcDbEntity
  8
0
  6
Continuous
 62
     7
370
    25
100
AcDbLine
 10
5.620533627938073
 20
348.791928286024
 30
0.0
 11
5.620533627938073
 21
357.791928286024
 31
0.0
  0
LINE
  5
19E
330
1F
100
AcDbEntity
  8
0
  6
Continuous
 62
     7
370
    25
100
AcDbLine
 10
5.620533627938073
 20
357.791928286024
 30
0.0
 11
8.870533627938016
 21
357.791928286024
 31
0.0
  0
ARC
  5
19F
330
1F
100
AcDbEntity
  8
0
  6
Continuous
 62
     7
370
    25
100
AcDbCircle
 10
8.870533627938016
 20
358.541928286024
 30
0.0
 40
0.75
100
AcDbArc
 50
270.0
 51
89.99999999999023
  0
LINE
  5
1A0
330
1F
100
AcDbEntity
  8
0
  6
Continuous
 62
     7
370
    25
100
AcDbLine
 10
8.870533627937959
 20
361.3695282860239
 30
0.0
 11
8.870533627938129
 21
359.291928286024
 31
0.0
  0
LINE
  5
1A1
330
1F
100
AcDbEntity
  8
0
  6
Continuous
 62
     7
370
    25
100
AcDbLine
 10
14.33928362793796
 20
361.3695282860239
 30
0.0
 11
8.870533627937959
 21
361.3695282860239
 31
0.0
  0
LINE
  5
1A2
330
1F
100
AcDbEntity
  8
0
  6
Continuous
 62
     7
370
    25
100
AcDbLine
 10
14.33928362793796
 20
360.1169282860239
 30
0.0
 11
14.33928362793796
 21
361.3695282860239
 31
0.0
  0
ARC
  5
1A3
330
1F
100
AcDbEntity
  8
0
  6
Continuous
 62
     7
370
    25
100
AcDbCircle
 10
14.33928362793807
 20
359.6169282860239
 30
0.0
 40
0.5
100
AcDbArc
 50
90.00000000001303
 51
0.0
  0
LINE
  5
1A4
330
1F
100
AcDbEntity
  8
0
  6
Continuous
 62
     7
370
    25
100
AcDbLine
 10
16.22053362793798
 20
359.6169282860239
 30
0.0
 11
14.83928362793801
 21
359.6169282860239
 31
0.0
  0
ARC
  5
1A5
330
1F
100
AcDbEntity
  8
0
  6
Continuous
 62
     7
370
    25
100
AcDbCircle
 10
16.72053362793804
 20
359.6169282860239
 30
0.0
 40
0.5000000000000569
100
AcDbArc
 50
180.0
 51
90.00000000000651
  0
LINE
  5
1A6
330
1F
100
AcDbEntity
  8
0
  6
Continuous
 62
     7
370
    25
100
AcDbLine
 10
16.72053362793798
 20
361.3695282860239
 30
0.0
 11
16.72053362793798
 21
360.1169282860239
 31
0.0
  0
LINE
  5
1A7
330
1F
100
AcDbEntity
  8
0
  6
Continuous
 62
     7
370
    25
100
AcDbLine
 10
18.22053362793821
 20
361.3695282860239
 30
0.0
 11
16.72053362793798
 21
361.3695282860239
 31
0.0
  0
ARC
  5
1A8
330
1F
100
AcDbEntity
  8
0
  6
Continuous
 62
     7
370
    25
100
AcDbCircle
 10
18.72053362793815
 20
361.369528286024
 30
0.0
 40
0.5
100
AcDbArc
 50
180.0000000000065
 51
90.0
  0
LINE
  5
1A9
330
1F
100
AcDbEntity
  8
0
  6
Continuous
 62
     7
370
    25
100
AcDbLine
 10
18.72053362793815
 20
363.714328286024
 30
0.0
 11
18.72053362793815
 21
361.869528286024
 31
0.0
  0
ARC
  5
1AA
330
1F
100
AcDbEntity
  8
0
  6
Continuous
 62
     7
370
    25
100
AcDbCircle
 10
18.72053362793815
 20
364.214328286024
 30
0.0
 40
0.5
100
AcDbArc
 50
270.0
 51
180.0
  0
LINE
  5
1AB
330
1F
100
AcDbEntity
  8
0
  6
Continuous
 62
     7
370
    25
100
AcDbLine
 10
16.72053362793798
 20
364.214328286024
 30
0.0
 11
18.22053362793821
 21
364.214328286024
 31
0.0
  0
LINE
  5
1AC
330
1F
100
AcDbEntity
  8
0
  6
Continuous
 62
     7
370
    25
100
AcDbLine
 10
16.72053362793798
 20
365.4669282860239
 30
0.0
 11
16.72053362793798
 21
364.214328286024
 31
0.0
  0
ARC
  5
1AD
330
1F
100
AcDbEntity
  8
0
  6
Continuous
 62
     7
370
    25
100
AcDbCircle
 10
16.72053362793804
 20
365.9669282860239
 30
0.0
 40
0.5000000000000569
100
AcDbArc
 50
269.9999999999935
 51
179.9999999999935
  0
LINE
  5
1AE
330
1F
100
AcDbEntity
  8
0
  6
Continuous
 62
     7
370
    25
100
AcDbLine
 10
14.83928362793801
 20
365.966928286024
 30
0.0
 11
16.22053362793798
 21
365.966928286024
 31
0.0
  0
ARC
  5
1AF
330
1F
100
AcDbEntity
  8
0
  6
Continuous
 62
     7
370
    25
100
AcDbCircle
 10
14.33928362793807
 20
365.9669282860239
 30
0.0
 40
0.5
100
AcDbArc
 50
0.0000000000065138
 51
269.999999999987
  0
LINE
  5
1B0
330
1F
100
AcDbEntity
  8
0
  6
Continuous
 62
     7
370
    25
100
AcDbLine
 10
14.33928362793796
 20
364.214328286024
 30
0.0
 11
14.33928362793796
 21
365.4669282860239
 31
0.0
  0
LINE
  5
1B1
330
1F
100
AcDbEntity
  8
0
  6
Continuous
 62
     7
370
    25
100
AcDbLine
 10
8.870533627938129
 20
364.214328286024
 30
0.0
 11
14.33928362793796
 21
364.214328286024
 31
0.0
  0
LINE
  5
1B2
330
1F
100
AcDbEntity
  8
0
  6
Continuous
 62
     7
370
    25
100
AcDbLine
 10
8.870533627938129
 20
366.291928286024
 30
0.0
 11
8.870533627938129
 21
364.214328286024
 31
0.0
  0
ARC
  5
1B3
330
1F
100
AcDbEntity
  8
0
  6
Continuous
 62
     7
370
    25
100
AcDbCircle
 10
8.870533627938129
 20
367.0419282860239
 30
0.0
 40
0.7500000000000569
100
AcDbArc
 50
270.0
 51
90.0
  0
LINE
  5
1B4
330
1F
100
AcDbEntity
  8
0
  6
Continuous
 62
     7
370
    25
100
AcDbLine
 10
5.620533627938186
 20
367.7919282860239
 30
0.0
 11
8.870533627938129
 21
367.791928286024
 31
0.0
  0
LINE
  5
1B5
330
1F
100
AcDbEntity
  8
0
  6
Continuous
 62
     7
370
    25
100
AcDbLine
 10
5.620533627938186
 20
376.7919282860239
 30
0.0
 11
5.620533627938186
 21
367.7919282860239
 31
0.0
  0
LINE
  5
1B6
330
1F
100
AcDbEntity
  8
0
  6
Continuous
 62
     7
370
    25
100
AcDbLine
 10
5.620533627938186
 20
376.7919282860239
 30
0.0
 11
8.870533627938129
 21
376.7919282860239
 31
0.0
  0
ARC
  5
1B7
330
1F
100
AcDbEntity
  8
0
  6
Continuous
 62
     7
370
    25
100
AcDbCircle
 10
8.870533627938129
 20
377.5419282860239
 30
0.0
 40
0.75
100
AcDbArc
 50
270.0
 51
90.0
  0
LINE
  5
1B8
330
1F
100
AcDbEntity
  8
0
  6
Continuous
 62
     7
370
    25
100
AcDbLine
 10
8.870533627938129
 20
447.7919282860239
 30
0.0
 11
8.870533627938129
 21
378.2919282860239
 31
0.0
  0
LINE
  5
1B9
330
1F
100
AcDbEntity
  8
0
  6
Continuous
 62
     7
370
    25
100
AcDbLine
 10
73.57053362793812
 20
447.7919282860239
 30
0.0
 11
8.870533627938129
 21
447.7919282860239
 31
0.0
  0
ARC
  5
1BA
330
1F
100
AcDbEntity
  8
0
  6
Continuous
 62
     7
370
    25
100
AcDbCircle
 10
74.07053362793823
 20
447.7919282860239
 30
0.0
 40
0.5000000000001137
100
AcDbArc
 50
180.0
 51
0.0
  0
LINE
  5
1BB
330
1F
100
AcDbEntity
  8
0
  6
Continuous
 62
     7
370
    25
100
AcDbLine
 10
74.57053362793812
 20
451.0419282860239
 30
0.0
 11
74.57053362793812
 21
447.7919282860239
 31
0.0
  0
LINE
  5
1BC
330
1F
100
AcDbEntity
  8
0
  6
Continuous
 62
     7
370
    25
100
AcDbLine
 10
83.57053362793811
 20
451.0419282860239
 30
0.0
 11
74.57053362793812
 21
451.0419282860239
 31
0.0
  0
LINE
  5
1BD
330
1F
100
AcDbEntity
  8
0
  6
Continuous
 62
     7
370
    25
100
AcDbLine
 10
83.57053362793811
 20
451.0419282860239
 30
0.0
 11
83.57053362793811
 21
447.7919282860239
 31
0.0
  0
ARC
  5
1BE
330
1F
100
AcDbEntity
  8
0
  6
Continuous
 62
     7
370
    25
100
AcDbCircle
 10
84.07053362793822
 20
447.7919282860239
 30
0.0
 40
0.5000000000001137
100
AcDbArc
 50
180.0
 51
0.0
  0
LINE
  5
1BF
330
1F
100
AcDbEntity
  8
0
  6
Continuous
 62
     7
370
    25
100
AcDbLine
 10
87.14813362793808
 20
447.791928286024
 30
0.0
 11
84.57053362793812
 21
447.7919282860239
 31
0.0
  0
LINE
  5
1C0
330
1F
100
AcDbEntity
  8
0
  6
Continuous
 62
     7
370
    25
100
AcDbLine
 10
87.14813362793808
 20
447.791928286024
 30
0.0
 11
87.14813362793808
 21
442.323178286024
 31
0.0
  0
LINE
  5
1C1
330
1F
100
AcDbEntity
  8
0
  6
Continuous
 62
     7
370
    25
100
AcDbLine
 10
87.14813362793808
 20
442.323178286024
 30
0.0
 11
85.89553362793816
 21
442.323178286024
 31
0.0
  0
ARC
  5
1C2
330
1F
100
AcDbEntity
  8
0
  6
Continuous
 62
     7
370
    25
100
AcDbCircle
 10
85.39553362793805
 20
442.323178286024
 30
0.0
 40
0.5000000000001137
100
AcDbArc
 50
0.0000000000130276
 51
270.0
  0
LINE
  5
1C3
330
1F
100
AcDbEntity
  8
0
  6
Continuous
 62
     7
370
    25
100
AcDbLine
 10
85.39553362793805
 20
441.8231782860241
 30
0.0
 11
85.39553362793805
 21
440.441928286024
 31
0.0
  0
ARC
  5
1C4
330
1F
100
AcDbEntity
  8
0
  6
Continuous
 62
     7
370
    25
100
AcDbCircle
 10
85.39553362793805
 20
439.941928286024
 30
0.0
 40
0.5000000000001137
100
AcDbArc
 50
90.0
 51
0.0000000000130276
  0
LINE
  5
1C5
330
1F
100
AcDbEntity
  8
0
  6
Continuous
 62
     7
370
    25
100
AcDbLine
 10
85.89553362793816
 20
439.941928286024
 30
0.0
 11
87.14813362793808
 21
439.941928286024
 31
0.0
  0
LINE
  5
1C6
330
1F
100
AcDbEntity
  8
0
  6
Continuous
 62
     7
370
    25
100
AcDbLine
 10
87.14813362793808
 20
439.941928286024
 30
0.0
 11
87.14813362793808
 21
438.4419282860239
 31
0.0
  0
ARC
  5
1C7
330
1F
100
AcDbEntity
  8
0
  6
Continuous
 62
     7
370
    25
100
AcDbCircle
 10
87.14813362793808
 20
437.9419282860239
 30
0.0
 40
0.5000000000001137
100
AcDbArc
 50
90.0
 51
0.0
  0
LINE
  5
1C8
330
1F
100
AcDbEntity
  8
0
  6
Continuous
 62
     7
370
    25
100
AcDbLine
 10
87.6481336279382
 20
437.9419282860239
 30
0.0
 11
89.49293362793815
 21
437.9419282860239
 31
0.0
  0
ARC
  5
1C9
330
1F
100
AcDbEntity
  8
0
  6
Continuous
 62
     7
370
    25
100
AcDbCircle
 10
89.99293362793816
 20
437.9419282860239
 30
0.0
 40
0.5
100
AcDbArc
 50
180.0
 51
90.0
  0
LINE
  5
1CA
330
1F
100
AcDbEntity
  8
0
  6
Continuous
 62
     7
370
    25
100
AcDbLine
 10
89.99293362793816
 20
438.4419282860239
 30
0.0
 11
89.99293362793816
 21
439.941928286024
 31
0.0
  0
LINE
  5
1CB
330
1F
100
AcDbEntity
  8
0
  6
Continuous
 62
     7
370
    25
100
AcDbLine
 10
89.99293362793816
 20
439.941928286024
 30
0.0
 11
91.24553362793808
 21
439.941928286024
 31
0.0
  0
ARC
  5
1CC
330
1F
100
AcDbEntity
  8
0
  6
Continuous
 62
     7
370
    25
100
AcDbCircle
 10
91.74553362793819
 20
439.941928286024
 30
0.0
 40
0.5000000000001137
100
AcDbArc
 50
179.999999999987
 51
90.0
  0
LINE
  5
1CD
330
1F
100
AcDbEntity
  8
0
  6
Continuous
 62
     7
370
    25
100
AcDbLine
 10
91.74553362793819
 20
440.441928286024
 30
0.0
 11
91.74553362793819
 21
441.8231782860241
 31
0.0
  0
ARC
  5
1CE
330
1F
100
AcDbEntity
  8
0
  6
Continuous
 62
     7
370
    25
100
AcDbCircle
 10
91.74553362793819
 20
442.323178286024
 30
0.0
 40
0.5000000000001137
100
AcDbArc
 50
270.0
 51
179.999999999987
  0
LINE
  5
1CF
330
1F
100
AcDbEntity
  8
0
  6
Continuous
 62
     7
370
    25
100
AcDbLine
 10
91.24553362793808
 20
442.323178286024
 30
0.0
 11
89.99293362793816
 21
442.323178286024
 31
0.0
  0
LINE
  5
1D0
330
1F
100
AcDbEntity
  8
0
  6
Continuous
 62
     7
370
    25
100
AcDbLine
 10
89.99293362793816
 20
442.323178286024
 30
0.0
 11
89.99293362793816
 21
447.7919282860239
 31
0.0
  0
LINE
  5
1D1
330
1F
100
AcDbEntity
  8
0
  6
Continuous
 62
     7
370
    25
100
AcDbLine
 10
92.57053362793811
 20
447.7919282860239
 30
0.0
 11
89.99293362793816
 21
447.7919282860239
 31
0.0
  0
ARC
  5
1D2
330
1F
100
AcDbEntity
  8
0
  6
Continuous
 62
     7
370
    25
100
AcDbCircle
 10
93.07053362793812
 20
447.7919282860239
 30
0.0
 40
0.5
100
AcDbArc
 50
180.0
 51
0.0
  0
LINE
  5
1D3
330
1F
100
AcDbEntity
  8
0
  6
Continuous
 62
     7
370
    25
100
AcDbLine
 10
93.57053362793811
 20
451.0419282860239
 30
0.0
 11
93.57053362793811
 21
447.7919282860239
 31
0.0
  0
LINE
  5
1D4
330
1F
100
AcDbEntity
  8
0
  6
Continuous
 62
     7
370
    25
100
AcDbLine
 10
102.5705336279381
 20
451.0419282860238
 30
0.0
 11
93.57053362793811
 21
451.0419282860239
 31
0.0
  0
LINE
  5
1D5
330
1F
100
AcDbEntity
  8
0
  6
Continuous
 62
     7
370
    25
100
AcDbLine
 10
102.5705336279381
 20
451.0419282860238
 30
0.0
 11
102.5705336279381
 21
447.7919282860239
 31
0.0
  0
ARC
  5
1D6
330
1F
100
AcDbEntity
  8
0
  6
Continuous
 62
     7
370
    25
100
AcDbCircle
 10
103.0705336279381
 20
447.791928286024
 30
0.0
 40
0.5
100
AcDbArc
 50
180.0000000000065
 51
359.9999999999935
  0
LINE
  5
1D7
330
1F
100
AcDbEntity
  8
0
  6
Continuous
 62
     7
370
    25
100
AcDbLine
 10
117.5705336279381
 20
447.7919282860239
 30
0.0
 11
103.5705336279381
 21
447.7919282860239
 31
0.0
  0
ARC
  5
1D8
330
1F
100
AcDbEntity
  8
0
  6
Continuous
 62
     7
370
    25
100
AcDbCircle
 10
118.0705336279381
 20
447.791928286024
 30
0.0
 40
0.5
100
AcDbArc
 50
180.000000000013
 51
359.999999999987
  0
LINE
  5
1D9
330
1F
100
AcDbEntity
  8
0
  6
Continuous
 62
     7
370
    25
100
AcDbLine
 10
118.570533627938
 20
451.0419282860239
 30
0.0
 11
118.5705336279381
 21
447.7919282860239
 31
0.0
  0
LINE
  5
1DA
330
1F
100
AcDbEntity
  8
0
  6
Continuous
 62
     7
370
    25
100
AcDbLine
 10
127.5705336279381
 20
451.0419282860238
 30
0.0
 11
118.570533627938
 21
451.0419282860239
 31
0.0
  0
LINE
  5
1DB
330
1F
100
AcDbEntity
  8
0
  6
Continuous
 62
     7
370
    25
100
AcDbLine
 10
127.5705336279381
 20
451.0419282860238
 30
0.0
 11
127.5705336279381
 21
447.7919282860239
 31
0.0
  0
ARC
  5
1DC
330
1F
100
AcDbEntity
  8
0
  6
Continuous
 62
     7
370
    25
100
AcDbCircle
 10
128.0705336279381
 20
447.791928286024
 30
0.0
 40
0.5000000000001137
100
AcDbArc
 50
180.0000000000195
 51
359.9999999999805
  0
LINE
  5
1DD
330
1F
100
AcDbEntity
  8
0
  6
Continuous
 62
     7
370
    25
100
AcDbLine
 10
131.1481336279382
 20
447.7919282860242
 30
0.0
 11
128.5705336279382
 21
447.7919282860239
 31
0.0
  0
LINE
  5
1DE
330
1F
100
AcDbEntity
  8
0
  6
Continuous
 62
     7
370
    25
100
AcDbLine
 10
131.1481336279382
 20
447.7919282860242
 30
0.0
 11
131.1481336279382
 21
442.3231782860242
 31
0.0
  0
LINE
  5
1DF
330
1F
100
AcDbEntity
  8
0
  6
Continuous
 62
     7
370
    25
100
AcDbLine
 10
131.1481336279382
 20
442.3231782860242
 30
0.0
 11
129.895533627938
 21
442.3231782860242
 31
0.0
  0
ARC
  5
1E0
330
1F
100
AcDbEntity
  8
0
  6
Continuous
 62
     7
370
    25
100
AcDbCircle
 10
129.3955336279381
 20
442.3231782860241
 30
0.0
 40
0.4999999999998864
100
AcDbArc
 50
0.0000000000130276
 51
270.0
  0
LINE
  5
1E1
330
1F
100
AcDbEntity
  8
0
  6
Continuous
 62
     7
370
    25
100
AcDbLine
 10
129.3955336279381
 20
441.8231782860242
 30
0.0
 11
129.3955336279381
 21
440.4419282860242
 31
0.0
  0
ARC
  5
1E2
330
1F
100
AcDbEntity
  8
0
  6
Continuous
 62
     7
370
    25
100
AcDbCircle
 10
129.3955336279381
 20
439.9419282860241
 30
0.0
 40
0.5000000000001137
100
AcDbArc
 50
90.0
 51
0.0000000000130276
  0
LINE
  5
1E3
330
1F
100
AcDbEntity
  8
0
  6
Continuous
 62
     7
370
    25
100
AcDbLine
 10
129.895533627938
 20
439.9419282860242
 30
0.0
 11
131.1481336279382
 21
439.9419282860242
 31
0.0
  0
LINE
  5
1E4
330
1F
100
AcDbEntity
  8
0
  6
Continuous
 62
     7
370
    25
100
AcDbLine
 10
131.1481336279382
 20
439.9419282860242
 30
0.0
 11
131.1481336279382
 21
438.441928286024
 31
0.0
  0
ARC
  5
1E5
330
1F
100
AcDbEntity
  8
0
  6
Continuous
 62
     7
370
    25
100
AcDbCircle
 10
131.1481336279382
 20
437.9419282860241
 30
0.0
 40
0.4999999999999432
100
AcDbArc
 50
90.0
 51
0.0
  0
LINE
  5
1E6
330
1F
100
AcDbEntity
  8
0
  6
Continuous
 62
     7
370
    25
100
AcDbLine
 10
131.6481336279381
 20
437.9419282860241
 30
0.0
 11
133.4929336279381
 21
437.9419282860241
 31
0.0
  0
ARC
  5
1E7
330
1F
100
AcDbEntity
  8
0
  6
Continuous
 62
     7
370
    25
100
AcDbCircle
 10
133.9929336279381
 20
437.9419282860241
 30
0.0
 40
0.5
100
AcDbArc
 50
180.0
 51
90.0
  0
LINE
  5
1E8
330
1F
100
AcDbEntity
  8
0
  6
Continuous
 62
     7
370
    25
100
AcDbLine
 10
133.9929336279381
 20
438.441928286024
 30
0.0
 11
133.9929336279381
 21
439.9419282860242
 31
0.0
  0
LINE
  5
1E9
330
1F
100
AcDbEntity
  8
0
  6
Continuous
 62
     7
370
    25
100
AcDbLine
 10
133.9929336279381
 20
439.9419282860242
 30
0.0
 11
135.2455336279382
 21
439.9419282860242
 31
0.0
  0
ARC
  5
1EA
330
1F
100
AcDbEntity
  8
0
  6
Continuous
 62
     7
370
    25
100
AcDbCircle
 10
135.7455336279381
 20
439.9419282860241
 30
0.0
 40
0.5000000000001137
100
AcDbArc
 50
179.999999999987
 51
90.0
  0
LINE
  5
1EB
330
1F
100
AcDbEntity
  8
0
  6
Continuous
 62
     7
370
    25
100
AcDbLine
 10
135.7455336279381
 20
440.4419282860242
 30
0.0
 11
135.7455336279381
 21
441.8231782860242
 31
0.0
  0
ARC
  5
1EC
330
1F
100
AcDbEntity
  8
0
  6
Continuous
 62
     7
370
    25
100
AcDbCircle
 10
135.7455336279381
 20
442.3231782860241
 30
0.0
 40
0.4999999999998864
100
AcDbArc
 50
270.0
 51
179.999999999987
  0
LINE
  5
1ED
330
1F
100
AcDbEntity
  8
0
  6
Continuous
 62
     7
370
    25
100
AcDbLine
 10
135.2455336279382
 20
442.3231782860242
 30
0.0
 11
133.9929336279381
 21
442.3231782860242
 31
0.0
  0
LINE
  5
1EE
330
1F
100
AcDbEntity
  8
0
  6
Continuous
 62
     7
370
    25
100
AcDbLine
 10
133.9929336279381
 20
442.3231782860242
 30
0.0
 11
133.9929336279381
 21
447.7919282860239
 31
0.0
  0
LINE
  5
1EF
330
1F
100
AcDbEntity
  8
0
  6
Continuous
 62
     7
370
    25
100
AcDbLine
 10
136.5705336279381
 20
447.7919282860239
 30
0.0
 11
133.9929336279381
 21
447.7919282860239
 31
0.0
  0
ARC
  5
1F0
330
1F
100
AcDbEntity
  8
0
  6
Continuous
 62
     7
370
    25
100
AcDbCircle
 10
137.0705336279381
 20
447.791928286024
 30
0.0
 40
0.5
100
AcDbArc
 50
180.0000000000195
 51
359.9999999999805
  0
LINE
  5
1F1
330
1F
100
AcDbEntity
  8
0
  6
Continuous
 62
     7
370
    25
100
AcDbLine
 10
137.5705336279381
 20
451.0419282860239
 30
0.0
 11
137.5705336279381
 21
447.7919282860239
 31
0.0
  0
LINE
  5
1F2
330
1F
100
AcDbEntity
  8
0
  6
Continuous
 62
     7
370
    25
100
AcDbLine
 10
146.5705336279381
 20
451.0419282860238
 30
0.0
 11
137.5705336279381
 21
451.0419282860239
 31
0.0
  0
LINE
  5
1F3
330
1F
100
AcDbEntity
  8
0
  6
Continuous
 62
     7
370
    25
100
AcDbLine
 10
146.5705336279381
 20
451.0419282860238
 30
0.0
 11
146.5705336279381
 21
447.7919282860239
 31
0.0
  0
ARC
  5
1F4
330
1F
100
AcDbEntity
  8
0
  6
Continuous
 62
     7
370
    25
100
AcDbCircle
 10
147.0705336279381
 20
447.791928286024
 30
0.0
 40
0.5
100
AcDbArc
 50
180.000000000026
 51
359.999999999974
  0
LINE
  5
1F5
330
1F
100
AcDbEntity
  8
0
  6
Continuous
 62
     7
370
    25
100
AcDbLine
 10
212.2705336279381
 20
447.7919282860239
 30
0.0
 11
147.5705336279381
 21
447.7919282860239
 31
0.0
  0
LINE
  5
1F6
330
1F
100
AcDbEntity
  8
0
  6
Continuous
 62
     7
370
    25
100
AcDbLine
 10
212.2705336279381
 20
377.7919282860239
 30
0.0
 11
212.2705336279381
 21
447.7919282860239
 31
0.0
  0
ARC
  5
1F7
330
1F
100
AcDbEntity
  8
0
  6
Continuous
 62
     7
370
    25
100
AcDbCircle
 10
212.2705336279381
 20
377.2919282860239
 30
0.0
 40
0.5
100
AcDbArc
 50
90.0
 51
270.000000000013
  0
LINE
  5
1F8
330
1F
100
AcDbEntity
  8
0
  6
Continuous
 62
     7
370
    25
100
AcDbLine
 10
215.5205336279383
 20
376.7919282860239
 30
0.0
 11
212.2705336279383
 21
376.7919282860239
 31
0.0
  0
LINE
  5
1F9
330
1F
100
AcDbEntity
  8
0
  6
Continuous
 62
     7
370
    25
100
AcDbLine
 10
215.5205336279383
 20
376.7919282860239
 30
0.0
 11
215.5205336279383
 21
367.7919282860239
 31
0.0
  0
LINE
  5
1FA
330
1F
100
AcDbEntity
  8
0
  6
Continuous
 62
     7
370
    25
100
AcDbLine
 10
215.5205336279383
 20
367.7919282860239
 30
0.0
 11
212.2705336279383
 21
367.7919282860239
 31
0.0
  0
ARC
  5
1FB
330
1F
100
AcDbEntity
  8
0
  6
Continuous
 62
     7
370
    25
100
AcDbCircle
 10
212.2705336279381
 20
367.2919282860239
 30
0.0
 40
0.5
100
AcDbArc
 50
89.99999999998697
 51
270.0
  0
LINE
  5
1FC
330
1F
100
AcDbEntity
  8
0
  6
Continuous
 62
     7
370
    25
100
AcDbLine
 10
195.5955336279382
 20
395.3419282860239
 30
0.0
 11
195.5955336279382
 21
397.0919282860239
 31
0.0
  0
ARC
  5
1FD
330
1F
100
AcDbEntity
  8
0
  6
Continuous
 62
     7
370
    25
100
AcDbCircle
 10
195.5955336279382
 20
397.8419282860239
 30
0.0
 40
0.75
100
AcDbArc
 50
270.0
 51
112.6198649480424
  0
ARC
  5
1FE
330
1F
100
AcDbEntity
  8
0
  6
Continuous
 62
     7
370
    25
100
AcDbCircle
 10
191.0955336279382
 20
408.6419282860238
 30
0.0
 40
10.95000000000001
100
AcDbArc
 50
247.3801350519612
 51
292.6198649480424
  0
ARC
  5
1FF
330
1F
100
AcDbEntity
  8
0
  6
Continuous
 62
     7
370
    25
100
AcDbCircle
 10
186.5955336279382
 20
397.8419282860239
 30
0.0
 40
0.75
100
AcDbArc
 50
67.38013505196815
 51
270.0
  0
LINE
  5
200
330
1F
100
AcDbEntity
  8
0
  6
Continuous
 62
     7
370
    25
100
AcDbLine
 10
186.5955336279382
 20
395.3419282860239
 30
0.0
 11
186.5955336279382
 21
397.0919282860239
 31
0.0
  0
ARC
  5
201
330
1F
100
AcDbEntity
  8
0
  6
Continuous
 62
     7
370
    25
100
AcDbCircle
 10
186.5955336279382
 20
394.5919282860239
 30
0.0
 40
0.7500000000000569
100
AcDbArc
 50
90.0
 51
292.6198649480351
  0
ARC
  5
202
330
1F
100
AcDbEntity
  8
0
  6
Continuous
 62
     7
370
    25
100
AcDbCircle
 10
191.0955336279381
 20
383.7919282860239
 30
0.0
 40
10.95000000000002
100
AcDbArc
 50
67.3801350519612
 51
112.6198649480388
  0
ARC
  5
203
330
1F
100
AcDbEntity
  8
0
  6
Continuous
 62
     7
370
    25
100
AcDbCircle
 10
195.5955336279382
 20
394.5919282860239
 30
0.0
 40
0.7500000000000569
100
AcDbArc
 50
247.3801350519506
 51
90.0
  0
ARC
  5
204
330
1F
100
AcDbEntity
  8
0
  6
Continuous
 62
     7
370
    25
100
AcDbCircle
 10
34.54553362793814
 20
394.5919282860239
 30
0.0
 40
0.7500000000000569
100
AcDbArc
 50
247.3801350519576
 51
90.0
  0
LINE
  5
205
330
1F
100
AcDbEntity
  8
0
  6
Continuous
 62
     7
370
    25
100
AcDbLine
 10
34.54553362793814
 20
395.3419282860239
 30
0.0
 11
34.54553362793814
 21
397.0919282860239
 31
0.0
  0
ARC
  5
206
330
1F
100
AcDbEntity
  8
0
  6
Continuous
 62
     7
370
    25
100
AcDbCircle
 10
34.54553362793814
 20
397.8419282860239
 30
0.0
 40
0.75
100
AcDbArc
 50
270.0
 51
112.6198649480424
  0
ARC
  5
207
330
1F
100
AcDbEntity
  8
0
  6
Continuous
 62
     7
370
    25
100
AcDbCircle
 10
30.04553362793814
 20
408.6419282860238
 30
0.0
 40
10.94999999999997
100
AcDbArc
 50
247.3801350519612
 51
292.6198649480424
  0
ARC
  5
208
330
1F
100
AcDbEntity
  8
0
  6
Continuous
 62
     7
370
    25
100
AcDbCircle
 10
25.54553362793814
 20
397.8419282860239
 30
0.0
 40
0.75
100
AcDbArc
 50
67.38013505195756
 51
270.0
  0
LINE
  5
209
330
1F
100
AcDbEntity
  8
0
  6
Continuous
 62
     7
370
    25
100
AcDbLine
 10
25.54553362793814
 20
395.3419282860239
 30
0.0
 11
25.54553362793814
 21
397.0919282860239
 31
0.0
  0
ARC
  5
20A
330
1F
100
AcDbEntity
  8
0
  6
Continuous
 62
     7
370
    25
100
AcDbCircle
 10
25.54553362793814
 20
394.5919282860239
 30
0.0
 40
0.7500000000000569
100
AcDbArc
 50
90.0
 51
292.6198649480494
  0
ARC
  5
20B
330
1F
100
AcDbEntity
  8
0
  6
Continuous
 62
     7
370
    25
100
AcDbCircle
 10
30.04553362793826
 20
383.7919282860239
 30
0.0
 40
10.94999999999997
100
AcDbArc
 50
67.3801350519612
 51
112.6198649480388
  0
ARC
  5
20C
330
1F
100
AcDbEntity
  8
0
  6
Continuous
 62
     7
370
    25
100
AcDbCircle
 10
200.5205336279382
 20
298.2669282860239
 30
0.0
 40
0.7500000000000437
100
AcDbArc
 50
157.3801350519591
 51
0.0
  0
LINE
  5
20D
330
1F
100
AcDbEntity
  8
0
  6
Continuous
 62
     7
370
    25
100
AcDbLine
 10
203.020533627938
 20
298.2669282860239
 30
0.0
 11
201.2705336279382
 21
298.2669282860239
 31
0.0
  0
ARC
  5
20E
330
1F
100
AcDbEntity
  8
0
  6
Continuous
 62
     7
370
    25
100
AcDbCircle
 10
203.7705336279381
 20
298.2669282860239
 30
0.0
 40
0.7500000000001137
100
AcDbArc
 50
180.0
 51
22.61986494804093
  0
ARC
  5
20F
330
1F
100
AcDbEntity
  8
0
  6
Continuous
 62
     7
370
    25
100
AcDbCircle
 10
214.5705336279381
 20
302.7669282860239
 30
0.0
 40
10.94999999999991
100
AcDbArc
 50
157.3801350519591
 51
202.6198649480409
  0
ARC
  5
210
330
1F
100
AcDbEntity
  8
0
  6
Continuous
 62
     7
370
    25
100
AcDbCircle
 10
203.7705336279381
 20
307.2669282860239
 30
0.0
 40
0.7500000000001137
100
AcDbArc
 50
337.3801350519604
 51
180.0
  0
LINE
  5
211
330
1F
100
AcDbEntity
  8
0
  6
Continuous
 62
     7
370
    25
100
AcDbLine
 10
203.020533627938
 20
307.2669282860239
 30
0.0
 11
201.2705336279382
 21
307.2669282860239
 31
0.0
  0
ARC
  5
212
330
1F
100
AcDbEntity
  8
0
  6
Continuous
 62
     7
370
    25
100
AcDbCircle
 10
200.5205336279382
 20
307.2669282860239
 30
0.0
 40
0.7500000000000437
100
AcDbArc
 50
0.0
 51
202.6198649480409
  0
ARC
  5
213
330
1F
100
AcDbEntity
  8
0
  6
Continuous
 62
     7
370
    25
100
AcDbCircle
 10
189.7205336279382
 20
302.7669282860239
 30
0.0
 40
10.94999999999991
100
AcDbArc
 50
337.3801350519591
 51
22.61986494804093
  0
LINE
  5
214
330
1F
100
AcDbEntity
  8
0
  6
Continuous
 62
     7
370
    25
100
AcDbLine
 10
25.54553362793814
 20
330.241928286024
 30
0.0
 11
25.54553362793814
 21
328.491928286024
 31
0.0
  0
ARC
  5
215
330
1F
100
AcDbEntity
  8
0
  6
Continuous
 62
     7
370
    25
100
AcDbCircle
 10
25.54553362793814
 20
327.7419282860239
 30
0.0
 40
0.7500000000000569
100
AcDbArc
 50
90.0
 51
292.6198649480424
  0
ARC
  5
216
330
1F
100
AcDbEntity
  8
0
  6
Continuous
 62
     7
370
    25
100
AcDbCircle
 10
30.04553362793814
 20
316.941928286024
 30
0.0
 40
10.95000000000002
100
AcDbArc
 50
67.3801350519612
 51
112.6198649480388
  0
ARC
  5
217
330
1F
100
AcDbEntity
  8
0
  6
Continuous
 62
     7
370
    25
100
AcDbCircle
 10
34.54553362793814
 20
327.7419282860239
 30
0.0
 40
0.7500000000000569
100
AcDbArc
 50
247.3801350519576
 51
90.0
  0
LINE
  5
218
330
1F
100
AcDbEntity
  8
0
  6
Continuous
 62
     7
370
    25
100
AcDbLine
 10
34.54553362793814
 20
330.241928286024
 30
0.0
 11
34.54553362793814
 21
328.491928286024
 31
0.0
  0
ARC
  5
219
330
1F
100
AcDbEntity
  8
0
  6
Continuous
 62
     7
370
    25
100
AcDbCircle
 10
34.54553362793814
 20
330.9919282860239
 30
0.0
 40
0.75
100
AcDbArc
 50
270.0
 51
112.6198649480424
  0
ARC
  5
21A
330
1F
100
AcDbEntity
  8
0
  6
Continuous
 62
     7
370
    25
100
AcDbCircle
 10
30.04553362793826
 20
341.7919282860239
 30
0.0
 40
10.94999999999992
100
AcDbArc
 50
247.3801350519612
 51
292.6198649480421
  0
ARC
  5
21B
330
1F
100
AcDbEntity
  8
0
  6
Continuous
 62
     7
370
    25
100
AcDbCircle
 10
25.54553362793814
 20
330.9919282860239
 30
0.0
 40
0.7500000000000875
100
AcDbArc
 50
67.38013505195062
 51
270.0
  0
LINE
  5
21C
330
1F
100
AcDbEntity
  8
0
  6
Continuous
 62
     7
370
    25
100
AcDbLine
 10
169.4097916959152
 20
348.791928286024
 30
0.0
 11
167.6597916959152
 21
348.791928286024
 31
0.0
  0
ARC
  5
21D
330
1F
100
AcDbEntity
  8
0
  6
Continuous
 62
     7
370
    25
100
AcDbCircle
 10
170.1597916959153
 20
348.791928286024
 30
0.0
 40
0.7500000000001137
100
AcDbArc
 50
180.0
 51
22.61986494803955
  0
ARC
  5
21E
330
1F
100
AcDbEntity
  8
0
  6
Continuous
 62
     7
370
    25
100
AcDbCircle
 10
180.9597916959151
 20
353.2919282860239
 30
0.0
 40
10.94999999999991
100
AcDbArc
 50
157.3801350519591
 51
202.6198649480409
  0
ARC
  5
21F
330
1F
100
AcDbEntity
  8
0
  6
Continuous
 62
     7
370
    25
100
AcDbCircle
 10
170.1597916959153
 20
357.791928286024
 30
0.0
 40
0.7500000000001137
100
AcDbArc
 50
337.3801350519539
 51
180.0
  0
LINE
  5
220
330
1F
100
AcDbEntity
  8
0
  6
Continuous
 62
     7
370
    25
100
AcDbLine
 10
169.4097916959152
 20
357.791928286024
 30
0.0
 11
167.6597916959153
 21
357.791928286024
 31
0.0
  0
ARC
  5
221
330
1F
100
AcDbEntity
  8
0
  6
Continuous
 62
     7
370
    25
100
AcDbCircle
 10
166.9097916959153
 20
357.791928286024
 30
0.0
 40
0.7500000000001706
100
AcDbArc
 50
0.0
 51
202.6198649480409
  0
ARC
  5
222
330
1F
100
AcDbEntity
  8
0
  6
Continuous
 62
     7
370
    25
100
AcDbCircle
 10
156.1097916959152
 20
353.291928286024
 30
0.0
 40
10.94999999999993
100
AcDbArc
 50
337.3801350519591
 51
22.61986494804093
  0
ARC
  5
223
330
1F
100
AcDbEntity
  8
0
  6
Continuous
 62
     7
370
    25
100
AcDbCircle
 10
166.9097916959153
 20
348.791928286024
 30
0.0
 40
0.7500000000001269
100
AcDbArc
 50
157.3801350519684
 51
0.0
  0
LINE
  5
224
330
1F
100
AcDbEntity
  8
0
  6
Continuous
 62
     7
370
    25
100
AcDbLine
 10
51.97053362793821
 20
376.7919282860239
 30
0.0
 11
53.7205336279382
 21
376.7919282860239
 31
0.0
  0
ARC
  5
225
330
1F
100
AcDbEntity
  8
0
  6
Continuous
 62
     7
370
    25
100
AcDbCircle
 10
51.2205336279381
 20
376.7919282860239
 30
0.0
 40
0.7500000000001137
100
AcDbArc
 50
0.0
 51
202.6198649480409
  0
ARC
  5
226
330
1F
100
AcDbEntity
  8
0
  6
Continuous
 62
     7
370
    25
100
AcDbCircle
 10
40.42053362793825
 20
372.291928286024
 30
0.0
 40
10.94999999999993
100
AcDbArc
 50
337.3801350519591
 51
22.61986494804093
  0
ARC
  5
227
330
1F
100
AcDbEntity
  8
0
  6
Continuous
 62
     7
370
    25
100
AcDbCircle
 10
51.2205336279381
 20
367.791928286024
 30
0.0
 40
0.7500000000001137
100
AcDbArc
 50
157.3801350519604
 51
0.0
  0
LINE
  5
228
330
1F
100
AcDbEntity
  8
0
  6
Continuous
 62
     7
370
    25
100
AcDbLine
 10
51.97053362793821
 20
367.791928286024
 30
0.0
 11
53.7205336279382
 21
367.7919282860239
 31
0.0
  0
ARC
  5
229
330
1F
100
AcDbEntity
  8
0
  6
Continuous
 62
     7
370
    25
100
AcDbCircle
 10
54.47053362793809
 20
367.7919282860239
 30
0.0
 40
0.7500000000001487
100
AcDbArc
 50
180.0
 51
22.61986494803667
  0
ARC
  5
22A
330
1F
100
AcDbEntity
  8
0
  6
Continuous
 62
     7
370
    25
100
AcDbCircle
 10
65.27053362793816
 20
372.2919282860239
 30
0.0
 40
10.94999999999993
100
AcDbArc
 50
157.3801350519591
 51
202.6198649480409
  0
ARC
  5
22B
330
1F
100
AcDbEntity
  8
0
  6
Continuous
 62
     7
370
    25
100
AcDbCircle
 10
54.47053362793821
 20
376.7919282860239
 30
0.0
 40
0.7500000000000219
100
AcDbArc
 50
337.3801350519648
 51
180.0
  0
LINE
  5
22C
330
1F
100
AcDbEntity
  8
0
  6
Continuous
 62
     7
370
    25
100
AcDbLine
 10
51.97053362793821
 20
357.7919282860239
 30
0.0
 11
53.7205336279382
 21
357.7919282860239
 31
0.0
  0
ARC
  5
22D
330
1F
100
AcDbEntity
  8
0
  6
Continuous
 62
     7
370
    25
100
AcDbCircle
 10
51.2205336279381
 20
357.791928286024
 30
0.0
 40
0.7500000000001137
100
AcDbArc
 50
359.9999999999968
 51
202.6198649480483
  0
ARC
  5
22E
330
1F
100
AcDbEntity
  8
0
  6
Continuous
 62
     7
370
    25
100
AcDbCircle
 10
40.42053362793825
 20
353.291928286024
 30
0.0
 40
10.94999999999993
100
AcDbArc
 50
337.3801350519591
 51
22.61986494804093
  0
ARC
  5
22F
330
1F
100
AcDbEntity
  8
0
  6
Continuous
 62
     7
370
    25
100
AcDbCircle
 10
51.2205336279381
 20
348.791928286024
 30
0.0
 40
0.7500000000001137
100
AcDbArc
 50
157.3801350519604
 51
0.0
  0
LINE
  5
230
330
1F
100
AcDbEntity
  8
0
  6
Continuous
 62
     7
370
    25
100
AcDbLine
 10
51.97053362793821
 20
348.791928286024
 30
0.0
 11
53.7205336279382
 21
348.791928286024
 31
0.0
  0
ARC
  5
231
330
1F
100
AcDbEntity
  8
0
  6
Continuous
 62
     7
370
    25
100
AcDbCircle
 10
54.47053362793809
 20
348.791928286024
 30
0.0
 40
0.7500000000001269
100
AcDbArc
 50
180.0
 51
22.61986494803153
  0
ARC
  5
232
330
1F
100
AcDbEntity
  8
0
  6
Continuous
 62
     7
370
    25
100
AcDbCircle
 10
65.27053362793816
 20
353.2919282860239
 30
0.0
 40
10.94999999999991
100
AcDbArc
 50
157.3801350519591
 51
202.6198649480409
  0
ARC
  5
233
330
1F
100
AcDbEntity
  8
0
  6
Continuous
 62
     7
370
    25
100
AcDbCircle
 10
54.47053362793821
 20
357.7919282860239
 30
0.0
 40
0.7500000000000437
100
AcDbArc
 50
337.3801350519604
 51
180.0
  0
LINE
  5
234
330
1F
100
AcDbEntity
  8
0
  6
Continuous
 62
     7
370
    25
100
AcDbLine
 10
169.4097916959152
 20
367.791928286024
 30
0.0
 11
167.6597916959152
 21
367.791928286024
 31
0.0
  0
ARC
  5
235
330
1F
100
AcDbEntity
  8
0
  6
Continuous
 62
     7
370
    25
100
AcDbCircle
 10
170.1597916959153
 20
367.791928286024
 30
0.0
 40
0.7500000000001137
100
AcDbArc
 50
180.0
 51
22.61986494803955
  0
ARC
  5
236
330
1F
100
AcDbEntity
  8
0
  6
Continuous
 62
     7
370
    25
100
AcDbCircle
 10
180.9597916959151
 20
372.2919282860239
 30
0.0
 40
10.94999999999993
100
AcDbArc
 50
157.3801350519591
 51
202.6198649480409
  0
ARC
  5
237
330
1F
100
AcDbEntity
  8
0
  6
Continuous
 62
     7
370
    25
100
AcDbCircle
 10
170.1597916959153
 20
376.7919282860239
 30
0.0
 40
0.7500000000001137
100
AcDbArc
 50
337.3801350519619
 51
180.0
  0
LINE
  5
238
330
1F
100
AcDbEntity
  8
0
  6
Continuous
 62
     7
370
    25
100
AcDbLine
 10
169.4097916959152
 20
376.7919282860239
 30
0.0
 11
167.6597916959153
 21
376.7919282860239
 31
0.0
  0
ARC
  5
239
330
1F
100
AcDbEntity
  8
0
  6
Continuous
 62
     7
370
    25
100
AcDbCircle
 10
166.9097916959153
 20
376.7919282860239
 30
0.0
 40
0.7500000000000219
100
AcDbArc
 50
0.0
 51
202.6198649480366
  0
ARC
  5
23A
330
1F
100
AcDbEntity
  8
0
  6
Continuous
 62
     7
370
    25
100
AcDbCircle
 10
156.1097916959152
 20
372.291928286024
 30
0.0
 40
10.95000000000002
100
AcDbArc
 50
337.3801350519591
 51
22.61986494804093
  0
ARC
  5
23B
330
1F
100
AcDbEntity
  8
0
  6
Continuous
 62
     7
370
    25
100
AcDbCircle
 10
166.9097916959153
 20
367.791928286024
 30
0.0
 40
0.7500000000001269
100
AcDbArc
 50
157.3801350519684
 51
0.0
  0
LINE
  5
23C
330
1F
100
AcDbEntity
  8
0
  6
Continuous
 62
     7
370
    25
100
AcDbLine
 10
18.12053362793824
 20
307.2669282860239
 30
0.0
 11
19.87053362793819
 21
307.2669282860239
 31
0.0
  0
ARC
  5
23D
330
1F
100
AcDbEntity
  8
0
  6
Continuous
 62
     7
370
    25
100
AcDbCircle
 10
17.37053362793818
 20
307.2669282860239
 30
0.0
 40
0.7500000000000569
100
AcDbArc
 50
0.0
 51
202.6198649480409
  0
ARC
  5
23E
330
1F
100
AcDbEntity
  8
0
  6
Continuous
 62
     7
370
    25
100
AcDbCircle
 10
6.570533627938232
 20
302.7669282860239
 30
0.0
 40
10.94999999999991
100
AcDbArc
 50
337.3801350519591
 51
22.61986494804093
  0
ARC
  5
23F
330
1F
100
AcDbEntity
  8
0
  6
Continuous
 62
     7
370
    25
100
AcDbCircle
 10
17.37053362793818
 20
298.2669282860239
 30
0.0
 40
0.7500000000000569
100
AcDbArc
 50
157.3801350519591
 51
0.0
  0
LINE
  5
240
330
1F
100
AcDbEntity
  8
0
  6
Continuous
 62
     7
370
    25
100
AcDbLine
 10
18.12053362793824
 20
298.2669282860239
 30
0.0
 11
19.87053362793819
 21
298.2669282860239
 31
0.0
  0
ARC
  5
241
330
1F
100
AcDbEntity
  8
0
  6
Continuous
 62
     7
370
    25
100
AcDbCircle
 10
20.62053362793819
 20
298.2669282860239
 30
0.0
 40
0.75
100
AcDbArc
 50
180.0
 51
22.61986494804093
  0
ARC
  5
242
330
1F
100
AcDbEntity
  8
0
  6
Continuous
 62
     7
370
    25
100
AcDbCircle
 10
31.42053362793814
 20
302.7669282860239
 30
0.0
 40
10.94999999999997
100
AcDbArc
 50
157.3801350519591
 51
202.6198649480409
  0
ARC
  5
243
330
1F
100
AcDbEntity
  8
0
  6
Continuous
 62
     7
370
    25
100
AcDbCircle
 10
20.62053362793819
 20
307.2669282860239
 30
0.0
 40
0.75
100
AcDbArc
 50
337.3801350519591
 51
180.0
  0
ARC
  5
244
330
1F
100
AcDbEntity
  8
0
  6
Continuous
 62
     7
370
    25
100
AcDbCircle
 10
186.5955336279382
 20
330.9919282860239
 30
0.0
 40
0.75
100
AcDbArc
 50
67.38013505196815
 51
270.0
  0
LINE
  5
245
330
1F
100
AcDbEntity
  8
0
  6
Continuous
 62
     7
370
    25
100
AcDbLine
 10
186.5955336279382
 20
330.241928286024
 30
0.0
 11
186.5955336279382
 21
328.491928286024
 31
0.0
  0
ARC
  5
246
330
1F
100
AcDbEntity
  8
0
  6
Continuous
 62
     7
370
    25
100
AcDbCircle
 10
186.5955336279382
 20
327.7419282860239
 30
0.0
 40
0.7500000000000569
100
AcDbArc
 50
90.0
 51
292.6198649480351
  0
ARC
  5
247
330
1F
100
AcDbEntity
  8
0
  6
Continuous
 62
     7
370
    25
100
AcDbCircle
 10
191.0955336279382
 20
316.941928286024
 30
0.0
 40
10.95000000000006
100
AcDbArc
 50
67.3801350519612
 51
112.6198649480421
  0
ARC
  5
248
330
1F
100
AcDbEntity
  8
0
  6
Continuous
 62
     7
370
    25
100
AcDbCircle
 10
195.5955336279382
 20
327.7419282860239
 30
0.0
 40
0.7500000000000569
100
AcDbArc
 50
247.3801350519576
 51
90.0
  0
LINE
  5
249
330
1F
100
AcDbEntity
  8
0
  6
Continuous
 62
     7
370
    25
100
AcDbLine
 10
195.5955336279382
 20
330.241928286024
 30
0.0
 11
195.5955336279382
 21
328.491928286024
 31
0.0
  0
ARC
  5
24A
330
1F
100
AcDbEntity
  8
0
  6
Continuous
 62
     7
370
    25
100
AcDbCircle
 10
195.5955336279382
 20
330.9919282860239
 30
0.0
 40
0.7500000000000875
100
AcDbArc
 50
270.0
 51
112.6198649480494
  0
ARC
  5
24B
330
1F
100
AcDbEntity
  8
0
  6
Continuous
 62
     7
370
    25
100
AcDbCircle
 10
191.0955336279381
 20
341.7919282860239
 30
0.0
 40
10.94999999999997
100
AcDbArc
 50
247.3801350519612
 51
292.6198649480424
  0
ARC
  5
24C
330
1F
100
AcDbEntity
  8
0
  6
Continuous
 62
     7
370
    25
100
AcDbCircle
 10
20.62053362793819
 20
427.3169282860238
 30
0.0
 40
0.75
100
AcDbArc
 50
337.3801350519634
 51
180.0
  0
LINE
  5
24D
330
1F
100
AcDbEntity
  8
0
  6
Continuous
 62
     7
370
    25
100
AcDbLine
 10
18.12053362793824
 20
427.3169282860238
 30
0.0
 11
19.87053362793819
 21
427.3169282860238
 31
0.0
  0
ARC
  5
24E
330
1F
100
AcDbEntity
  8
0
  6
Continuous
 62
     7
370
    25
100
AcDbCircle
 10
17.37053362793818
 20
427.3169282860238
 30
0.0
 40
0.7500000000000569
100
AcDbArc
 50
0.0
 51
202.6198649480366
  0
ARC
  5
24F
330
1F
100
AcDbEntity
  8
0
  6
Continuous
 62
     7
370
    25
100
AcDbCircle
 10
6.570533627938232
 20
422.8169282860239
 30
0.0
 40
10.94999999999993
100
AcDbArc
 50
337.3801350519591
 51
22.61986494804093
  0
ARC
  5
250
330
1F
100
AcDbEntity
  8
0
  6
Continuous
 62
     7
370
    25
100
AcDbCircle
 10
17.37053362793818
 20
418.3169282860239
 30
0.0
 40
0.7500000000000569
100
AcDbArc
 50
157.3801350519648
 51
0.0
  0
LINE
  5
251
330
1F
100
AcDbEntity
  8
0
  6
Continuous
 62
     7
370
    25
100
AcDbLine
 10
18.12053362793824
 20
418.3169282860239
 30
0.0
 11
19.87053362793819
 21
418.3169282860239
 31
0.0
  0
ARC
  5
252
330
1F
100
AcDbEntity
  8
0
  6
Continuous
 62
     7
370
    25
100
AcDbCircle
 10
20.62053362793819
 20
418.3169282860239
 30
0.0
 40
0.75
100
AcDbArc
 50
180.0
 51
22.61986494803667
  0
ARC
  5
253
330
1F
100
AcDbEntity
  8
0
  6
Continuous
 62
     7
370
    25
100
AcDbCircle
 10
31.42053362793814
 20
422.8169282860239
 30
0.0
 40
10.94999999999999
100
AcDbArc
 50
157.3801350519591
 51
202.6198649480424
  0
LINE
  5
254
330
1F
100
AcDbEntity
  8
0
  6
Continuous
 62
     7
370
    25
100
AcDbLine
 10
203.020533627938
 20
418.3169282860239
 30
0.0
 11
201.2705336279382
 21
418.3169282860239
 31
0.0
  0
ARC
  5
255
330
1F
100
AcDbEntity
  8
0
  6
Continuous
 62
     7
370
    25
100
AcDbCircle
 10
203.7705336279381
 20
418.3169282860239
 30
0.0
 40
0.7500000000001137
100
AcDbArc
 50
180.0
 51
22.61986494803517
  0
ARC
  5
256
330
1F
100
AcDbEntity
  8
0
  6
Continuous
 62
     7
370
    25
100
AcDbCircle
 10
214.5705336279381
 20
422.8169282860239
 30
0.0
 40
10.94999999999993
100
AcDbArc
 50
157.3801350519591
 51
202.6198649480424
  0
ARC
  5
257
330
1F
100
AcDbEntity
  8
0
  6
Continuous
 62
     7
370
    25
100
AcDbCircle
 10
203.7705336279381
 20
427.3169282860238
 30
0.0
 40
0.7500000000001137
100
AcDbArc
 50
337.3801350519648
 51
180.0
  0
LINE
  5
258
330
1F
100
AcDbEntity
  8
0
  6
Continuous
 62
     7
370
    25
100
AcDbLine
 10
203.020533627938
 20
427.3169282860238
 30
0.0
 11
201.2705336279382
 21
427.3169282860238
 31
0.0
  0
ARC
  5
259
330
1F
100
AcDbEntity
  8
0
  6
Continuous
 62
     7
370
    25
100
AcDbCircle
 10
200.5205336279382
 20
427.3169282860238
 30
0.0
 40
0.7500000000000219
100
AcDbArc
 50
0.0
 51
202.6198649480366
  0
ARC
  5
25A
330
1F
100
AcDbEntity
  8
0
  6
Continuous
 62
     7
370
    25
100
AcDbCircle
 10
189.7205336279382
 20
422.8169282860239
 30
0.0
 40
10.94999999999993
100
AcDbArc
 50
337.3801350519591
 51
22.61986494804093
  0
ARC
  5
25B
330
1F
100
AcDbEntity
  8
0
  6
Continuous
 62
     7
370
    25
100
AcDbCircle
 10
200.5205336279382
 20
418.3169282860239
 30
0.0
 40
0.7500000000000219
100
AcDbArc
 50
157.3801350519648
 51
0.0
  0
CIRCLE
  5
25C
330
1F
100
AcDbEntity
  8
0
  6
Continuous
 62
     7
370
    25
100
AcDbCircle
 10
63.49053362793819
 20
401.7919282860239
 30
0.0
 40
1.590000000000031
  0
CIRCLE
  5
25D
330
1F
100
AcDbEntity
  8
0
  6
Continuous
 62
     7
370
    25
100
AcDbCircle
 10
63.49053362793819
 20
307.7919282860239
 30
0.0
 40
1.589999999999974
  0
CIRCLE
  5
25E
330
1F
100
AcDbEntity
  8
0
  6
Continuous
 62
     7
370
    25
100
AcDbCircle
 10
157.4905336279382
 20
307.7919282860239
 30
0.0
 40
1.589999999999974
  0
CIRCLE
  5
25F
330
1F
100
AcDbEntity
  8
0
  6
Continuous
 62
     7
370
    25
100
AcDbCircle
 10
157.4905336279381
 20
401.7919282860239
 30
0.0
 40
1.590000000000031
  0
CIRCLE
  5
260
330
1F
100
AcDbEntity
  8
0
  6
Continuous
 62
     7
370
    25
100
AcDbCircle
 10
168.2955336279381
 20
362.7919282860239
 30
0.0
 40
1.422399999999981
  0
ARC
  5
261
330
1F
100
AcDbEntity
  8
0
  6
Continuous
 62
     7
370
    25
100
AcDbCircle
 10
325.5955336279381
 20
397.3331282860241
 30
0.0
 40
0.5000000000000476
100
AcDbArc
 50
0.0
 51
216.3780913993086
  0
ARC
  5
262
330
1F
100
AcDbEntity
  8
0
  6
Continuous
 62
     7
370
    25
100
AcDbCircle
 10
323.2199901496773
 20
395.5831282860241
 30
0.0
 40
2.450543478260875
100
AcDbArc
 50
323.621908600696
 51
36.37809139929951
  0
ARC
  5
263
330
1F
100
AcDbEntity
  8
0
  6
Continuous
 62
     7
370
    25
100
AcDbCircle
 10
325.5955336279381
 20
393.833128286024
 30
0.0
 40
0.5000000000000476
100
AcDbArc
 50
143.6219086006933
 51
0.0
  0
LINE
  5
264
330
1F
100
AcDbEntity
  8
0
  6
Continuous
 62
     7
370
    25
100
AcDbLine
 10
326.095533627938
 20
393.833128286024
 30
0.0
 11
328.3455336279382
 21
393.833128286024
 31
0.0
  0
ARC
  5
265
330
1F
100
AcDbEntity
  8
0
  6
Continuous
 62
     7
370
    25
100
AcDbCircle
 10
328.845533627938
 20
393.833128286024
 30
0.0
 40
0.5000000000000476
100
AcDbArc
 50
180.0
 51
36.37809139930673
  0
ARC
  5
266
330
1F
100
AcDbEntity
  8
0
  6
Continuous
 62
     7
370
    25
100
AcDbCircle
 10
331.2210771061989
 20
395.5831282860241
 30
0.0
 40
2.450543478260875
100
AcDbArc
 50
143.6219086007005
 51
216.3780913993067
  0
ARC
  5
267
330
1F
100
AcDbEntity
  8
0
  6
Continuous
 62
     7
370
    25
100
AcDbCircle
 10
328.845533627938
 20
397.3331282860241
 30
0.0
 40
0.5000000000000476
100
AcDbArc
 50
323.6219086006933
 51
180.0
  0
LINE
  5
268
330
1F
100
AcDbEntity
  8
0
  6
Continuous
 62
     7
370
    25
100
AcDbLine
 10
328.3455336279382
 20
397.3331282860241
 30
0.0
 11
326.095533627938
 21
397.3331282860241
 31
0.0
  0
CIRCLE
  5
269
330
1F
100
AcDbEntity
  8
0
  6
Continuous
 62
     7
370
    25
100
AcDbCircle
 10
327.220533627938
 20
403.0431282860239
 30
0.0
 40
1.420000000000072
  0
ARC
  5
26A
330
1F
100
AcDbEntity
  8
0
  6
Continuous
 62
     7
370
    25
100
AcDbCircle
 10
325.5955336279381
 20
408.7531282860239
 30
0.0
 40
0.4999999999999802
100
AcDbArc
 50
143.6219086007051
 51
0.0
  0
LINE
  5
26B
330
1F
100
AcDbEntity
  8
0
  6
Continuous
 62
     7
370
    25
100
AcDbLine
 10
326.095533627938
 20
408.7531282860239
 30
0.0
 11
328.3455336279382
 21
408.7531282860239
 31
0.0
  0
ARC
  5
26C
330
1F
100
AcDbEntity
  8
0
  6
Continuous
 62
     7
370
    25
100
AcDbCircle
 10
328.845533627938
 20
408.7531282860239
 30
0.0
 40
0.4999999999999802
100
AcDbArc
 50
180.0
 51
36.37809139929488
  0
ARC
  5
26D
330
1F
100
AcDbEntity
  8
0
  6
Continuous
 62
     7
370
    25
100
AcDbCircle
 10
331.2210771061989
 20
410.5031282860239
 30
0.0
 40
2.450543478260875
100
AcDbArc
 50
143.6219086006959
 51
216.3780913993067
  0
ARC
  5
26E
330
1F
100
AcDbEntity
  8
0
  6
Continuous
 62
     7
370
    25
100
AcDbCircle
 10
328.845533627938
 20
412.2531282860241
 30
0.0
 40
0.5000000000000476
100
AcDbArc
 50
323.6219086006933
 51
180.0
  0
LINE
  5
26F
330
1F
100
AcDbEntity
  8
0
  6
Continuous
 62
     7
370
    25
100
AcDbLine
 10
328.3455336279382
 20
412.2531282860241
 30
0.0
 11
326.095533627938
 21
412.2531282860241
 31
0.0
  0
ARC
  5
270
330
1F
100
AcDbEntity
  8
0
  6
Continuous
 62
     7
370
    25
100
AcDbCircle
 10
325.5955336279381
 20
412.2531282860241
 30
0.0
 40
0.5000000000000476
100
AcDbArc
 50
0.0
 51
216.3780913993086
  0
ARC
  5
271
330
1F
100
AcDbEntity
  8
0
  6
Continuous
 62
     7
370
    25
100
AcDbCircle
 10
323.2199901496773
 20
410.5031282860239
 30
0.0
 40
2.450543478260875
100
AcDbArc
 50
323.621908600696
 51
36.37809139930404
  0
ARC
  5
272
330
1F
100
AcDbEntity
  8
0
  6
Continuous
 62
     7
370
    25
100
AcDbCircle
 10
358.2686105510149
 20
402.5419282860239
 30
0.0
 40
15.4019230769231
100
AcDbArc
 50
343.5615815022031
 51
16.43841849779994
  0
ARC
  5
273
330
1F
100
AcDbEntity
  8
0
  6
Continuous
 62
     7
370
    25
100
AcDbCircle
 10
373.5205336279381
 20
398.0419282860239
 30
0.0
 40
0.5000000000000925
100
AcDbArc
 50
163.561581502197
 51
0.0
  0
LINE
  5
274
330
1F
100
AcDbEntity
  8
0
  6
Continuous
 62
     7
370
    25
100
AcDbLine
 10
375.870533627938
 20
398.0419282860239
 30
0.0
 11
374.020533627938
 21
398.0419282860239
 31
0.0
  0
ARC
  5
275
330
1F
100
AcDbEntity
  8
0
  6
Continuous
 62
     7
370
    25
100
AcDbCircle
 10
376.3705336279381
 20
398.0419282860239
 30
0.0
 40
0.5000000000001137
100
AcDbArc
 50
180.0
 51
16.43841849780621
  0
ARC
  5
276
330
1F
100
AcDbEntity
  8
0
  6
Continuous
 62
     7
370
    25
100
AcDbCircle
 10
391.6224567048612
 20
402.5419282860239
 30
0.0
 40
15.4019230769231
100
AcDbArc
 50
163.5615815022
 51
196.4384184977999
  0
ARC
  5
277
330
1F
100
AcDbEntity
  8
0
  6
Continuous
 62
     7
370
    25
100
AcDbCircle
 10
376.3705336279381
 20
407.0419282860239
 30
0.0
 40
0.5000000000001137
100
AcDbArc
 50
343.5615815022073
 51
180.0
  0
LINE
  5
278
330
1F
100
AcDbEntity
  8
0
  6
Continuous
 62
     7
370
    25
100
AcDbLine
 10
374.020533627938
 20
407.0419282860239
 30
0.0
 11
375.870533627938
 21
407.0419282860239
 31
0.0
  0
ARC
  5
279
330
1F
100
AcDbEntity
  8
0
  6
Continuous
 62
     7
370
    25
100
AcDbCircle
 10
373.5205336279381
 20
407.0419282860239
 30
0.0
 40
0.5000000000000604
100
AcDbArc
 50
0.0
 51
196.4384184977895
  0
LINE
  5
27A
330
1F
100
AcDbEntity
  8
0
  6
Continuous
 62
     7
370
    25
100
AcDbLine
 10
418.920533627938
 20
400.7143282860241
 30
0.0
 11
418.920533627938
 21
403.2919282860239
 31
0.0
  0
LINE
  5
27B
330
1F
100
AcDbEntity
  8
0
  6
Continuous
 62
     7
370
    25
100
AcDbLine
 10
418.920533627938
 20
400.7143282860241
 30
0.0
 11
413.451783627938
 21
400.7143282860241
 31
0.0
  0
LINE
  5
27C
330
1F
100
AcDbEntity
  8
0
  6
Continuous
 62
     7
370
    25
100
AcDbLine
 10
413.451783627938
 20
400.7143282860241
 30
0.0
 11
413.451783627938
 21
401.9669282860239
 31
0.0
  0
ARC
  5
27D
330
1F
100
AcDbEntity
  8
0
  6
Continuous
 62
     7
370
    25
100
AcDbCircle
 10
413.451783627938
 20
402.4669282860241
 30
0.0
 40
0.5000000000001137
100
AcDbArc
 50
270.0
 51
180.0
  0
LINE
  5
27E
330
1F
100
AcDbEntity
  8
0
  6
Continuous
 62
     7
370
    25
100
AcDbLine
 10
412.9517836279379
 20
402.4669282860241
 30
0.0
 11
411.570533627938
 21
402.4669282860241
 31
0.0
  0
ARC
  5
27F
330
1F
100
AcDbEntity
  8
0
  6
Continuous
 62
     7
370
    25
100
AcDbCircle
 10
411.070533627938
 20
402.4669282860241
 30
0.0
 40
0.5000000000001137
100
AcDbArc
 50
0.0
 51
270.0
  0
LINE
  5
280
330
1F
100
AcDbEntity
  8
0
  6
Continuous
 62
     7
370
    25
100
AcDbLine
 10
411.070533627938
 20
401.9669282860239
 30
0.0
 11
411.070533627938
 21
400.7143282860241
 31
0.0
  0
LINE
  5
281
330
1F
100
AcDbEntity
  8
0
  6
Continuous
 62
     7
370
    25
100
AcDbLine
 10
411.070533627938
 20
400.7143282860241
 30
0.0
 11
409.570533627938
 21
400.7143282860241
 31
0.0
  0
ARC
  5
282
330
1F
100
AcDbEntity
  8
0
  6
Continuous
 62
     7
370
    25
100
AcDbCircle
 10
409.0705336279381
 20
400.7143282860241
 30
0.0
 40
0.5
100
AcDbArc
 50
0.0
 51
270.0
  0
LINE
  5
283
330
1F
100
AcDbEntity
  8
0
  6
Continuous
 62
     7
370
    25
100
AcDbLine
 10
409.0705336279381
 20
400.2143282860241
 30
0.0
 11
409.0705336279381
 21
398.369528286024
 31
0.0
  0
ARC
  5
284
330
1F
100
AcDbEntity
  8
0
  6
Continuous
 62
     7
370
    25
100
AcDbCircle
 10
409.0705336279381
 20
397.8695282860241
 30
0.0
 40
0.5000000000001137
100
AcDbArc
 50
90.0
 51
0.0
  0
LINE
  5
285
330
1F
100
AcDbEntity
  8
0
  6
Continuous
 62
     7
370
    25
100
AcDbLine
 10
409.570533627938
 20
397.8695282860241
 30
0.0
 11
411.070533627938
 21
397.8695282860241
 31
0.0
  0
LINE
  5
286
330
1F
100
AcDbEntity
  8
0
  6
Continuous
 62
     7
370
    25
100
AcDbLine
 10
411.070533627938
 20
397.8695282860241
 30
0.0
 11
411.070533627938
 21
396.616928286024
 31
0.0
  0
ARC
  5
287
330
1F
100
AcDbEntity
  8
0
  6
Continuous
 62
     7
370
    25
100
AcDbCircle
 10
411.070533627938
 20
396.116928286024
 30
0.0
 40
0.5000000000001137
100
AcDbArc
 50
90.0
 51
0.0
  0
LINE
  5
288
330
1F
100
AcDbEntity
  8
0
  6
Continuous
 62
     7
370
    25
100
AcDbLine
 10
411.570533627938
 20
396.116928286024
 30
0.0
 11
412.951783627938
 21
396.116928286024
 31
0.0
  0
ARC
  5
289
330
1F
100
AcDbEntity
  8
0
  6
Continuous
 62
     7
370
    25
100
AcDbCircle
 10
413.451783627938
 20
396.116928286024
 30
0.0
 40
0.5000000000001137
100
AcDbArc
 50
180.0
 51
90.0
  0
LINE
  5
28A
330
1F
100
AcDbEntity
  8
0
  6
Continuous
 62
     7
370
    25
100
AcDbLine
 10
413.451783627938
 20
396.616928286024
 30
0.0
 11
413.451783627938
 21
397.8695282860241
 31
0.0
  0
LINE
  5
28B
330
1F
100
AcDbEntity
  8
0
  6
Continuous
 62
     7
370
    25
100
AcDbLine
 10
413.451783627938
 20
397.8695282860241
 30
0.0
 11
418.920533627938
 21
397.8695282860241
 31
0.0
  0
LINE
  5
28C
330
1F
100
AcDbEntity
  8
0
  6
Continuous
 62
     7
370
    25
100
AcDbLine
 10
418.920533627938
 20
395.291928286024
 30
0.0
 11
418.920533627938
 21
397.8695282860241
 31
0.0
  0
ARC
  5
28D
330
1F
100
AcDbEntity
  8
0
  6
Continuous
 62
     7
370
    25
100
AcDbCircle
 10
418.920533627938
 20
394.7919282860241
 30
0.0
 40
0.5000000000001137
100
AcDbArc
 50
90.0
 51
270.0
  0
LINE
  5
28E
330
1F
100
AcDbEntity
  8
0
  6
Continuous
 62
     7
370
    25
100
AcDbLine
 10
418.920533627938
 20
394.291928286024
 30
0.0
 11
422.1705336279381
 21
394.291928286024
 31
0.0
  0
LINE
  5
28F
330
1F
100
AcDbEntity
  8
0
  6
Continuous
 62
     7
370
    25
100
AcDbLine
 10
422.1705336279381
 20
385.291928286024
 30
0.0
 11
422.1705336279381
 21
394.291928286024
 31
0.0
  0
LINE
  5
290
330
1F
100
AcDbEntity
  8
0
  6
Continuous
 62
     7
370
    25
100
AcDbLine
 10
418.920533627938
 20
385.2919282860241
 30
0.0
 11
422.1705336279381
 21
385.291928286024
 31
0.0
  0
ARC
  5
291
330
1F
100
AcDbEntity
  8
0
  6
Continuous
 62
     7
370
    25
100
AcDbCircle
 10
418.920533627938
 20
384.7919282860241
 30
0.0
 40
0.5000000000001137
100
AcDbArc
 50
90.0
 51
270.0
  0
LINE
  5
292
330
1F
100
AcDbEntity
  8
0
  6
Continuous
 62
     7
370
    25
100
AcDbLine
 10
418.920533627938
 20
382.041928286024
 30
0.0
 11
418.920533627938
 21
384.291928286024
 31
0.0
  0
LINE
  5
293
330
1F
100
AcDbEntity
  8
0
  6
Continuous
 62
     7
370
    25
100
AcDbLine
 10
215.5205336279381
 20
382.041928286024
 30
0.0
 11
418.920533627938
 21
382.041928286024
 31
0.0
  0
LINE
  5
294
330
1F
100
AcDbEntity
  8
0
  6
Continuous
 62
     7
370
    25
100
AcDbLine
 10
215.5205336279381
 20
384.291928286024
 30
0.0
 11
215.5205336279381
 21
382.041928286024
 31
0.0
  0
ARC
  5
295
330
1F
100
AcDbEntity
  8
0
  6
Continuous
 62
     7
370
    25
100
AcDbCircle
 10
215.5205336279381
 20
384.7919282860241
 30
0.0
 40
0.5000000000001137
100
AcDbArc
 50
270.0
 51
90.0
  0
LINE
  5
296
330
1F
100
AcDbEntity
  8
0
  6
Continuous
 62
     7
370
    25
100
AcDbLine
 10
215.5205336279381
 20
385.2919282860241
 30
0.0
 11
212.2705336279381
 21
385.291928286024
 31
0.0
  0
LINE
  5
297
330
1F
100
AcDbEntity
  8
0
  6
Continuous
 62
     7
370
    25
100
AcDbLine
 10
212.2705336279381
 20
385.291928286024
 30
0.0
 11
212.2705336279381
 21
394.291928286024
 31
0.0
  0
LINE
  5
298
330
1F
100
AcDbEntity
  8
0
  6
Continuous
 62
     7
370
    25
100
AcDbLine
 10
215.5205336279381
 20
394.291928286024
 30
0.0
 11
212.2705336279381
 21
394.291928286024
 31
0.0
  0
ARC
  5
299
330
1F
100
AcDbEntity
  8
0
  6
Continuous
 62
     7
370
    25
100
AcDbCircle
 10
215.5205336279381
 20
394.7919282860241
 30
0.0
 40
0.5000000000001137
100
AcDbArc
 50
270.0
 51
90.0
  0
LINE
  5
29A
330
1F
100
AcDbEntity
  8
0
  6
Continuous
 62
     7
370
    25
100
AcDbLine
 10
215.5205336279381
 20
397.8695282860241
 30
0.0
 11
215.5205336279381
 21
395.291928286024
 31
0.0
  0
LINE
  5
29B
330
1F
100
AcDbEntity
  8
0
  6
Continuous
 62
     7
370
    25
100
AcDbLine
 10
220.9892836279381
 20
397.8695282860241
 30
0.0
 11
215.5205336279381
 21
397.8695282860241
 31
0.0
  0
LINE
  5
29C
330
1F
100
AcDbEntity
  8
0
  6
Continuous
 62
     7
370
    25
100
AcDbLine
 10
220.9892836279381
 20
396.616928286024
 30
0.0
 11
220.9892836279381
 21
397.8695282860241
 31
0.0
  0
ARC
  5
29D
330
1F
100
AcDbEntity
  8
0
  6
Continuous
 62
     7
370
    25
100
AcDbCircle
 10
220.9892836279381
 20
396.116928286024
 30
0.0
 40
0.5000000000001137
100
AcDbArc
 50
90.0
 51
0.0
  0
LINE
  5
29E
330
1F
100
AcDbEntity
  8
0
  6
Continuous
 62
     7
370
    25
100
AcDbLine
 10
222.8705336279381
 20
396.116928286024
 30
0.0
 11
221.4892836279381
 21
396.116928286024
 31
0.0
  0
ARC
  5
29F
330
1F
100
AcDbEntity
  8
0
  6
Continuous
 62
     7
370
    25
100
AcDbCircle
 10
223.370533627938
 20
396.116928286024
 30
0.0
 40
0.5000000000001137
100
AcDbArc
 50
180.0
 51
90.0
  0
LINE
  5
2A0
330
1F
100
AcDbEntity
  8
0
  6
Continuous
 62
     7
370
    25
100
AcDbLine
 10
223.370533627938
 20
397.8695282860241
 30
0.0
 11
223.370533627938
 21
396.616928286024
 31
0.0
  0
LINE
  5
2A1
330
1F
100
AcDbEntity
  8
0
  6
Continuous
 62
     7
370
    25
100
AcDbLine
 10
224.8705336279381
 20
397.8695282860241
 30
0.0
 11
223.370533627938
 21
397.8695282860241
 31
0.0
  0
ARC
  5
2A2
330
1F
100
AcDbEntity
  8
0
  6
Continuous
 62
     7
370
    25
100
AcDbCircle
 10
225.370533627938
 20
397.8695282860241
 30
0.0
 40
0.5000000000001137
100
AcDbArc
 50
180.0
 51
90.0
  0
LINE
  5
2A3
330
1F
100
AcDbEntity
  8
0
  6
Continuous
 62
     7
370
    25
100
AcDbLine
 10
225.370533627938
 20
400.2143282860241
 30
0.0
 11
225.370533627938
 21
398.369528286024
 31
0.0
  0
ARC
  5
2A4
330
1F
100
AcDbEntity
  8
0
  6
Continuous
 62
     7
370
    25
100
AcDbCircle
 10
225.370533627938
 20
400.7143282860241
 30
0.0
 40
0.5
100
AcDbArc
 50
270.0
 51
180.0
  0
LINE
  5
2A5
330
1F
100
AcDbEntity
  8
0
  6
Continuous
 62
     7
370
    25
100
AcDbLine
 10
223.370533627938
 20
400.7143282860241
 30
0.0
 11
224.8705336279381
 21
400.7143282860241
 31
0.0
  0
LINE
  5
2A6
330
1F
100
AcDbEntity
  8
0
  6
Continuous
 62
     7
370
    25
100
AcDbLine
 10
223.370533627938
 20
401.9669282860239
 30
0.0
 11
223.370533627938
 21
400.7143282860241
 31
0.0
  0
ARC
  5
2A7
330
1F
100
AcDbEntity
  8
0
  6
Continuous
 62
     7
370
    25
100
AcDbCircle
 10
223.370533627938
 20
402.4669282860241
 30
0.0
 40
0.5000000000001137
100
AcDbArc
 50
270.0
 51
180.0
  0
LINE
  5
2A8
330
1F
100
AcDbEntity
  8
0
  6
Continuous
 62
     7
370
    25
100
AcDbLine
 10
221.4892836279381
 20
402.4669282860241
 30
0.0
 11
222.8705336279381
 21
402.4669282860241
 31
0.0
  0
ARC
  5
2A9
330
1F
100
AcDbEntity
  8
0
  6
Continuous
 62
     7
370
    25
100
AcDbCircle
 10
220.9892836279381
 20
402.4669282860241
 30
0.0
 40
0.5000000000001137
100
AcDbArc
 50
0.0
 51
270.0
  0
LINE
  5
2AA
330
1F
100
AcDbEntity
  8
0
  6
Continuous
 62
     7
370
    25
100
AcDbLine
 10
220.9892836279381
 20
400.7143282860241
 30
0.0
 11
220.9892836279381
 21
401.9669282860239
 31
0.0
  0
LINE
  5
2AB
330
1F
100
AcDbEntity
  8
0
  6
Continuous
 62
     7
370
    25
100
AcDbLine
 10
215.5205336279381
 20
400.7143282860241
 30
0.0
 11
220.9892836279381
 21
400.7143282860241
 31
0.0
  0
LINE
  5
2AC
330
1F
100
AcDbEntity
  8
0
  6
Continuous
 62
     7
370
    25
100
AcDbLine
 10
215.5205336279381
 20
403.2919282860239
 30
0.0
 11
215.5205336279381
 21
400.7143282860241
 31
0.0
  0
ARC
  5
2AD
330
1F
100
AcDbEntity
  8
0
  6
Continuous
 62
     7
370
    25
100
AcDbCircle
 10
215.5205336279381
 20
403.7919282860239
 30
0.0
 40
0.5
100
AcDbArc
 50
270.0
 51
90.0
  0
LINE
  5
2AE
330
1F
100
AcDbEntity
  8
0
  6
Continuous
 62
     7
370
    25
100
AcDbLine
 10
215.5205336279381
 20
404.2919282860239
 30
0.0
 11
212.2705336279381
 21
404.2919282860239
 31
0.0
  0
LINE
  5
2AF
330
1F
100
AcDbEntity
  8
0
  6
Continuous
 62
     7
370
    25
100
AcDbLine
 10
212.2705336279381
 20
413.2919282860239
 30
0.0
 11
212.2705336279381
 21
404.2919282860239
 31
0.0
  0
LINE
  5
2B0
330
1F
100
AcDbEntity
  8
0
  6
Continuous
 62
     7
370
    25
100
AcDbLine
 10
215.5205336279381
 20
413.2919282860239
 30
0.0
 11
212.2705336279381
 21
413.2919282860239
 31
0.0
  0
ARC
  5
2B1
330
1F
100
AcDbEntity
  8
0
  6
Continuous
 62
     7
370
    25
100
AcDbCircle
 10
215.5205336279381
 20
413.7919282860239
 30
0.0
 40
0.5
100
AcDbArc
 50
269.9999999999935
 51
90.00000000000651
  0
LINE
  5
2B2
330
1F
100
AcDbEntity
  8
0
  6
Continuous
 62
     7
370
    25
100
AcDbLine
 10
215.5205336279381
 20
416.541928286024
 30
0.0
 11
215.5205336279381
 21
414.2919282860239
 31
0.0
  0
LINE
  5
2B3
330
1F
100
AcDbEntity
  8
0
  6
Continuous
 62
     7
370
    25
100
AcDbLine
 10
418.920533627938
 20
416.541928286024
 30
0.0
 11
215.5205336279381
 21
416.541928286024
 31
0.0
  0
LINE
  5
2B4
330
1F
100
AcDbEntity
  8
0
  6
Continuous
 62
     7
370
    25
100
AcDbLine
 10
418.920533627938
 20
414.2919282860239
 30
0.0
 11
418.920533627938
 21
416.541928286024
 31
0.0
  0
ARC
  5
2B5
330
1F
100
AcDbEntity
  8
0
  6
Continuous
 62
     7
370
    25
100
AcDbCircle
 10
418.920533627938
 20
413.7919282860239
 30
0.0
 40
0.5
100
AcDbArc
 50
90.0
 51
270.0
  0
LINE
  5
2B6
330
1F
100
AcDbEntity
  8
0
  6
Continuous
 62
     7
370
    25
100
AcDbLine
 10
418.920533627938
 20
413.2919282860239
 30
0.0
 11
422.1705336279381
 21
413.2919282860239
 31
0.0
  0
LINE
  5
2B7
330
1F
100
AcDbEntity
  8
0
  6
Continuous
 62
     7
370
    25
100
AcDbLine
 10
422.1705336279381
 20
413.2919282860239
 30
0.0
 11
422.1705336279381
 21
404.2919282860239
 31
0.0
  0
LINE
  5
2B8
330
1F
100
AcDbEntity
  8
0
  6
Continuous
 62
     7
370
    25
100
AcDbLine
 10
418.920533627938
 20
404.2919282860239
 30
0.0
 11
422.1705336279381
 21
404.2919282860239
 31
0.0
  0
ARC
  5
2B9
330
1F
100
AcDbEntity
  8
0
  6
Continuous
 62
     7
370
    25
100
AcDbCircle
 10
418.920533627938
 20
403.7919282860239
 30
0.0
 40
0.5
100
AcDbArc
 50
90.0
 51
270.0
  0
ARC
  5
2BA
330
1F
100
AcDbEntity
  8
0
  6
Continuous
 62
     7
370
    25
100
AcDbCircle
 10
227.2705336279381
 20
412.541928286024
 30
0.0
 40
0.5000000000000185
100
AcDbArc
 50
338.9584313722577
 51
180.0
  0
LINE
  5
2BB
330
1F
100
AcDbEntity
  8
0
  6
Continuous
 62
     7
370
    25
100
AcDbLine
 10
226.7705336279381
 20
412.541928286024
 30
0.0
 11
224.5205336279381
 21
412.541928286024
 31
0.0
  0
ARC
  5
2BC
330
1F
100
AcDbEntity
  8
0
  6
Continuous
 62
     7
370
    25
100
AcDbCircle
 10
224.0205336279381
 20
412.541928286024
 30
0.0
 40
0.5
100
AcDbArc
 50
0.0
 51
201.0415686277453
  0
ARC
  5
2BD
330
1F
100
AcDbEntity
  8
0
  6
Continuous
 62
     7
370
    25
100
AcDbCircle
 10
214.9224567048612
 20
409.0419282860239
 30
0.0
 40
9.248076923076991
100
AcDbArc
 50
338.9584313722547
 51
21.04156862774955
  0
ARC
  5
2BE
330
1F
100
AcDbEntity
  8
0
  6
Continuous
 62
     7
370
    25
100
AcDbCircle
 10
224.0205336279381
 20
405.5419282860239
 30
0.0
 40
0.5
100
AcDbArc
 50
158.9584313722547
 51
0.0
  0
LINE
  5
2BF
330
1F
100
AcDbEntity
  8
0
  6
Continuous
 62
     7
370
    25
100
AcDbLine
 10
224.5205336279381
 20
405.5419282860239
 30
0.0
 11
226.7705336279381
 21
405.5419282860239
 31
0.0
  0
ARC
  5
2C0
330
1F
100
AcDbEntity
  8
0
  6
Continuous
 62
     7
370
    25
100
AcDbCircle
 10
227.2705336279381
 20
405.5419282860239
 30
0.0
 40
0.5000000000000185
100
AcDbArc
 50
180.0
 51
21.04156862774223
  0
ARC
  5
2C1
330
1F
100
AcDbEntity
  8
0
  6
Continuous
 62
     7
370
    25
100
AcDbCircle
 10
236.3686105510151
 20
409.0419282860239
 30
0.0
 40
9.248076923076951
100
AcDbArc
 50
158.9584313722517
 51
201.0415686277525
  0
ARC
  5
2C2
330
1F
100
AcDbEntity
  8
0
  6
Continuous
 62
     7
370
    25
100
AcDbCircle
 10
260.9205336279381
 20
407.0419282860239
 30
0.0
 40
0.5000000000000604
100
AcDbArc
 50
343.5615815022103
 51
180.0
  0
LINE
  5
2C3
330
1F
100
AcDbEntity
  8
0
  6
Continuous
 62
     7
370
    25
100
AcDbLine
 10
260.4205336279381
 20
407.0419282860239
 30
0.0
 11
258.5705336279381
 21
407.0419282860239
 31
0.0
  0
ARC
  5
2C4
330
1F
100
AcDbEntity
  8
0
  6
Continuous
 62
     7
370
    25
100
AcDbCircle
 10
258.0705336279381
 20
407.0419282860239
 30
0.0
 40
0.5
100
AcDbArc
 50
0.0
 51
196.4384184977927
  0
ARC
  5
2C5
330
1F
100
AcDbEntity
  8
0
  6
Continuous
 62
     7
370
    25
100
AcDbCircle
 10
242.818610551015
 20
402.5419282860239
 30
0.0
 40
15.4019230769231
100
AcDbArc
 50
343.5615815022031
 51
16.43841849779994
  0
ARC
  5
2C6
330
1F
100
AcDbEntity
  8
0
  6
Continuous
 62
     7
370
    25
100
AcDbCircle
 10
258.0705336279381
 20
398.0419282860239
 30
0.0
 40
0.5
100
AcDbArc
 50
163.5615815021939
 51
0.0
  0
LINE
  5
2C7
330
1F
100
AcDbEntity
  8
0
  6
Continuous
 62
     7
370
    25
100
AcDbLine
 10
258.5705336279381
 20
398.0419282860239
 30
0.0
 11
260.4205336279381
 21
398.0419282860239
 31
0.0
  0
ARC
  5
2C8
330
1F
100
AcDbEntity
  8
0
  6
Continuous
 62
     7
370
    25
100
AcDbCircle
 10
260.9205336279381
 20
398.0419282860239
 30
0.0
 40
0.5000000000000925
100
AcDbArc
 50
180.0
 51
16.43841849780299
  0
ARC
  5
2C9
330
1F
100
AcDbEntity
  8
0
  6
Continuous
 62
     7
370
    25
100
AcDbCircle
 10
276.1724567048613
 20
402.5419282860239
 30
0.0
 40
15.4019230769231
100
AcDbArc
 50
163.5615815022
 51
196.4384184977999
  0
ARC
  5
2CA
330
1F
100
AcDbEntity
  8
0
  6
Continuous
 62
     7
370
    25
100
AcDbCircle
 10
398.0724567048611
 20
409.0419282860239
 30
0.0
 40
9.248076923076951
100
AcDbArc
 50
338.9584313722517
 51
21.04156862774829
  0
ARC
  5
2CB
330
1F
100
AcDbEntity
  8
0
  6
Continuous
 62
     7
370
    25
100
AcDbCircle
 10
407.170533627938
 20
405.5419282860239
 30
0.0
 40
0.5000000000000185
100
AcDbArc
 50
158.9584313722578
 51
0.0
  0
LINE
  5
2CC
330
1F
100
AcDbEntity
  8
0
  6
Continuous
 62
     7
370
    25
100
AcDbLine
 10
409.920533627938
 20
405.5419282860239
 30
0.0
 11
407.6705336279379
 21
405.5419282860239
 31
0.0
  0
ARC
  5
2CD
330
1F
100
AcDbEntity
  8
0
  6
Continuous
 62
     7
370
    25
100
AcDbCircle
 10
410.420533627938
 20
405.5419282860239
 30
0.0
 40
0.5
100
AcDbArc
 50
180.0
 51
21.04156862774526
  0
ARC
  5
2CE
330
1F
100
AcDbEntity
  8
0
  6
Continuous
 62
     7
370
    25
100
AcDbCircle
 10
419.5186105510149
 20
409.0419282860239
 30
0.0
 40
9.248076923076991
100
AcDbArc
 50
158.9584313722504
 51
201.0415686277482
  0
ARC
  5
2CF
330
1F
100
AcDbEntity
  8
0
  6
Continuous
 62
     7
370
    25
100
AcDbCircle
 10
410.420533627938
 20
412.541928286024
 30
0.0
 40
0.5
100
AcDbArc
 50
338.9584313722547
 51
180.0
  0
LINE
  5
2D0
330
1F
100
AcDbEntity
  8
0
  6
Continuous
 62
     7
370
    25
100
AcDbLine
 10
407.6705336279379
 20
412.541928286024
 30
0.0
 11
409.920533627938
 21
412.541928286024
 31
0.0
  0
ARC
  5
2D1
330
1F
100
AcDbEntity
  8
0
  6
Continuous
 62
     7
370
    25
100
AcDbCircle
 10
407.170533627938
 20
412.541928286024
 30
0.0
 40
0.5000000000000185
100
AcDbArc
 50
0.0
 51
201.0415686277422
  0
CIRCLE
  5
2D2
330
1F
100
AcDbEntity
  8
0
  6
Continuous
 62
     7
370
    25
100
AcDbCircle
 10
339.220533627938
 20
386.916928286024
 30
0.0
 40
1.422400000000038
  0
ARC
  5
2D3
330
1F
100
AcDbEntity
  8
0
  6
Continuous
 62
     7
370
    25
100
AcDbCircle
 10
309.2205336279381
 20
388.541928286024
 30
0.0
 40
0.750000000000037
100
AcDbArc
 50
269.9999999999935
 51
110.7777156309367
  0
ARC
  5
2D4
330
1F
100
AcDbEntity
  8
0
  6
Continuous
 62
     7
370
    25
100
AcDbCircle
 10
304.7205336279382
 20
400.4021555587512
 30
0.0
 40
11.93522727272719
100
AcDbArc
 50
249.2222843690633
 51
290.7777156309409
  0
ARC
  5
2D5
330
1F
100
AcDbEntity
  8
0
  6
Continuous
 62
     7
370
    25
100
AcDbCircle
 10
300.2205336279382
 20
388.541928286024
 30
0.0
 40
0.750000000000037
100
AcDbArc
 50
69.22228436906329
 51
270.0
  0
LINE
  5
2D6
330
1F
100
AcDbEntity
  8
0
  6
Continuous
 62
     7
370
    25
100
AcDbLine
 10
300.2205336279382
 20
386.041928286024
 30
0.0
 11
300.2205336279382
 21
387.7919282860241
 31
0.0
  0
ARC
  5
2D7
330
1F
100
AcDbEntity
  8
0
  6
Continuous
 62
     7
370
    25
100
AcDbCircle
 10
300.2205336279382
 20
385.291928286024
 30
0.0
 40
0.75
100
AcDbArc
 50
90.0
 51
290.7777156309409
  0
ARC
  5
2D8
330
1F
100
AcDbEntity
  8
0
  6
Continuous
 62
     7
370
    25
100
AcDbCircle
 10
304.7205336279382
 20
373.4317010132969
 30
0.0
 40
11.93522727272719
100
AcDbArc
 50
69.22228436905912
 51
110.7777156309409
  0
ARC
  5
2D9
330
1F
100
AcDbEntity
  8
0
  6
Continuous
 62
     7
370
    25
100
AcDbCircle
 10
309.2205336279381
 20
385.291928286024
 30
0.0
 40
0.75
100
AcDbArc
 50
249.2222843690591
 51
90.00000000000978
  0
LINE
  5
2DA
330
1F
100
AcDbEntity
  8
0
  6
Continuous
 62
     7
370
    25
100
AcDbLine
 10
309.2205336279381
 20
387.7919282860241
 30
0.0
 11
309.2205336279381
 21
386.041928286024
 31
0.0
  0
ARC
  5
2DB
330
1F
100
AcDbEntity
  8
0
  6
Continuous
 62
     7
370
    25
100
AcDbCircle
 10
290.2205336279381
 20
388.541928286024
 30
0.0
 40
0.750000000000037
100
AcDbArc
 50
270.0
 51
110.7777156309367
  0
ARC
  5
2DC
330
1F
100
AcDbEntity
  8
0
  6
Continuous
 62
     7
370
    25
100
AcDbCircle
 10
285.7205336279383
 20
400.4021555587512
 30
0.0
 40
11.93522727272719
100
AcDbArc
 50
249.2222843690633
 51
290.7777156309409
  0
ARC
  5
2DD
330
1F
100
AcDbEntity
  8
0
  6
Continuous
 62
     7
370
    25
100
AcDbCircle
 10
281.2205336279383
 20
388.541928286024
 30
0.0
 40
0.750000000000037
100
AcDbArc
 50
69.22228436906329
 51
270.0
  0
LINE
  5
2DE
330
1F
100
AcDbEntity
  8
0
  6
Continuous
 62
     7
370
    25
100
AcDbLine
 10
281.2205336279383
 20
386.041928286024
 30
0.0
 11
281.2205336279383
 21
387.7919282860241
 31
0.0
  0
ARC
  5
2DF
330
1F
100
AcDbEntity
  8
0
  6
Continuous
 62
     7
370
    25
100
AcDbCircle
 10
281.2205336279383
 20
385.291928286024
 30
0.0
 40
0.750000000000037
100
AcDbArc
 50
90.0
 51
290.7777156309367
  0
ARC
  5
2E0
330
1F
100
AcDbEntity
  8
0
  6
Continuous
 62
     7
370
    25
100
AcDbCircle
 10
285.7205336279383
 20
373.4317010132968
 30
0.0
 40
11.93522727272719
100
AcDbArc
 50
69.22228436905912
 51
110.7777156309409
  0
ARC
  5
2E1
330
1F
100
AcDbEntity
  8
0
  6
Continuous
 62
     7
370
    25
100
AcDbCircle
 10
290.2205336279381
 20
385.291928286024
 30
0.0
 40
0.750000000000037
100
AcDbArc
 50
249.2222843690633
 51
90.0
  0
LINE
  5
2E2
330
1F
100
AcDbEntity
  8
0
  6
Continuous
 62
     7
370
    25
100
AcDbLine
 10
290.2205336279381
 20
387.7919282860241
 30
0.0
 11
290.2205336279381
 21
386.041928286024
 31
0.0
  0
CIRCLE
  5
2E3
330
1F
100
AcDbEntity
  8
0
  6
Continuous
 62
     7
370
    25
100
AcDbCircle
 10
295.2205336279381
 20
386.916928286024
 30
0.0
 40
1.422399999999925
  0
ARC
  5
2E4
330
1F
100
AcDbEntity
  8
0
  6
Continuous
 62
     7
370
    25
100
AcDbCircle
 10
334.2205336279381
 20
385.291928286024
 30
0.0
 40
0.75
100
AcDbArc
 50
249.2222843690591
 51
90.0
  0
LINE
  5
2E5
330
1F
100
AcDbEntity
  8
0
  6
Continuous
 62
     7
370
    25
100
AcDbLine
 10
334.2205336279381
 20
387.7919282860241
 30
0.0
 11
334.2205336279381
 21
386.041928286024
 31
0.0
  0
ARC
  5
2E6
330
1F
100
AcDbEntity
  8
0
  6
Continuous
 62
     7
370
    25
100
AcDbCircle
 10
334.2205336279381
 20
388.541928286024
 30
0.0
 40
0.750000000000037
100
AcDbArc
 50
270.0
 51
110.7777156309367
  0
ARC
  5
2E7
330
1F
100
AcDbEntity
  8
0
  6
Continuous
 62
     7
370
    25
100
AcDbCircle
 10
329.720533627938
 20
400.4021555587512
 30
0.0
 40
11.93522727272719
100
AcDbArc
 50
249.2222843690633
 51
290.7777156309409
  0
ARC
  5
2E8
330
1F
100
AcDbEntity
  8
0
  6
Continuous
 62
     7
370
    25
100
AcDbCircle
 10
325.2205336279379
 20
388.541928286024
 30
0.0
 40
0.7500000000000773
100
AcDbArc
 50
69.22228436905609
 51
270.0000000000098
  0
LINE
  5
2E9
330
1F
100
AcDbEntity
  8
0
  6
Continuous
 62
     7
370
    25
100
AcDbLine
 10
325.220533627938
 20
386.041928286024
 30
0.0
 11
325.220533627938
 21
387.7919282860241
 31
0.0
  0
ARC
  5
2EA
330
1F
100
AcDbEntity
  8
0
  6
Continuous
 62
     7
370
    25
100
AcDbCircle
 10
325.2205336279379
 20
385.291928286024
 30
0.0
 40
0.75
100
AcDbArc
 50
89.99999999999023
 51
290.777715630948
  0
ARC
  5
2EB
330
1F
100
AcDbEntity
  8
0
  6
Continuous
 62
     7
370
    25
100
AcDbCircle
 10
329.720533627938
 20
373.4317010132969
 30
0.0
 40
11.93522727272719
100
AcDbArc
 50
69.22228436905912
 51
110.7777156309409
  0
ARC
  5
2EC
330
1F
100
AcDbEntity
  8
0
  6
Continuous
 62
     7
370
    25
100
AcDbCircle
 10
353.2205336279379
 20
385.291928286024
 30
0.0
 40
0.750000000000037
100
AcDbArc
 50
249.2222843690633
 51
90.0
  0
LINE
  5
2ED
330
1F
100
AcDbEntity
  8
0
  6
Continuous
 62
     7
370
    25
100
AcDbLine
 10
353.2205336279379
 20
387.7919282860241
 30
0.0
 11
353.2205336279379
 21
386.041928286024
 31
0.0
  0
ARC
  5
2EE
330
1F
100
AcDbEntity
  8
0
  6
Continuous
 62
     7
370
    25
100
AcDbCircle
 10
353.2205336279379
 20
388.541928286024
 30
0.0
 40
0.750000000000037
100
AcDbArc
 50
270.0
 51
110.7777156309367
  0
ARC
  5
2EF
330
1F
100
AcDbEntity
  8
0
  6
Continuous
 62
     7
370
    25
100
AcDbCircle
 10
348.7205336279379
 20
400.4021555587512
 30
0.0
 40
11.93522727272719
100
AcDbArc
 50
249.2222843690633
 51
290.7777156309409
  0
ARC
  5
2F0
330
1F
100
AcDbEntity
  8
0
  6
Continuous
 62
     7
370
    25
100
AcDbCircle
 10
344.220533627938
 20
388.541928286024
 30
0.0
 40
0.7499999999999966
100
AcDbArc
 50
69.22228436906937
 51
270.0
  0
LINE
  5
2F1
330
1F
100
AcDbEntity
  8
0
  6
Continuous
 62
     7
370
    25
100
AcDbLine
 10
344.220533627938
 20
386.041928286024
 30
0.0
 11
344.220533627938
 21
387.7919282860241
 31
0.0
  0
ARC
  5
2F2
330
1F
100
AcDbEntity
  8
0
  6
Continuous
 62
     7
370
    25
100
AcDbCircle
 10
344.220533627938
 20
385.291928286024
 30
0.0
 40
0.75
100
AcDbArc
 50
90.0
 51
290.7777156309304
  0
ARC
  5
2F3
330
1F
100
AcDbEntity
  8
0
  6
Continuous
 62
     7
370
    25
100
AcDbCircle
 10
348.7205336279379
 20
373.4317010132968
 30
0.0
 40
11.93522727272719
100
AcDbArc
 50
69.22228436905912
 51
110.7777156309409
  0
CIRCLE
  5
2F4
330
1F
100
AcDbEntity
  8
0
  6
Continuous
 62
     7
370
    25
100
AcDbCircle
 10
307.2205336279381
 20
403.0431282860239
 30
0.0
 40
1.419999999999959
  0
ARC
  5
2F5
330
1F
100
AcDbEntity
  8
0
  6
Continuous
 62
     7
370
    25
100
AcDbCircle
 10
305.595533627938
 20
393.833128286024
 30
0.0
 40
0.5000000000000476
100
AcDbArc
 50
143.6219086006933
 51
0.0
  0
LINE
  5
2F6
330
1F
100
AcDbEntity
  8
0
  6
Continuous
 62
     7
370
    25
100
AcDbLine
 10
306.0955336279381
 20
393.833128286024
 30
0.0
 11
308.3455336279381
 21
393.833128286024
 31
0.0
  0
ARC
  5
2F7
330
1F
100
AcDbEntity
  8
0
  6
Continuous
 62
     7
370
    25
100
AcDbCircle
 10
308.845533627938
 20
393.833128286024
 30
0.0
 40
0.5000000000000476
100
AcDbArc
 50
180.0
 51
36.37809139930673
  0
ARC
  5
2F8
330
1F
100
AcDbEntity
  8
0
  6
Continuous
 62
     7
370
    25
100
AcDbCircle
 10
311.2210771061989
 20
395.5831282860241
 30
0.0
 40
2.450543478260875
100
AcDbArc
 50
143.6219086007005
 51
216.3780913993067
  0
ARC
  5
2F9
330
1F
100
AcDbEntity
  8
0
  6
Continuous
 62
     7
370
    25
100
AcDbCircle
 10
308.845533627938
 20
397.3331282860241
 30
0.0
 40
0.5000000000000476
100
AcDbArc
 50
323.6219086006933
 51
180.0
  0
LINE
  5
2FA
330
1F
100
AcDbEntity
  8
0
  6
Continuous
 62
     7
370
    25
100
AcDbLine
 10
308.3455336279381
 20
397.3331282860241
 30
0.0
 11
306.0955336279381
 21
397.3331282860241
 31
0.0
  0
ARC
  5
2FB
330
1F
100
AcDbEntity
  8
0
  6
Continuous
 62
     7
370
    25
100
AcDbCircle
 10
305.595533627938
 20
397.3331282860241
 30
0.0
 40
0.5000000000000476
100
AcDbArc
 50
0.0
 51
216.3780913993086
  0
ARC
  5
2FC
330
1F
100
AcDbEntity
  8
0
  6
Continuous
 62
     7
370
    25
100
AcDbCircle
 10
303.2199901496772
 20
395.5831282860241
 30
0.0
 40
2.450543478260875
100
AcDbArc
 50
323.621908600696
 51
36.37809139929951
  0
ARC
  5
2FD
330
1F
100
AcDbEntity
  8
0
  6
Continuous
 62
     7
370
    25
100
AcDbCircle
 10
305.595533627938
 20
412.2531282860241
 30
0.0
 40
0.5000000000000476
100
AcDbArc
 50
0.0
 51
216.3780913993086
  0
ARC
  5
2FE
330
1F
100
AcDbEntity
  8
0
  6
Continuous
 62
     7
370
    25
100
AcDbCircle
 10
305.595533627938
 20
408.7531282860239
 30
0.0
 40
0.5
100
AcDbArc
 50
143.6219086007051
 51
0.0
  0
LINE
  5
2FF
330
1F
100
AcDbEntity
  8
0
  6
Continuous
 62
     7
370
    25
100
AcDbLine
 10
306.0955336279381
 20
408.7531282860239
 30
0.0
 11
308.3455336279381
 21
408.7531282860239
 31
0.0
  0
ARC
  5
300
330
1F
100
AcDbEntity
  8
0
  6
Continuous
 62
     7
370
    25
100
AcDbCircle
 10
308.845533627938
 20
408.7531282860239
 30
0.0
 40
0.4999999999999802
100
AcDbArc
 50
180.0
 51
36.37809139929488
  0
ARC
  5
301
330
1F
100
AcDbEntity
  8
0
  6
Continuous
 62
     7
370
    25
100
AcDbCircle
 10
311.2210771061989
 20
410.5031282860239
 30
0.0
 40
2.450543478260875
100
AcDbArc
 50
143.6219086006959
 51
216.3780913993067
  0
ARC
  5
302
330
1F
100
AcDbEntity
  8
0
  6
Continuous
 62
     7
370
    25
100
AcDbCircle
 10
308.845533627938
 20
412.2531282860241
 30
0.0
 40
0.5000000000000476
100
AcDbArc
 50
323.6219086006933
 51
180.0
  0
LINE
  5
303
330
1F
100
AcDbEntity
  8
0
  6
Continuous
 62
     7
370
    25
100
AcDbLine
 10
308.3455336279381
 20
412.2531282860241
 30
0.0
 11
306.0955336279381
 21
412.2531282860241
 31
0.0
  0
ARC
  5
304
330
1F
100
AcDbEntity
  8
0
  6
Continuous
 62
     7
370
    25
100
AcDbCircle
 10
303.2199901496772
 20
410.5031282860239
 30
0.0
 40
2.450543478260875
100
AcDbArc
 50
323.621908600696
 51
36.37809139930404
  0
CIRCLE
  5
305
330
1F
100
AcDbEntity
  8
0
  6
Continuous
 62
     7
370
    25
100
AcDbCircle
 10
149.6268542241382
 20
92.24717076481516
 30
0.0
 40
2.319999999999993
  0
ARC
  5
306
330
1F
100
AcDbEntity
  8
0
  6
Continuous
 62
     7
370
    25
100
AcDbCircle
 10
159.3068542241381
 20
107.2471707648152
 30
0.0
 40
5.000000000000056
100
AcDbArc
 50
270.0
 51
0.0
  0
LINE
  5
307
330
1F
100
AcDbEntity
  8
0
  6
Continuous
 62
     7
370
    25
100
AcDbLine
 10
164.3068542241381
 20
107.2471707648152
 30
0.0
 11
164.3068542241381
 21
254.2213546593875
 31
0.0
  0
ARC
  5
308
330
1F
100
AcDbEntity
  8
0
  6
Continuous
 62
     7
370
    25
100
AcDbCircle
 10
159.3068542241381
 20
254.2213546593875
 30
0.0
 40
5.000000000000069
100
AcDbArc
 50
0.0
 51
41.40962210927096
  0
ARC
  5
309
330
1F
100
AcDbEntity
  8
0
  6
Continuous
 62
     7
370
    25
100
AcDbCircle
 10
167.5568542241381
 20
261.4971707648152
 30
0.0
 40
6.0
100
AcDbArc
 50
90.0
 51
221.4096221092713
  0
LINE
  5
30A
330
1F
100
AcDbEntity
  8
0
  6
Continuous
 62
     7
370
    25
100
AcDbLine
 10
195.5568542241381
 20
267.4971707648152
 30
0.0
 11
167.5568542241381
 21
267.4971707648152
 31
0.0
  0
ARC
  5
30B
330
1F
100
AcDbEntity
  8
0
  6
Continuous
 62
     7
370
    25
100
AcDbCircle
 10
195.5568542241381
 20
261.4971707648152
 30
0.0
 40
6.000000000000052
100
AcDbArc
 50
318.590377890729
 51
90.0
  0
ARC
  5
30C
330
1F
100
AcDbEntity
  8
0
  6
Continuous
 62
     7
370
    25
100
AcDbCircle
 10
203.8068542241381
 20
254.2213546593875
 30
0.0
 40
5.0
100
AcDbArc
 50
138.590377890729
 51
180.0
  0
LINE
  5
30D
330
1F
100
AcDbEntity
  8
0
  6
Continuous
 62
     7
370
    25
100
AcDbLine
 10
198.8068542241381
 20
254.2213546593875
 30
0.0
 11
198.8068542241381
 21
95.52298687024279
 31
0.0
  0
ARC
  5
30E
330
1F
100
AcDbEntity
  8
0
  6
Continuous
 62
     7
370
    25
100
AcDbCircle
 10
203.8068542241381
 20
95.52298687024279
 30
0.0
 40
5.0
100
AcDbArc
 50
180.0
 51
221.4096221092709
  0
ARC
  5
30F
330
1F
100
AcDbEntity
  8
0
  6
Continuous
 62
     7
370
    25
100
AcDbCircle
 10
195.5568542241381
 20
88.24717076481517
 30
0.0
 40
6.000000000000009
100
AcDbArc
 50
270.0
 51
41.40962210927096
  0
LINE
  5
310
330
1F
100
AcDbEntity
  8
0
  6
Continuous
 62
     7
370
    25
100
AcDbLine
 10
195.5568542241381
 20
82.24717076481516
 30
0.0
 11
149.306854224138
 21
82.24717076481523
 31
0.0
  0
ARC
  5
311
330
1F
100
AcDbEntity
  8
0
  6
Continuous
 62
     7
370
    25
100
AcDbCircle
 10
149.306854224138
 20
87.24717076481523
 30
0.0
 40
5.0
100
AcDbArc
 50
180.0
 51
270.0
  0
LINE
  5
312
330
1F
100
AcDbEntity
  8
0
  6
Continuous
 62
     7
370
    25
100
AcDbLine
 10
144.306854224138
 20
87.24717076481523
 30
0.0
 11
144.306854224138
 21
97.24717076481518
 31
0.0
  0
ARC
  5
313
330
1F
100
AcDbEntity
  8
0
  6
Continuous
 62
     7
370
    25
100
AcDbCircle
 10
149.306854224138
 20
97.24717076481518
 30
0.0
 40
5.0
100
AcDbArc
 50
90.0
 51
180.0
  0
LINE
  5
314
330
1F
100
AcDbEntity
  8
0
  6
Continuous
 62
     7
370
    25
100
AcDbLine
 10
149.306854224138
 20
102.2471707648151
 30
0.0
 11
159.3068542241381
 21
102.2471707648151
 31
0.0
  0
CIRCLE
  5
315
330
1F
100
AcDbEntity
  8
0
  6
Continuous
 62
     7
370
    25
100
AcDbCircle
 10
181.5568542241381
 20
88.24717076481523
 30
0.0
 40
1.422399999999981
  0
ARC
  5
316
330
1F
100
AcDbEntity
  8
0
  6
Continuous
 62
     7
370
    25
100
AcDbCircle
 10
172.056854224138
 20
100.6721707648152
 30
0.0
 40
10.94999999999997
100
AcDbArc
 50
247.3801350519612
 51
292.6198649480388
  0
ARC
  5
317
330
1F
100
AcDbEntity
  8
0
  6
Continuous
 62
     7
370
    25
100
AcDbCircle
 10
167.5568542241381
 20
89.87217076481517
 30
0.0
 40
0.7500000000000437
100
AcDbArc
 50
67.3801350519612
 51
270.0
  0
LINE
  5
318
330
1F
100
AcDbEntity
  8
0
  6
Continuous
 62
     7
370
    25
100
AcDbLine
 10
167.5568542241381
 20
89.12217076481523
 30
0.0
 11
167.5568542241381
 21
87.37217076481517
 31
0.0
  0
ARC
  5
319
330
1F
100
AcDbEntity
  8
0
  6
Continuous
 62
     7
370
    25
100
AcDbCircle
 10
167.5568542241381
 20
86.62217076481516
 30
0.0
 40
0.75
100
AcDbArc
 50
90.0
 51
292.6198649480458
  0
ARC
  5
31A
330
1F
100
AcDbEntity
  8
0
  6
Continuous
 62
     7
370
    25
100
AcDbCircle
 10
172.056854224138
 20
75.82217076481516
 30
0.0
 40
10.95000000000004
100
AcDbArc
 50
67.3801350519612
 51
112.6198649480388
  0
ARC
  5
31B
330
1F
100
AcDbEntity
  8
0
  6
Continuous
 62
     7
370
    25
100
AcDbCircle
 10
176.556854224138
 20
86.62217076481516
 30
0.0
 40
0.75
100
AcDbArc
 50
247.3801350519612
 51
90.0
  0
LINE
  5
31C
330
1F
100
AcDbEntity
  8
0
  6
Continuous
 62
     7
370
    25
100
AcDbLine
 10
176.556854224138
 20
87.37217076481517
 30
0.0
 11
176.556854224138
 21
89.12217076481523
 31
0.0
  0
ARC
  5
31D
330
1F
100
AcDbEntity
  8
0
  6
Continuous
 62
     7
370
    25
100
AcDbCircle
 10
176.556854224138
 20
89.87217076481517
 30
0.0
 40
0.7500000000000437
100
AcDbArc
 50
270.0
 51
112.6198649480388
  0
ARC
  5
31E
330
1F
100
AcDbEntity
  8
0
  6
Continuous
 62
     7
370
    25
100
AcDbCircle
 10
191.056854224138
 20
100.6721707648152
 30
0.0
 40
10.94999999999997
100
AcDbArc
 50
247.3801350519612
 51
292.6198649480388
  0
ARC
  5
31F
330
1F
100
AcDbEntity
  8
0
  6
Continuous
 62
     7
370
    25
100
AcDbCircle
 10
186.5568542241381
 20
89.87217076481517
 30
0.0
 40
0.7500000000000437
100
AcDbArc
 50
67.3801350519612
 51
270.0
  0
LINE
  5
320
330
1F
100
AcDbEntity
  8
0
  6
Continuous
 62
     7
370
    25
100
AcDbLine
 10
186.5568542241381
 20
89.12217076481523
 30
0.0
 11
186.5568542241381
 21
87.37217076481517
 31
0.0
  0
ARC
  5
321
330
1F
100
AcDbEntity
  8
0
  6
Continuous
 62
     7
370
    25
100
AcDbCircle
 10
186.5568542241381
 20
86.62217076481516
 30
0.0
 40
0.75
100
AcDbArc
 50
90.0
 51
292.6198649480458
  0
ARC
  5
322
330
1F
100
AcDbEntity
  8
0
  6
Continuous
 62
     7
370
    25
100
AcDbCircle
 10
191.056854224138
 20
75.82217076481516
 30
0.0
 40
10.95000000000002
100
AcDbArc
 50
67.3801350519612
 51
112.6198649480388
  0
ARC
  5
323
330
1F
100
AcDbEntity
  8
0
  6
Continuous
 62
     7
370
    25
100
AcDbCircle
 10
195.5568542241381
 20
86.62217076481516
 30
0.0
 40
0.75
100
AcDbArc
 50
247.3801350519612
 51
90.0
  0
LINE
  5
324
330
1F
100
AcDbEntity
  8
0
  6
Continuous
 62
     7
370
    25
100
AcDbLine
 10
195.5568542241381
 20
87.37217076481517
 30
0.0
 11
195.5568542241381
 21
89.12217076481523
 31
0.0
  0
ARC
  5
325
330
1F
100
AcDbEntity
  8
0
  6
Continuous
 62
     7
370
    25
100
AcDbCircle
 10
195.5568542241381
 20
89.87217076481517
 30
0.0
 40
0.7500000000000437
100
AcDbArc
 50
270.0
 51
112.6198649480388
  0
CIRCLE
  5
326
330
1F
100
AcDbEntity
  8
0
  6
Continuous
 62
     7
370
    25
100
AcDbCircle
 10
181.5568542241381
 20
261.4971707648152
 30
0.0
 40
1.422400000000038
  0
ARC
  5
327
330
1F
100
AcDbEntity
  8
0
  6
Continuous
 62
     7
370
    25
100
AcDbCircle
 10
176.556854224138
 20
263.1221707648152
 30
0.0
 40
0.75
100
AcDbArc
 50
270.0
 51
112.6198649480388
  0
ARC
  5
328
330
1F
100
AcDbEntity
  8
0
  6
Continuous
 62
     7
370
    25
100
AcDbCircle
 10
172.056854224138
 20
273.9221707648152
 30
0.0
 40
10.95000000000004
100
AcDbArc
 50
247.3801350519612
 51
292.6198649480388
  0
ARC
  5
329
330
1F
100
AcDbEntity
  8
0
  6
Continuous
 62
     7
370
    25
100
AcDbCircle
 10
167.5568542241381
 20
263.1221707648152
 30
0.0
 40
0.75
100
AcDbArc
 50
67.3801350519612
 51
270.0
  0
LINE
  5
32A
330
1F
100
AcDbEntity
  8
0
  6
Continuous
 62
     7
370
    25
100
AcDbLine
 10
167.5568542241381
 20
262.3721707648152
 30
0.0
 11
167.5568542241381
 21
260.6221707648152
 31
0.0
  0
ARC
  5
32B
330
1F
100
AcDbEntity
  8
0
  6
Continuous
 62
     7
370
    25
100
AcDbCircle
 10
167.5568542241381
 20
259.8721707648152
 30
0.0
 40
0.7500000000000569
100
AcDbArc
 50
90.0
 51
292.6198649480458
  0
ARC
  5
32C
330
1F
100
AcDbEntity
  8
0
  6
Continuous
 62
     7
370
    25
100
AcDbCircle
 10
172.056854224138
 20
249.0721707648152
 30
0.0
 40
10.95000000000002
100
AcDbArc
 50
67.3801350519612
 51
112.6198649480388
  0
ARC
  5
32D
330
1F
100
AcDbEntity
  8
0
  6
Continuous
 62
     7
370
    25
100
AcDbCircle
 10
176.556854224138
 20
259.8721707648152
 30
0.0
 40
0.7500000000000569
100
AcDbArc
 50
247.3801350519612
 51
90.0
  0
LINE
  5
32E
330
1F
100
AcDbEntity
  8
0
  6
Continuous
 62
     7
370
    25
100
AcDbLine
 10
176.556854224138
 20
260.6221707648152
 30
0.0
 11
176.556854224138
 21
262.3721707648152
 31
0.0
  0
ARC
  5
32F
330
1F
100
AcDbEntity
  8
0
  6
Continuous
 62
     7
370
    25
100
AcDbCircle
 10
195.5568542241381
 20
263.1221707648152
 30
0.0
 40
0.75
100
AcDbArc
 50
270.0
 51
112.6198649480388
  0
ARC
  5
330
330
1F
100
AcDbEntity
  8
0
  6
Continuous
 62
     7
370
    25
100
AcDbCircle
 10
191.056854224138
 20
273.9221707648152
 30
0.0
 40
10.95000000000002
100
AcDbArc
 50
247.3801350519612
 51
292.6198649480388
  0
ARC
  5
331
330
1F
100
AcDbEntity
  8
0
  6
Continuous
 62
     7
370
    25
100
AcDbCircle
 10
186.5568542241381
 20
263.1221707648152
 30
0.0
 40
0.75
100
AcDbArc
 50
67.3801350519612
 51
270.0
  0
LINE
  5
332
330
1F
100
AcDbEntity
  8
0
  6
Continuous
 62
     7
370
    25
100
AcDbLine
 10
186.5568542241381
 20
262.3721707648152
 30
0.0
 11
186.5568542241381
 21
260.6221707648152
 31
0.0
  0
ARC
  5
333
330
1F
100
AcDbEntity
  8
0
  6
Continuous
 62
     7
370
    25
100
AcDbCircle
 10
186.5568542241381
 20
259.8721707648152
 30
0.0
 40
0.7500000000000569
100
AcDbArc
 50
90.0
 51
292.6198649480458
  0
ARC
  5
334
330
1F
100
AcDbEntity
  8
0
  6
Continuous
 62
     7
370
    25
100
AcDbCircle
 10
191.056854224138
 20
249.0721707648152
 30
0.0
 40
10.95000000000002
100
AcDbArc
 50
67.3801350519612
 51
112.6198649480388
  0
ARC
  5
335
330
1F
100
AcDbEntity
  8
0
  6
Continuous
 62
     7
370
    25
100
AcDbCircle
 10
195.5568542241381
 20
259.8721707648152
 30
0.0
 40
0.7500000000000569
100
AcDbArc
 50
247.3801350519612
 51
90.0
  0
LINE
  5
336
330
1F
100
AcDbEntity
  8
0
  6
Continuous
 62
     7
370
    25
100
AcDbLine
 10
195.5568542241381
 20
260.6221707648152
 30
0.0
 11
195.5568542241381
 21
262.3721707648152
 31
0.0
  0
ARC
  5
337
330
1F
100
AcDbEntity
  8
0
  6
Continuous
 62
     7
370
    25
100
AcDbCircle
 10
178.3068542241382
 20
153.8721707648151
 30
0.0
 40
10.94999999999999
100
AcDbArc
 50
247.3801350519612
 51
292.6198649480388
  0
ARC
  5
338
330
1F
100
AcDbEntity
  8
0
  6
Continuous
 62
     7
370
    25
100
AcDbCircle
 10
173.8068542241381
 20
143.0721707648151
 30
0.0
 40
0.7500000000000437
100
AcDbArc
 50
67.3801350519612
 51
270.0
  0
LINE
  5
339
330
1F
100
AcDbEntity
  8
0
  6
Continuous
 62
     7
370
    25
100
AcDbLine
 10
173.8068542241381
 20
142.3221707648152
 30
0.0
 11
173.8068542241382
 21
140.5721707648151
 31
0.0
  0
ARC
  5
33A
330
1F
100
AcDbEntity
  8
0
  6
Continuous
 62
     7
370
    25
100
AcDbCircle
 10
173.8068542241383
 20
139.8221707648151
 30
0.0
 40
0.75
100
AcDbArc
 50
90.0
 51
292.6198649480388
  0
ARC
  5
33B
330
1F
100
AcDbEntity
  8
0
  6
Continuous
 62
     7
370
    25
100
AcDbCircle
 10
178.3068542241382
 20
129.0221707648152
 30
0.0
 40
10.94999999999991
100
AcDbArc
 50
67.3801350519612
 51
112.6198649480388
  0
ARC
  5
33C
330
1F
100
AcDbEntity
  8
0
  6
Continuous
 62
     7
370
    25
100
AcDbCircle
 10
182.8068542241382
 20
139.8221707648149
 30
0.0
 40
0.7500000000002274
100
AcDbArc
 50
247.3801350519541
 51
89.99999999999349
  0
LINE
  5
33D
330
1F
100
AcDbEntity
  8
0
  6
Continuous
 62
     7
370
    25
100
AcDbLine
 10
182.8068542241383
 20
140.5721707648151
 30
0.0
 11
182.806854224138
 21
142.3221707648147
 31
0.0
  0
ARC
  5
33E
330
1F
100
AcDbEntity
  8
0
  6
Continuous
 62
     7
370
    25
100
AcDbCircle
 10
182.8068542241382
 20
143.0721707648149
 30
0.0
 40
0.7500000000002755
100
AcDbArc
 50
269.9999999999935
 51
112.6198649480388
  0
LINE
  5
33F
330
1F
100
AcDbEntity
  8
0
  6
Continuous
 62
     7
370
    25
100
AcDbLine
 10
182.8068542241383
 20
209.1721707648152
 30
0.0
 11
182.806854224138
 21
207.4221707648156
 31
0.0
  0
ARC
  5
340
330
1F
100
AcDbEntity
  8
0
  6
Continuous
 62
     7
370
    25
100
AcDbCircle
 10
182.8068542241382
 20
209.9221707648155
 30
0.0
 40
0.7500000000002843
100
AcDbArc
 50
270.0
 51
112.6198649480459
  0
ARC
  5
341
330
1F
100
AcDbEntity
  8
0
  6
Continuous
 62
     7
370
    25
100
AcDbCircle
 10
178.3068542241382
 20
220.7221707648151
 30
0.0
 40
10.94999999999986
100
AcDbArc
 50
247.3801350519612
 51
292.6198649480458
  0
ARC
  5
342
330
1F
100
AcDbEntity
  8
0
  6
Continuous
 62
     7
370
    25
100
AcDbCircle
 10
173.8068542241383
 20
209.9221707648152
 30
0.0
 40
0.7500000000000219
100
AcDbArc
 50
67.38013505196815
 51
269.9999999999935
  0
LINE
  5
343
330
1F
100
AcDbEntity
  8
0
  6
Continuous
 62
     7
370
    25
100
AcDbLine
 10
173.8068542241381
 20
207.4221707648152
 30
0.0
 11
173.8068542241382
 21
209.1721707648152
 31
0.0
  0
ARC
  5
344
330
1F
100
AcDbEntity
  8
0
  6
Continuous
 62
     7
370
    25
100
AcDbCircle
 10
173.8068542241381
 20
206.6721707648151
 30
0.0
 40
0.7500000000000569
100
AcDbArc
 50
90.0
 51
292.6198649480458
  0
ARC
  5
345
330
1F
100
AcDbEntity
  8
0
  6
Continuous
 62
     7
370
    25
100
AcDbCircle
 10
178.3068542241382
 20
195.8721707648152
 30
0.0
 40
10.95000000000004
100
AcDbArc
 50
67.3801350519612
 51
112.6198649480388
  0
ARC
  5
346
330
1F
100
AcDbEntity
  8
0
  6
Continuous
 62
     7
370
    25
100
AcDbCircle
 10
182.8068542241382
 20
206.6721707648154
 30
0.0
 40
0.7500000000002274
100
AcDbArc
 50
247.3801350519612
 51
90.0
  0
CIRCLE
  5
347
330
1F
100
AcDbEntity
  8
0
  6
Continuous
 62
     7
370
    25
100
AcDbCircle
 10
178.2068542241382
 20
130.5721707648152
 30
0.0
 40
1.499999999999943
  0
CIRCLE
  5
348
330
1F
100
AcDbEntity
  8
0
  6
Continuous
 62
     7
370
    25
100
AcDbCircle
 10
178.2068542241382
 20
118.9721707648151
 30
0.0
 40
0.9000000000000341
  0
CIRCLE
  5
349
330
1F
100
AcDbEntity
  8
0
  6
Continuous
 62
     7
370
    25
100
AcDbCircle
 10
178.2068542241382
 20
104.3721707648152
 30
0.0
 40
2.274999999999977
  0
CIRCLE
  5
34A
330
1F
100
AcDbEntity
  8
0
  6
Continuous
 62
     7
370
    25
100
AcDbCircle
 10
178.2068542241382
 20
245.3721707648152
 30
0.0
 40
2.275000000000034
  0
CIRCLE
  5
34B
330
1F
100
AcDbEntity
  8
0
  6
Continuous
 62
     7
370
    25
100
AcDbCircle
 10
178.2068542241382
 20
219.1721707648152
 30
0.0
 40
1.500000000000056
  0
CIRCLE
  5
34C
330
1F
100
AcDbEntity
  8
0
  6
Continuous
 62
     7
370
    25
100
AcDbCircle
 10
178.2068542241382
 20
230.7721707648151
 30
0.0
 40
0.8999999999999204
  0
ARC
  5
34D
330
1F
100
AcDbEntity
  8
0
  6
Continuous
 62
     7
370
    25
100
AcDbCircle
 10
207.4170814968654
 20
184.3721707648152
 30
0.0
 40
11.93522727272719
100
AcDbArc
 50
159.2222843690599
 51
200.7777156309408
  0
ARC
  5
34E
330
1F
100
AcDbEntity
  8
0
  6
Continuous
 62
     7
370
    25
100
AcDbCircle
 10
195.5568542241381
 20
188.8721707648151
 30
0.0
 40
0.750000000000037
100
AcDbArc
 50
339.2222843690618
 51
180.0
  0
LINE
  5
34F
330
1F
100
AcDbEntity
  8
0
  6
Continuous
 62
     7
370
    25
100
AcDbLine
 10
193.056854224138
 20
188.8721707648151
 30
0.0
 11
194.806854224138
 21
188.8721707648151
 31
0.0
  0
ARC
  5
350
330
1F
100
AcDbEntity
  8
0
  6
Continuous
 62
     7
370
    25
100
AcDbCircle
 10
192.3068542241381
 20
188.8721707648151
 30
0.0
 40
0.75
100
AcDbArc
 50
0.0
 51
200.7777156309401
  0
ARC
  5
351
330
1F
100
AcDbEntity
  8
0
  6
Continuous
 62
     7
370
    25
100
AcDbCircle
 10
180.4466269514109
 20
184.3721707648152
 30
0.0
 40
11.93522727272725
100
AcDbArc
 50
339.2222843690599
 51
20.77771563094007
  0
ARC
  5
352
330
1F
100
AcDbEntity
  8
0
  6
Continuous
 62
     7
370
    25
100
AcDbCircle
 10
192.3068542241381
 20
179.8721707648151
 30
0.0
 40
0.75
100
AcDbArc
 50
159.2222843690599
 51
0.0
  0
LINE
  5
353
330
1F
100
AcDbEntity
  8
0
  6
Continuous
 62
     7
370
    25
100
AcDbLine
 10
194.806854224138
 20
179.8721707648151
 30
0.0
 11
193.056854224138
 21
179.8721707648151
 31
0.0
  0
ARC
  5
354
330
1F
100
AcDbEntity
  8
0
  6
Continuous
 62
     7
370
    25
100
AcDbCircle
 10
195.5568542241381
 20
179.8721707648151
 30
0.0
 40
0.750000000000037
100
AcDbArc
 50
180.0
 51
20.77771563093817
  0
ARC
  5
355
330
1F
100
AcDbEntity
  8
0
  6
Continuous
 62
     7
370
    25
100
AcDbCircle
 10
207.4170814968654
 20
165.3721707648152
 30
0.0
 40
11.93522727272719
100
AcDbArc
 50
159.2222843690599
 51
200.7777156309408
  0
ARC
  5
356
330
1F
100
AcDbEntity
  8
0
  6
Continuous
 62
     7
370
    25
100
AcDbCircle
 10
195.5568542241381
 20
169.8721707648152
 30
0.0
 40
0.7500000000001103
100
AcDbArc
 50
339.2222843690599
 51
180.0
  0
LINE
  5
357
330
1F
100
AcDbEntity
  8
0
  6
Continuous
 62
     7
370
    25
100
AcDbLine
 10
193.056854224138
 20
169.8721707648152
 30
0.0
 11
194.806854224138
 21
169.8721707648152
 31
0.0
  0
ARC
  5
358
330
1F
100
AcDbEntity
  8
0
  6
Continuous
 62
     7
370
    25
100
AcDbCircle
 10
192.3068542241381
 20
169.8721707648152
 30
0.0
 40
0.750000000000004
100
AcDbArc
 50
0.0
 51
200.7777156309431
  0
ARC
  5
359
330
1F
100
AcDbEntity
  8
0
  6
Continuous
 62
     7
370
    25
100
AcDbCircle
 10
180.4466269514109
 20
165.3721707648152
 30
0.0
 40
11.93522727272725
100
AcDbArc
 50
339.2222843690599
 51
20.77771563094007
  0
ARC
  5
35A
330
1F
100
AcDbEntity
  8
0
  6
Continuous
 62
     7
370
    25
100
AcDbCircle
 10
192.3068542241381
 20
160.8721707648152
 30
0.0
 40
0.75
100
AcDbArc
 50
159.2222843690599
 51
0.0000000000048853
  0
LINE
  5
35B
330
1F
100
AcDbEntity
  8
0
  6
Continuous
 62
     7
370
    25
100
AcDbLine
 10
194.806854224138
 20
160.8721707648153
 30
0.0
 11
193.056854224138
 21
160.8721707648153
 31
0.0
  0
ARC
  5
35C
330
1F
100
AcDbEntity
  8
0
  6
Continuous
 62
     7
370
    25
100
AcDbCircle
 10
195.5568542241381
 20
160.8721707648152
 30
0.0
 40
0.7500000000000902
100
AcDbArc
 50
179.9999999999951
 51
20.77771563093664
  0
CIRCLE
  5
35D
330
1F
100
AcDbEntity
  8
0
  6
Continuous
 62
     7
370
    25
100
AcDbCircle
 10
193.931854224138
 20
174.8721707648151
 30
0.0
 40
1.422399999999981
  0
ARC
  5
35E
330
1F
100
AcDbEntity
  8
0
  6
Continuous
 62
     7
370
    25
100
AcDbCircle
 10
16.80685422413808
 20
274.5419282860239
 30
0.0
 40
0.75
100
AcDbArc
 50
180.0
 51
0.0
  0
LINE
  5
35F
330
1F
100
AcDbEntity
  8
0
  6
Continuous
 62
     7
370
    25
100
AcDbLine
 10
17.55685422413808
 20
274.5419282860239
 30
0.0
 11
17.55685422413808
 21
277.7919282860239
 31
0.0
  0
LINE
  5
360
330
1F
100
AcDbEntity
  8
0
  6
Continuous
 62
     7
370
    25
100
AcDbLine
 10
17.55685422413808
 20
277.7919282860239
 30
0.0
 11
26.55685422413819
 21
277.7919282860239
 31
0.0
  0
LINE
  5
361
330
1F
100
AcDbEntity
  8
0
  6
Continuous
 62
     7
370
    25
100
AcDbLine
 10
26.55685422413819
 20
274.5419282860239
 30
0.0
 11
26.55685422413819
 21
277.7919282860239
 31
0.0
  0
ARC
  5
362
330
1F
100
AcDbEntity
  8
0
  6
Continuous
 62
     7
370
    25
100
AcDbCircle
 10
27.30685422413808
 20
274.5419282860239
 30
0.0
 40
0.75
100
AcDbArc
 50
180.0
 51
0.0
  0
LINE
  5
363
330
1F
100
AcDbEntity
  8
0
  6
Continuous
 62
     7
370
    25
100
AcDbLine
 10
36.05685422413808
 20
274.5419282860239
 30
0.0
 11
28.05685422413808
 21
274.5419282860239
 31
0.0
  0
LINE
  5
364
330
1F
100
AcDbEntity
  8
0
  6
Continuous
 62
     7
370
    25
100
AcDbLine
 10
36.05685422413808
 20
274.5419282860239
 30
0.0
 11
36.05685422413808
 21
104.5419282860239
 31
0.0
  0
LINE
  5
365
330
1F
100
AcDbEntity
  8
0
  6
Continuous
 62
     7
370
    25
100
AcDbLine
 10
36.05685422413808
 20
104.5419282860239
 30
0.0
 11
28.05685422413808
 21
104.5419282860239
 31
0.0
  0
ARC
  5
366
330
1F
100
AcDbEntity
  8
0
  6
Continuous
 62
     7
370
    25
100
AcDbCircle
 10
27.30685422413819
 20
104.5419282860238
 30
0.0
 40
0.75
100
AcDbArc
 50
0.0000000000048853
 51
180.0
  0
LINE
  5
367
330
1F
100
AcDbEntity
  8
0
  6
Continuous
 62
     7
370
    25
100
AcDbLine
 10
26.55685422413819
 20
104.5419282860238
 30
0.0
 11
26.55685422413819
 21
101.2919282860239
 31
0.0
  0
LINE
  5
368
330
1F
100
AcDbEntity
  8
0
  6
Continuous
 62
     7
370
    25
100
AcDbLine
 10
26.55685422413819
 20
101.2919282860239
 30
0.0
 11
17.55685422413808
 21
101.2919282860239
 31
0.0
  0
LINE
  5
369
330
1F
100
AcDbEntity
  8
0
  6
Continuous
 62
     7
370
    25
100
AcDbLine
 10
17.55685422413808
 20
104.5419282860239
 30
0.0
 11
17.55685422413808
 21
101.2919282860239
 31
0.0
  0
ARC
  5
36A
330
1F
100
AcDbEntity
  8
0
  6
Continuous
 62
     7
370
    25
100
AcDbCircle
 10
16.80685422413808
 20
104.5419282860238
 30
0.0
 40
0.75
100
AcDbArc
 50
0.0000000000048853
 51
179.9999999999951
  0
LINE
  5
36B
330
1F
100
AcDbEntity
  8
0
  6
Continuous
 62
     7
370
    25
100
AcDbLine
 10
16.05685422413808
 20
104.5419282860239
 30
0.0
 11
8.056854224138078
 21
104.5419282860239
 31
0.0
  0
LINE
  5
36C
330
1F
100
AcDbEntity
  8
0
  6
Continuous
 62
     7
370
    25
100
AcDbLine
 10
8.056854224138078
 20
104.5419282860239
 30
0.0
 11
8.056854224138078
 21
174.5419282860239
 31
0.0
  0
ARC
  5
36D
330
1F
100
AcDbEntity
  8
0
  6
Continuous
 62
     7
370
    25
100
AcDbCircle
 10
8.056854224138078
 20
175.0419282860239
 30
0.0
 40
0.5
100
AcDbArc
 50
270.0
 51
90.0
  0
LINE
  5
36E
330
1F
100
AcDbEntity
  8
0
  6
Continuous
 62
     7
370
    25
100
AcDbLine
 10
8.056854224138078
 20
175.5419282860239
 30
0.0
 11
4.806854224138078
 21
175.5419282860239
 31
0.0
  0
LINE
  5
36F
330
1F
100
AcDbEntity
  8
0
  6
Continuous
 62
     7
370
    25
100
AcDbLine
 10
4.806854224138078
 20
175.5419282860239
 30
0.0
 11
4.806854224138078
 21
184.5419282860239
 31
0.0
  0
LINE
  5
370
330
1F
100
AcDbEntity
  8
0
  6
Continuous
 62
     7
370
    25
100
AcDbLine
 10
8.056854224138078
 20
184.5419282860239
 30
0.0
 11
4.806854224138078
 21
184.5419282860239
 31
0.0
  0
ARC
  5
371
330
1F
100
AcDbEntity
  8
0
  6
Continuous
 62
     7
370
    25
100
AcDbCircle
 10
8.056854224138078
 20
185.0419282860239
 30
0.0
 40
0.5000000000000569
100
AcDbArc
 50
270.0
 51
90.0
  0
LINE
  5
372
330
1F
100
AcDbEntity
  8
0
  6
Continuous
 62
     7
370
    25
100
AcDbLine
 10
8.056854224138078
 20
185.5419282860239
 30
0.0
 11
8.056854224137964
 21
188.1195282860239
 31
0.0
  0
LINE
  5
373
330
1F
100
AcDbEntity
  8
0
  6
Continuous
 62
     7
370
    25
100
AcDbLine
 10
13.52560422413785
 20
188.1195282860239
 30
0.0
 11
8.056854224137964
 21
188.1195282860239
 31
0.0
  0
LINE
  5
374
330
1F
100
AcDbEntity
  8
0
  6
Continuous
 62
     7
370
    25
100
AcDbLine
 10
13.52560422413785
 20
186.8669282860239
 30
0.0
 11
13.52560422413785
 21
188.1195282860239
 31
0.0
  0
ARC
  5
375
330
1F
100
AcDbEntity
  8
0
  6
Continuous
 62
     7
370
    25
100
AcDbCircle
 10
13.52560422413796
 20
186.3669282860239
 30
0.0
 40
0.5
100
AcDbArc
 50
90.00000000001303
 51
0.0
  0
LINE
  5
376
330
1F
100
AcDbEntity
  8
0
  6
Continuous
 62
     7
370
    25
100
AcDbLine
 10
15.40685422413787
 20
186.3669282860239
 30
0.0
 11
14.02560422413796
 21
186.3669282860239
 31
0.0
  0
ARC
  5
377
330
1F
100
AcDbEntity
  8
0
  6
Continuous
 62
     7
370
    25
100
AcDbCircle
 10
15.90685422413798
 20
186.3669282860239
 30
0.0
 40
0.5000000000001137
100
AcDbArc
 50
180.0
 51
90.00000000001303
  0
LINE
  5
378
330
1F
100
AcDbEntity
  8
0
  6
Continuous
 62
     7
370
    25
100
AcDbLine
 10
15.90685422413787
 20
188.1195282860239
 30
0.0
 11
15.90685422413787
 21
186.8669282860239
 31
0.0
  0
LINE
  5
379
330
1F
100
AcDbEntity
  8
0
  6
Continuous
 62
     7
370
    25
100
AcDbLine
 10
17.4068542241381
 20
188.1195282860239
 30
0.0
 11
15.90685422413787
 21
188.1195282860239
 31
0.0
  0
ARC
  5
37A
330
1F
100
AcDbEntity
  8
0
  6
Continuous
 62
     7
370
    25
100
AcDbCircle
 10
17.9068542241381
 20
188.1195282860239
 30
0.0
 40
0.5
100
AcDbArc
 50
180.0
 51
90.0
  0
LINE
  5
37B
330
1F
100
AcDbEntity
  8
0
  6
Continuous
 62
     7
370
    25
100
AcDbLine
 10
17.9068542241381
 20
190.4643282860239
 30
0.0
 11
17.9068542241381
 21
188.6195282860239
 31
0.0
  0
ARC
  5
37C
330
1F
100
AcDbEntity
  8
0
  6
Continuous
 62
     7
370
    25
100
AcDbCircle
 10
17.9068542241381
 20
190.9643282860239
 30
0.0
 40
0.5
100
AcDbArc
 50
270.0
 51
180.0
  0
LINE
  5
37D
330
1F
100
AcDbEntity
  8
0
  6
Continuous
 62
     7
370
    25
100
AcDbLine
 10
15.90685422413787
 20
190.9643282860239
 30
0.0
 11
17.4068542241381
 21
190.9643282860239
 31
0.0
  0
LINE
  5
37E
330
1F
100
AcDbEntity
  8
0
  6
Continuous
 62
     7
370
    25
100
AcDbLine
 10
15.90685422413787
 20
192.2169282860239
 30
0.0
 11
15.90685422413787
 21
190.9643282860239
 31
0.0
  0
ARC
  5
37F
330
1F
100
AcDbEntity
  8
0
  6
Continuous
 62
     7
370
    25
100
AcDbCircle
 10
15.90685422413798
 20
192.7169282860239
 30
0.0
 40
0.5000000000001137
100
AcDbArc
 50
269.999999999987
 51
180.0
  0
LINE
  5
380
330
1F
100
AcDbEntity
  8
0
  6
Continuous
 62
     7
370
    25
100
AcDbLine
 10
14.02560422413796
 20
192.7169282860239
 30
0.0
 11
15.40685422413787
 21
192.7169282860239
 31
0.0
  0
ARC
  5
381
330
1F
100
AcDbEntity
  8
0
  6
Continuous
 62
     7
370
    25
100
AcDbCircle
 10
13.52560422413796
 20
192.7169282860239
 30
0.0
 40
0.5
100
AcDbArc
 50
0.0
 51
269.999999999987
  0
LINE
  5
382
330
1F
100
AcDbEntity
  8
0
  6
Continuous
 62
     7
370
    25
100
AcDbLine
 10
13.52560422413785
 20
190.9643282860239
 30
0.0
 11
13.52560422413785
 21
192.2169282860239
 31
0.0
  0
LINE
  5
383
330
1F
100
AcDbEntity
  8
0
  6
Continuous
 62
     7
370
    25
100
AcDbLine
 10
8.056854224137964
 20
190.9643282860239
 30
0.0
 11
13.52560422413785
 21
190.9643282860239
 31
0.0
  0
LINE
  5
384
330
1F
100
AcDbEntity
  8
0
  6
Continuous
 62
     7
370
    25
100
AcDbLine
 10
8.056854224137964
 20
190.9643282860239
 30
0.0
 11
8.056854224138078
 21
193.5419282860239
 31
0.0
  0
ARC
  5
385
330
1F
100
AcDbEntity
  8
0
  6
Continuous
 62
     7
370
    25
100
AcDbCircle
 10
8.056854224138078
 20
194.0419282860239
 30
0.0
 40
0.5000000000000569
100
AcDbArc
 50
270.0
 51
90.0
  0
LINE
  5
386
330
1F
100
AcDbEntity
  8
0
  6
Continuous
 62
     7
370
    25
100
AcDbLine
 10
8.056854224138078
 20
194.5419282860239
 30
0.0
 11
4.806854224138078
 21
194.5419282860239
 31
0.0
  0
LINE
  5
387
330
1F
100
AcDbEntity
  8
0
  6
Continuous
 62
     7
370
    25
100
AcDbLine
 10
4.806854224138078
 20
203.5419282860239
 30
0.0
 11
4.806854224138078
 21
194.5419282860239
 31
0.0
  0
LINE
  5
388
330
1F
100
AcDbEntity
  8
0
  6
Continuous
 62
     7
370
    25
100
AcDbLine
 10
8.056854224138078
 20
203.5419282860239
 30
0.0
 11
4.806854224138078
 21
203.5419282860239
 31
0.0
  0
ARC
  5
389
330
1F
100
AcDbEntity
  8
0
  6
Continuous
 62
     7
370
    25
100
AcDbCircle
 10
8.056854224138078
 20
204.0419282860239
 30
0.0
 40
0.5
100
AcDbArc
 50
270.0
 51
90.0
  0
LINE
  5
38A
330
1F
100
AcDbEntity
  8
0
  6
Continuous
 62
     7
370
    25
100
AcDbLine
 10
8.056854224138078
 20
204.5419282860239
 30
0.0
 11
8.056854224138078
 21
274.5419282860239
 31
0.0
  0
LINE
  5
38B
330
1F
100
AcDbEntity
  8
0
  6
Continuous
 62
     7
370
    25
100
AcDbLine
 10
16.05685422413808
 20
274.5419282860239
 30
0.0
 11
8.056854224138078
 21
274.5419282860239
 31
0.0
  0
ARC
  5
38C
330
1F
100
AcDbEntity
  8
0
  6
Continuous
 62
     7
370
    25
100
AcDbCircle
 10
27.19190807642485
 20
239.0583190597844
 30
0.0
 40
2.000000000000012
100
AcDbArc
 50
46.01339442395029
 51
226.0133944239462
  0
ARC
  5
38D
330
1F
100
AcDbEntity
  8
0
  6
Continuous
 62
     7
370
    25
100
AcDbCircle
 10
22.1568542241381
 20
233.8419282860239
 30
0.0
 40
5.250000000000043
100
AcDbArc
 50
13.98660557605152
 51
46.01339442395029
  0
ARC
  5
38E
330
1F
100
AcDbEntity
  8
0
  6
Continuous
 62
     7
370
    25
100
AcDbCircle
 10
29.19190807642485
 20
235.5942174446466
 30
0.0
 40
2.000000000000072
100
AcDbArc
 50
193.9866055760515
 51
13.98660557605152
  0
ARC
  5
38F
330
1F
100
AcDbEntity
  8
0
  6
Continuous
 62
     7
370
    25
100
AcDbCircle
 10
22.1568542241381
 20
233.8419282860239
 30
0.0
 40
9.250000000000042
100
AcDbArc
 50
13.98660557605152
 51
46.01339442394681
  0
CIRCLE
  5
390
330
1F
100
AcDbEntity
  8
0
  6
Continuous
 62
     7
370
    25
100
AcDbCircle
 10
22.1568542241381
 20
233.8419282860239
 30
0.0
 40
3.074999999999988
  0
CIRCLE
  5
391
330
1F
100
AcDbEntity
  8
0
  6
Continuous
 62
     7
370
    25
100
AcDbCircle
 10
22.1568542241381
 20
260.041928286024
 30
0.0
 40
2.274999999999977
  0
CIRCLE
  5
392
330
1F
100
AcDbEntity
  8
0
  6
Continuous
 62
     7
370
    25
100
AcDbCircle
 10
22.1568542241381
 20
119.0419282860239
 30
0.0
 40
2.275000000000034
  0
ARC
  5
393
330
1F
100
AcDbEntity
  8
0
  6
Continuous
 62
     7
370
    25
100
AcDbCircle
 10
15.12180037185146
 20
146.9942174446465
 30
0.0
 40
1.999999999999976
100
AcDbArc
 50
166.0133944239469
 51
346.0133944239501
  0
ARC
  5
394
330
1F
100
AcDbEntity
  8
0
  6
Continuous
 62
     7
370
    25
100
AcDbCircle
 10
22.1568542241381
 20
145.2419282860239
 30
0.0
 40
5.250000000000007
100
AcDbArc
 50
133.9866055760532
 51
166.0133944239485
  0
ARC
  5
395
330
1F
100
AcDbEntity
  8
0
  6
Continuous
 62
     7
370
    25
100
AcDbCircle
 10
17.12180037185146
 20
150.4583190597843
 30
0.0
 40
2.000000000000054
100
AcDbArc
 50
313.9866055760532
 51
133.9866055760537
  0
ARC
  5
396
330
1F
100
AcDbEntity
  8
0
  6
Continuous
 62
     7
370
    25
100
AcDbCircle
 10
22.1568542241381
 20
145.2419282860239
 30
0.0
 40
9.249999999999991
100
AcDbArc
 50
133.9866055760532
 51
166.0133944239485
  0
ARC
  5
397
330
1F
100
AcDbEntity
  8
0
  6
Continuous
 62
     7
370
    25
100
AcDbCircle
 10
27.19190807642485
 20
140.0255375122635
 30
0.0
 40
2.000000000000015
100
AcDbArc
 50
133.9866055760537
 51
313.9866055760492
  0
ARC
  5
398
330
1F
100
AcDbEntity
  8
0
  6
Continuous
 62
     7
370
    25
100
AcDbCircle
 10
22.1568542241381
 20
145.2419282860239
 30
0.0
 40
9.250000000000072
100
AcDbArc
 50
313.9866055760532
 51
346.0133944239501
  0
ARC
  5
399
330
1F
100
AcDbEntity
  8
0
  6
Continuous
 62
     7
370
    25
100
AcDbCircle
 10
29.19190807642485
 20
143.4896391274012
 30
0.0
 40
2.000000000000072
100
AcDbArc
 50
346.0133944239501
 51
166.0133944239485
  0
ARC
  5
39A
330
1F
100
AcDbEntity
  8
0
  6
Continuous
 62
     7
370
    25
100
AcDbCircle
 10
22.1568542241381
 20
145.2419282860239
 30
0.0
 40
5.250000000000043
100
AcDbArc
 50
313.9866055760532
 51
346.0133944239485
  0
CIRCLE
  5
39B
330
1F
100
AcDbEntity
  8
0
  6
Continuous
 62
     7
370
    25
100
AcDbCircle
 10
22.1568542241381
 20
145.2419282860239
 30
0.0
 40
3.075000000000045
  0
ARC
  5
39C
330
1F
100
AcDbEntity
  8
0
  6
Continuous
 62
     7
370
    25
100
AcDbCircle
 10
17.55685422413808
 20
221.3419282860241
 30
0.0
 40
0.7500000000002274
100
AcDbArc
 50
90.0
 51
292.6198649480351
  0
ARC
  5
39D
330
1F
100
AcDbEntity
  8
0
  6
Continuous
 62
     7
370
    25
100
AcDbCircle
 10
22.05685422413808
 20
210.5419282860239
 30
0.0
 40
10.95000000000006
100
AcDbArc
 50
67.38013505195789
 51
112.6198649480388
  0
ARC
  5
39E
330
1F
100
AcDbEntity
  8
0
  6
Continuous
 62
     7
370
    25
100
AcDbCircle
 10
26.55685422413819
 20
221.3419282860239
 30
0.0
 40
0.7500000000000569
100
AcDbArc
 50
247.3801350519576
 51
90.0
  0
LINE
  5
39F
330
1F
100
AcDbEntity
  8
0
  6
Continuous
 62
     7
370
    25
100
AcDbLine
 10
26.55685422413808
 20
223.8419282860239
 30
0.0
 11
26.55685422413819
 21
222.0919282860239
 31
0.0
  0
ARC
  5
3A0
330
1F
100
AcDbEntity
  8
0
  6
Continuous
 62
     7
370
    25
100
AcDbCircle
 10
26.55685422413808
 20
224.5919282860239
 30
0.0
 40
0.7500000000000437
100
AcDbArc
 50
270.0
 51
112.6198649480388
  0
ARC
  5
3A1
330
1F
100
AcDbEntity
  8
0
  6
Continuous
 62
     7
370
    25
100
AcDbCircle
 10
22.05685422413808
 20
235.3919282860238
 30
0.0
 40
10.94999999999986
100
AcDbArc
 50
247.3801350519612
 51
292.6198649480424
  0
ARC
  5
3A2
330
1F
100
AcDbEntity
  8
0
  6
Continuous
 62
     7
370
    25
100
AcDbCircle
 10
17.55685422413808
 20
224.5919282860242
 30
0.0
 40
0.7500000000002843
100
AcDbArc
 50
67.38013505195425
 51
270.0
  0
LINE
  5
3A3
330
1F
100
AcDbEntity
  8
0
  6
Continuous
 62
     7
370
    25
100
AcDbLine
 10
17.55685422413808
 20
222.0919282860243
 30
0.0
 11
17.55685422413808
 21
223.8419282860239
 31
0.0
  0
ARC
  5
3A4
330
1F
100
AcDbEntity
  8
0
  6
Continuous
 62
     7
370
    25
100
AcDbCircle
 10
17.55685422413808
 20
157.7419282860236
 30
0.0
 40
0.7500000000002536
100
AcDbArc
 50
67.38013505196815
 51
270.0
  0
LINE
  5
3A5
330
1F
100
AcDbEntity
  8
0
  6
Continuous
 62
     7
370
    25
100
AcDbLine
 10
17.55685422413808
 20
156.9919282860235
 30
0.0
 11
17.55685422413808
 21
155.2419282860239
 31
0.0
  0
ARC
  5
3A6
330
1F
100
AcDbEntity
  8
0
  6
Continuous
 62
     7
370
    25
100
AcDbCircle
 10
17.55685422413808
 20
154.4919282860236
 30
0.0
 40
0.7500000000002274
100
AcDbArc
 50
90.0
 51
292.6198649480494
  0
ARC
  5
3A7
330
1F
100
AcDbEntity
  8
0
  6
Continuous
 62
     7
370
    25
100
AcDbCircle
 10
22.05685422413808
 20
143.691928286024
 30
0.0
 40
10.94999999999991
100
AcDbArc
 50
67.3801350519612
 51
112.6198649480421
  0
ARC
  5
3A8
330
1F
100
AcDbEntity
  8
0
  6
Continuous
 62
     7
370
    25
100
AcDbCircle
 10
26.55685422413808
 20
154.4919282860239
 30
0.0
 40
0.75
100
AcDbArc
 50
247.3801350519579
 51
90.0
  0
LINE
  5
3A9
330
1F
100
AcDbEntity
  8
0
  6
Continuous
 62
     7
370
    25
100
AcDbLine
 10
26.55685422413808
 20
155.2419282860239
 30
0.0
 11
26.55685422413819
 21
156.9919282860239
 31
0.0
  0
ARC
  5
3AA
330
1F
100
AcDbEntity
  8
0
  6
Continuous
 62
     7
370
    25
100
AcDbCircle
 10
26.55685422413819
 20
157.7419282860239
 30
0.0
 40
0.7500000000000437
100
AcDbArc
 50
270.0
 51
112.6198649480388
  0
ARC
  5
3AB
330
1F
100
AcDbEntity
  8
0
  6
Continuous
 62
     7
370
    25
100
AcDbCircle
 10
22.05685422413808
 20
168.5419282860239
 30
0.0
 40
10.95000000000001
100
AcDbArc
 50
247.3801350519612
 51
292.6198649480424
  0
ARC
  5
3AC
330
1F
100
AcDbEntity
  8
0
  6
Continuous
 62
     7
370
    25
100
AcDbCircle
 10
15.12180037185146
 20
232.0896391274013
 30
0.0
 40
1.999999999999962
100
AcDbArc
 50
13.98660557605152
 51
193.9866055760531
  0
ARC
  5
3AD
330
1F
100
AcDbEntity
  8
0
  6
Continuous
 62
     7
370
    25
100
AcDbCircle
 10
22.1568542241381
 20
233.8419282860239
 30
0.0
 40
9.25000000000003
100
AcDbArc
 50
193.9866055760515
 51
226.0133944239503
  0
ARC
  5
3AE
330
1F
100
AcDbEntity
  8
0
  6
Continuous
 62
     7
370
    25
100
AcDbCircle
 10
17.12180037185146
 20
228.6255375122635
 30
0.0
 40
2.000000000000095
100
AcDbArc
 50
226.0133944239503
 51
46.01339442395029
  0
ARC
  5
3AF
330
1F
100
AcDbEntity
  8
0
  6
Continuous
 62
     7
370
    25
100
AcDbCircle
 10
22.1568542241381
 20
233.8419282860239
 30
0.0
 40
5.250000000000007
100
AcDbArc
 50
193.9866055760515
 51
226.0133944239503
  0
LINE
  5
3B0
330
1F
100
AcDbEntity
  8
0
  6
Continuous
 62
     7
370
    25
100
AcDbLine
 10
374.0205336279381
 20
426.0419282860238
 30
0.0
 11
375.8705336279381
 21
426.0419282860238
 31
0.0
  0
ARC
  5
3B1
330
1F
100
AcDbEntity
  8
0
  6
Continuous
 62
     7
370
    25
100
AcDbCircle
 10
376.3705336279382
 20
426.0419282860238
 30
0.0
 40
0.5000000000001137
100
AcDbArc
 50
180.0
 51
16.43841849779793
  0
ARC
  5
3B2
330
1F
100
AcDbEntity
  8
0
  6
Continuous
 62
     7
370
    25
100
AcDbCircle
 10
391.6224567048613
 20
430.5419282860238
 30
0.0
 40
15.40192307692309
100
AcDbArc
 50
163.5615815022021
 51
196.4384184977978
  0
ARC
  5
3B3
330
1F
100
AcDbEntity
  8
0
  6
Continuous
 62
     7
370
    25
100
AcDbCircle
 10
376.3705336279382
 20
435.0419282860238
 30
0.0
 40
0.5000000000001137
100
AcDbArc
 50
343.5615815022036
 51
180.0
  0
LINE
  5
3B4
330
1F
100
AcDbEntity
  8
0
  6
Continuous
 62
     7
370
    25
100
AcDbLine
 10
375.8705336279381
 20
435.0419282860238
 30
0.0
 11
374.0205336279381
 21
435.0419282860238
 31
0.0
  0
ARC
  5
3B5
330
1F
100
AcDbEntity
  8
0
  6
Continuous
 62
     7
370
    25
100
AcDbCircle
 10
373.5205336279382
 20
435.0419282860238
 30
0.0
 40
0.5000000000000684
100
AcDbArc
 50
0.0
 51
196.4384184977947
  0
ARC
  5
3B6
330
1F
100
AcDbEntity
  8
0
  6
Continuous
 62
     7
370
    25
100
AcDbCircle
 10
358.2686105510151
 20
430.5419282860238
 30
0.0
 40
15.40192307692309
100
AcDbArc
 50
343.561581502202
 51
16.43841849779793
  0
ARC
  5
3B7
330
1F
100
AcDbEntity
  8
0
  6
Continuous
 62
     7
370
    25
100
AcDbCircle
 10
373.5205336279382
 20
426.0419282860238
 30
0.0
 40
0.5000000000000764
100
AcDbArc
 50
163.5615815022021
 51
0.0
  0
LINE
  5
3B8
330
1F
100
AcDbEntity
  8
0
  6
Continuous
 62
     7
370
    25
100
AcDbLine
 10
418.9205336279382
 20
428.7919282860238
 30
0.0
 11
422.1705336279382
 21
428.7919282860238
 31
0.0
  0
LINE
  5
3B9
330
1F
100
AcDbEntity
  8
0
  6
Continuous
 62
     7
370
    25
100
AcDbLine
 10
422.1705336279382
 20
419.7919282860238
 30
0.0
 11
422.1705336279382
 21
428.7919282860238
 31
0.0
  0
LINE
  5
3BA
330
1F
100
AcDbEntity
  8
0
  6
Continuous
 62
     7
370
    25
100
AcDbLine
 10
418.9205336279382
 20
419.7919282860238
 30
0.0
 11
422.1705336279382
 21
419.7919282860238
 31
0.0
  0
ARC
  5
3BB
330
1F
100
AcDbEntity
  8
0
  6
Continuous
 62
     7
370
    25
100
AcDbCircle
 10
418.9205336279382
 20
419.2919282860239
 30
0.0
 40
0.5
100
AcDbArc
 50
90.0
 51
270.0
  0
LINE
  5
3BC
330
1F
100
AcDbEntity
  8
0
  6
Continuous
 62
     7
370
    25
100
AcDbLine
 10
418.9205336279382
 20
418.7919282860239
 30
0.0
 11
418.9205336279382
 21
416.541928286024
 31
0.0
  0
LINE
  5
3BD
330
1F
100
AcDbEntity
  8
0
  6
Continuous
 62
     7
370
    25
100
AcDbLine
 10
418.9205336279382
 20
416.541928286024
 30
0.0
 11
215.5205336279381
 21
416.541928286024
 31
0.0
  0
LINE
  5
3BE
330
1F
100
AcDbEntity
  8
0
  6
Continuous
 62
     7
370
    25
100
AcDbLine
 10
215.5205336279381
 20
416.541928286024
 30
0.0
 11
215.5205336279381
 21
418.7919282860239
 31
0.0
  0
ARC
  5
3BF
330
1F
100
AcDbEntity
  8
0
  6
Continuous
 62
     7
370
    25
100
AcDbCircle
 10
215.5205336279382
 20
419.2919282860239
 30
0.0
 40
0.5
100
AcDbArc
 50
269.9999999999935
 51
90.00000000000651
  0
LINE
  5
3C0
330
1F
100
AcDbEntity
  8
0
  6
Continuous
 62
     7
370
    25
100
AcDbLine
 10
215.5205336279381
 20
419.7919282860238
 30
0.0
 11
212.2705336279381
 21
419.7919282860238
 31
0.0
  0
LINE
  5
3C1
330
1F
100
AcDbEntity
  8
0
  6
Continuous
 62
     7
370
    25
100
AcDbLine
 10
212.2705336279381
 20
419.7919282860238
 30
0.0
 11
212.2705336279381
 21
428.7919282860238
 31
0.0
  0
LINE
  5
3C2
330
1F
100
AcDbEntity
  8
0
  6
Continuous
 62
     7
370
    25
100
AcDbLine
 10
215.5205336279381
 20
428.7919282860238
 30
0.0
 11
212.2705336279381
 21
428.7919282860238
 31
0.0
  0
ARC
  5
3C3
330
1F
100
AcDbEntity
  8
0
  6
Continuous
 62
     7
370
    25
100
AcDbCircle
 10
215.5205336279381
 20
429.2919282860238
 30
0.0
 40
0.5
100
AcDbArc
 50
270.0
 51
90.0
  0
LINE
  5
3C4
330
1F
100
AcDbEntity
  8
0
  6
Continuous
 62
     7
370
    25
100
AcDbLine
 10
215.5205336279381
 20
429.7919282860239
 30
0.0
 11
215.5205336279381
 21
432.3695282860239
 31
0.0
  0
LINE
  5
3C5
330
1F
100
AcDbEntity
  8
0
  6
Continuous
 62
     7
370
    25
100
AcDbLine
 10
215.5205336279381
 20
432.3695282860239
 30
0.0
 11
220.9892836279382
 21
432.3695282860239
 31
0.0
  0
LINE
  5
3C6
330
1F
100
AcDbEntity
  8
0
  6
Continuous
 62
     7
370
    25
100
AcDbLine
 10
220.9892836279382
 20
432.3695282860239
 30
0.0
 11
220.9892836279382
 21
431.1169282860239
 31
0.0
  0
ARC
  5
3C7
330
1F
100
AcDbEntity
  8
0
  6
Continuous
 62
     7
370
    25
100
AcDbCircle
 10
220.9892836279382
 20
430.6169282860239
 30
0.0
 40
0.5000000000000569
100
AcDbArc
 50
90.0
 51
0.0
  0
LINE
  5
3C8
330
1F
100
AcDbEntity
  8
0
  6
Continuous
 62
     7
370
    25
100
AcDbLine
 10
221.4892836279382
 20
430.6169282860239
 30
0.0
 11
222.8705336279382
 21
430.6169282860239
 31
0.0
  0
ARC
  5
3C9
330
1F
100
AcDbEntity
  8
0
  6
Continuous
 62
     7
370
    25
100
AcDbCircle
 10
223.3705336279381
 20
430.6169282860239
 30
0.0
 40
0.5
100
AcDbArc
 50
180.0
 51
90.0
  0
LINE
  5
3CA
330
1F
100
AcDbEntity
  8
0
  6
Continuous
 62
     7
370
    25
100
AcDbLine
 10
223.3705336279381
 20
431.1169282860239
 30
0.0
 11
223.3705336279381
 21
432.3695282860239
 31
0.0
  0
LINE
  5
3CB
330
1F
100
AcDbEntity
  8
0
  6
Continuous
 62
     7
370
    25
100
AcDbLine
 10
223.3705336279381
 20
432.3695282860239
 30
0.0
 11
224.8705336279382
 21
432.3695282860239
 31
0.0
  0
ARC
  5
3CC
330
1F
100
AcDbEntity
  8
0
  6
Continuous
 62
     7
370
    25
100
AcDbCircle
 10
225.3705336279381
 20
432.3695282860239
 30
0.0
 40
0.5
100
AcDbArc
 50
180.0
 51
90.0
  0
LINE
  5
3CD
330
1F
100
AcDbEntity
  8
0
  6
Continuous
 62
     7
370
    25
100
AcDbLine
 10
225.3705336279381
 20
432.8695282860238
 30
0.0
 11
225.3705336279381
 21
434.7143282860239
 31
0.0
  0
ARC
  5
3CE
330
1F
100
AcDbEntity
  8
0
  6
Continuous
 62
     7
370
    25
100
AcDbCircle
 10
225.3705336279381
 20
435.2143282860239
 30
0.0
 40
0.5
100
AcDbArc
 50
270.0
 51
180.0
  0
LINE
  5
3CF
330
1F
100
AcDbEntity
  8
0
  6
Continuous
 62
     7
370
    25
100
AcDbLine
 10
224.8705336279382
 20
435.2143282860239
 30
0.0
 11
223.3705336279381
 21
435.2143282860239
 31
0.0
  0
LINE
  5
3D0
330
1F
100
AcDbEntity
  8
0
  6
Continuous
 62
     7
370
    25
100
AcDbLine
 10
223.3705336279381
 20
435.2143282860239
 30
0.0
 11
223.3705336279381
 21
436.4669282860239
 31
0.0
  0
ARC
  5
3D1
330
1F
100
AcDbEntity
  8
0
  6
Continuous
 62
     7
370
    25
100
AcDbCircle
 10
223.3705336279381
 20
436.9669282860239
 30
0.0
 40
0.5
100
AcDbArc
 50
270.0
 51
180.0
  0
LINE
  5
3D2
330
1F
100
AcDbEntity
  8
0
  6
Continuous
 62
     7
370
    25
100
AcDbLine
 10
222.8705336279382
 20
436.9669282860239
 30
0.0
 11
221.4892836279381
 21
436.9669282860239
 31
0.0
  0
ARC
  5
3D3
330
1F
100
AcDbEntity
  8
0
  6
Continuous
 62
     7
370
    25
100
AcDbCircle
 10
220.9892836279382
 20
436.9669282860239
 30
0.0
 40
0.5
100
AcDbArc
 50
0.0
 51
270.0
  0
LINE
  5
3D4
330
1F
100
AcDbEntity
  8
0
  6
Continuous
 62
     7
370
    25
100
AcDbLine
 10
220.9892836279382
 20
436.4669282860239
 30
0.0
 11
220.9892836279382
 21
435.2143282860239
 31
0.0
  0
LINE
  5
3D5
330
1F
100
AcDbEntity
  8
0
  6
Continuous
 62
     7
370
    25
100
AcDbLine
 10
220.9892836279382
 20
435.2143282860239
 30
0.0
 11
215.5205336279381
 21
435.2143282860239
 31
0.0
  0
LINE
  5
3D6
330
1F
100
AcDbEntity
  8
0
  6
Continuous
 62
     7
370
    25
100
AcDbLine
 10
215.5205336279381
 20
435.2143282860239
 30
0.0
 11
215.5205336279381
 21
437.7919282860239
 31
0.0
  0
ARC
  5
3D7
330
1F
100
AcDbEntity
  8
0
  6
Continuous
 62
     7
370
    25
100
AcDbCircle
 10
215.5205336279381
 20
438.2919282860239
 30
0.0
 40
0.5
100
AcDbArc
 50
270.0
 51
90.0
  0
LINE
  5
3D8
330
1F
100
AcDbEntity
  8
0
  6
Continuous
 62
     7
370
    25
100
AcDbLine
 10
215.5205336279381
 20
438.7919282860239
 30
0.0
 11
212.2705336279381
 21
438.7919282860239
 31
0.0
  0
LINE
  5
3D9
330
1F
100
AcDbEntity
  8
0
  6
Continuous
 62
     7
370
    25
100
AcDbLine
 10
212.2705336279381
 20
447.7919282860239
 30
0.0
 11
212.2705336279381
 21
438.7919282860239
 31
0.0
  0
LINE
  5
3DA
330
1F
100
AcDbEntity
  8
0
  6
Continuous
 62
     7
370
    25
100
AcDbLine
 10
215.5205336279381
 20
447.7919282860238
 30
0.0
 11
212.2705336279381
 21
447.7919282860239
 31
0.0
  0
ARC
  5
3DB
330
1F
100
AcDbEntity
  8
0
  6
Continuous
 62
     7
370
    25
100
AcDbCircle
 10
215.5205336279381
 20
448.2919282860239
 30
0.0
 40
0.5000000000000569
100
AcDbArc
 50
270.0
 51
90.0
  0
LINE
  5
3DC
330
1F
100
AcDbEntity
  8
0
  6
Continuous
 62
     7
370
    25
100
AcDbLine
 10
215.5205336279381
 20
448.7919282860239
 30
0.0
 11
215.5205336279381
 21
451.0419282860238
 31
0.0
  0
LINE
  5
3DD
330
1F
100
AcDbEntity
  8
0
  6
Continuous
 62
     7
370
    25
100
AcDbLine
 10
215.5205336279381
 20
451.0419282860238
 30
0.0
 11
418.9205336279382
 21
451.0419282860238
 31
0.0
  0
ARC
  5
3DE
330
1F
100
AcDbEntity
  8
0
  6
Continuous
 62
     7
370
    25
100
AcDbCircle
 10
418.9205336279382
 20
448.2919282860239
 30
0.0
 40
0.5000000000000569
100
AcDbArc
 50
90.0
 51
270.0
  0
LINE
  5
3DF
330
1F
100
AcDbEntity
  8
0
  6
Continuous
 62
     7
370
    25
100
AcDbLine
 10
418.9205336279382
 20
447.7919282860238
 30
0.0
 11
422.1705336279382
 21
447.7919282860239
 31
0.0
  0
LINE
  5
3E0
330
1F
100
AcDbEntity
  8
0
  6
Continuous
 62
     7
370
    25
100
AcDbLine
 10
422.1705336279382
 20
447.7919282860239
 30
0.0
 11
422.1705336279382
 21
438.7919282860239
 31
0.0
  0
LINE
  5
3E1
330
1F
100
AcDbEntity
  8
0
  6
Continuous
 62
     7
370
    25
100
AcDbLine
 10
418.9205336279382
 20
438.7919282860239
 30
0.0
 11
422.1705336279382
 21
438.7919282860239
 31
0.0
  0
ARC
  5
3E2
330
1F
100
AcDbEntity
  8
0
  6
Continuous
 62
     7
370
    25
100
AcDbCircle
 10
418.9205336279382
 20
438.2919282860239
 30
0.0
 40
0.5
100
AcDbArc
 50
90.0
 51
270.0
  0
LINE
  5
3E3
330
1F
100
AcDbEntity
  8
0
  6
Continuous
 62
     7
370
    25
100
AcDbLine
 10
418.9205336279382
 20
437.7919282860239
 30
0.0
 11
418.9205336279382
 21
435.2143282860239
 31
0.0
  0
LINE
  5
3E4
330
1F
100
AcDbEntity
  8
0
  6
Continuous
 62
     7
370
    25
100
AcDbLine
 10
413.4517836279382
 20
435.2143282860239
 30
0.0
 11
418.9205336279382
 21
435.2143282860239
 31
0.0
  0
LINE
  5
3E5
330
1F
100
AcDbEntity
  8
0
  6
Continuous
 62
     7
370
    25
100
AcDbLine
 10
413.4517836279382
 20
436.4669282860239
 30
0.0
 11
413.4517836279382
 21
435.2143282860239
 31
0.0
  0
ARC
  5
3E6
330
1F
100
AcDbEntity
  8
0
  6
Continuous
 62
     7
370
    25
100
AcDbCircle
 10
413.4517836279382
 20
436.9669282860239
 30
0.0
 40
0.5
100
AcDbArc
 50
270.0
 51
180.0
  0
LINE
  5
3E7
330
1F
100
AcDbEntity
  8
0
  6
Continuous
 62
     7
370
    25
100
AcDbLine
 10
411.5705336279381
 20
436.9669282860239
 30
0.0
 11
412.9517836279381
 21
436.9669282860239
 31
0.0
  0
ARC
  5
3E8
330
1F
100
AcDbEntity
  8
0
  6
Continuous
 62
     7
370
    25
100
AcDbCircle
 10
411.0705336279381
 20
436.9669282860239
 30
0.0
 40
0.5
100
AcDbArc
 50
0.0
 51
270.0
  0
LINE
  5
3E9
330
1F
100
AcDbEntity
  8
0
  6
Continuous
 62
     7
370
    25
100
AcDbLine
 10
411.0705336279381
 20
435.2143282860239
 30
0.0
 11
411.0705336279381
 21
436.4669282860239
 31
0.0
  0
LINE
  5
3EA
330
1F
100
AcDbEntity
  8
0
  6
Continuous
 62
     7
370
    25
100
AcDbLine
 10
409.5705336279381
 20
435.2143282860239
 30
0.0
 11
411.0705336279381
 21
435.2143282860239
 31
0.0
  0
ARC
  5
3EB
330
1F
100
AcDbEntity
  8
0
  6
Continuous
 62
     7
370
    25
100
AcDbCircle
 10
409.0705336279381
 20
435.2143282860239
 30
0.0
 40
0.5
100
AcDbArc
 50
0.0
 51
270.0
  0
LINE
  5
3EC
330
1F
100
AcDbEntity
  8
0
  6
Continuous
 62
     7
370
    25
100
AcDbLine
 10
409.0705336279381
 20
432.8695282860238
 30
0.0
 11
409.0705336279381
 21
434.7143282860239
 31
0.0
  0
ARC
  5
3ED
330
1F
100
AcDbEntity
  8
0
  6
Continuous
 62
     7
370
    25
100
AcDbCircle
 10
409.0705336279381
 20
432.3695282860239
 30
0.0
 40
0.5
100
AcDbArc
 50
90.0
 51
0.0
  0
LINE
  5
3EE
330
1F
100
AcDbEntity
  8
0
  6
Continuous
 62
     7
370
    25
100
AcDbLine
 10
411.0705336279381
 20
432.3695282860239
 30
0.0
 11
409.5705336279381
 21
432.3695282860239
 31
0.0
  0
LINE
  5
3EF
330
1F
100
AcDbEntity
  8
0
  6
Continuous
 62
     7
370
    25
100
AcDbLine
 10
411.0705336279381
 20
431.1169282860239
 30
0.0
 11
411.0705336279381
 21
432.3695282860239
 31
0.0
  0
ARC
  5
3F0
330
1F
100
AcDbEntity
  8
0
  6
Continuous
 62
     7
370
    25
100
AcDbCircle
 10
411.0705336279381
 20
430.6169282860239
 30
0.0
 40
0.5
100
AcDbArc
 50
90.0
 51
0.0
  0
LINE
  5
3F1
330
1F
100
AcDbEntity
  8
0
  6
Continuous
 62
     7
370
    25
100
AcDbLine
 10
412.951783627938
 20
430.6169282860239
 30
0.0
 11
411.5705336279381
 21
430.6169282860239
 31
0.0
  0
ARC
  5
3F2
330
1F
100
AcDbEntity
  8
0
  6
Continuous
 62
     7
370
    25
100
AcDbCircle
 10
413.4517836279382
 20
430.6169282860239
 30
0.0
 40
0.5000000000001137
100
AcDbArc
 50
180.0
 51
90.0
  0
LINE
  5
3F3
330
1F
100
AcDbEntity
  8
0
  6
Continuous
 62
     7
370
    25
100
AcDbLine
 10
413.4517836279382
 20
432.3695282860239
 30
0.0
 11
413.4517836279382
 21
431.1169282860239
 31
0.0
  0
LINE
  5
3F4
330
1F
100
AcDbEntity
  8
0
  6
Continuous
 62
     7
370
    25
100
AcDbLine
 10
418.9205336279382
 20
432.3695282860239
 30
0.0
 11
413.4517836279382
 21
432.3695282860239
 31
0.0
  0
LINE
  5
3F5
330
1F
100
AcDbEntity
  8
0
  6
Continuous
 62
     7
370
    25
100
AcDbLine
 10
418.9205336279382
 20
432.3695282860239
 30
0.0
 11
418.9205336279382
 21
429.7919282860239
 31
0.0
  0
ARC
  5
3F6
330
1F
100
AcDbEntity
  8
0
  6
Continuous
 62
     7
370
    25
100
AcDbCircle
 10
418.9205336279382
 20
429.2919282860238
 30
0.0
 40
0.5
100
AcDbArc
 50
90.0
 51
270.0
  0
ARC
  5
3F7
330
1F
100
AcDbEntity
  8
0
  6
Continuous
 62
     7
370
    25
100
AcDbCircle
 10
227.2705336279382
 20
427.5419282860239
 30
0.0
 40
0.5000000000000389
100
AcDbArc
 50
338.9584313722532
 51
180.0
  0
LINE
  5
3F8
330
1F
100
AcDbEntity
  8
0
  6
Continuous
 62
     7
370
    25
100
AcDbLine
 10
224.5205336279382
 20
427.5419282860239
 30
0.0
 11
226.7705336279382
 21
427.5419282860239
 31
0.0
  0
ARC
  5
3F9
330
1F
100
AcDbEntity
  8
0
  6
Continuous
 62
     7
370
    25
100
AcDbCircle
 10
224.0205336279382
 20
427.5419282860239
 30
0.0
 40
0.5
100
AcDbArc
 50
0.0
 51
201.0415686277468
  0
ARC
  5
3FA
330
1F
100
AcDbEntity
  8
0
  6
Continuous
 62
     7
370
    25
100
AcDbCircle
 10
214.9224567048612
 20
424.0419282860239
 30
0.0
 40
9.248076923076942
100
AcDbArc
 50
338.9584313722512
 51
21.04156862774887
  0
ARC
  5
3FB
330
1F
100
AcDbEntity
  8
0
  6
Continuous
 62
     7
370
    25
100
AcDbCircle
 10
224.0205336279382
 20
420.5419282860239
 30
0.0
 40
0.5
100
AcDbArc
 50
158.9584313722511
 51
0.0
  0
LINE
  5
3FC
330
1F
100
AcDbEntity
  8
0
  6
Continuous
 62
     7
370
    25
100
AcDbLine
 10
226.7705336279382
 20
420.5419282860239
 30
0.0
 11
224.5205336279382
 21
420.5419282860239
 31
0.0
  0
ARC
  5
3FD
330
1F
100
AcDbEntity
  8
0
  6
Continuous
 62
     7
370
    25
100
AcDbCircle
 10
227.2705336279382
 20
420.5419282860239
 30
0.0
 40
0.5000000000000389
100
AcDbArc
 50
180.0
 51
21.04156862774681
  0
ARC
  5
3FE
330
1F
100
AcDbEntity
  8
0
  6
Continuous
 62
     7
370
    25
100
AcDbCircle
 10
236.3686105510151
 20
424.0419282860239
 30
0.0
 40
9.248076923076931
100
AcDbArc
 50
158.9584313722511
 51
201.0415686277489
  0
ARC
  5
3FF
330
1F
100
AcDbEntity
  8
0
  6
Continuous
 62
     7
370
    25
100
AcDbCircle
 10
260.9205336279382
 20
435.0419282860238
 30
0.0
 40
0.5000000000000684
100
AcDbArc
 50
343.5615815022073
 51
180.0
  0
LINE
  5
400
330
1F
100
AcDbEntity
  8
0
  6
Continuous
 62
     7
370
    25
100
AcDbLine
 10
258.5705336279382
 20
435.0419282860238
 30
0.0
 11
260.4205336279382
 21
435.0419282860238
 31
0.0
  0
ARC
  5
401
330
1F
100
AcDbEntity
  8
0
  6
Continuous
 62
     7
370
    25
100
AcDbCircle
 10
258.0705336279382
 20
435.0419282860238
 30
0.0
 40
0.5
100
AcDbArc
 50
0.0
 51
196.4384184977978
  0
ARC
  5
402
330
1F
100
AcDbEntity
  8
0
  6
Continuous
 62
     7
370
    25
100
AcDbCircle
 10
242.8186105510151
 20
430.5419282860238
 30
0.0
 40
15.40192307692309
100
AcDbArc
 50
343.561581502202
 51
16.43841849779793
  0
ARC
  5
403
330
1F
100
AcDbEntity
  8
0
  6
Continuous
 62
     7
370
    25
100
AcDbCircle
 10
258.0705336279382
 20
426.0419282860238
 30
0.0
 40
0.5
100
AcDbArc
 50
163.5615815022021
 51
0.0
  0
LINE
  5
404
330
1F
100
AcDbEntity
  8
0
  6
Continuous
 62
     7
370
    25
100
AcDbLine
 10
260.4205336279382
 20
426.0419282860238
 30
0.0
 11
258.5705336279382
 21
426.0419282860238
 31
0.0
  0
ARC
  5
405
330
1F
100
AcDbEntity
  8
0
  6
Continuous
 62
     7
370
    25
100
AcDbCircle
 10
260.9205336279382
 20
426.0419282860238
 30
0.0
 40
0.5000000000000764
100
AcDbArc
 50
180.0
 51
16.43841849779632
  0
ARC
  5
406
330
1F
100
AcDbEntity
  8
0
  6
Continuous
 62
     7
370
    25
100
AcDbCircle
 10
276.1724567048613
 20
430.5419282860238
 30
0.0
 40
15.40192307692309
100
AcDbArc
 50
163.5615815022021
 51
196.4384184977978
  0
LINE
  5
407
330
1F
100
AcDbEntity
  8
0
  6
Continuous
 62
     7
370
    25
100
AcDbLine
 10
407.670533627938
 20
420.5419282860239
 30
0.0
 11
409.9205336279381
 21
420.5419282860239
 31
0.0
  0
ARC
  5
408
330
1F
100
AcDbEntity
  8
0
  6
Continuous
 62
     7
370
    25
100
AcDbCircle
 10
410.4205336279382
 20
420.5419282860239
 30
0.0
 40
0.5
100
AcDbArc
 50
180.0
 51
21.04156862775258
  0
ARC
  5
409
330
1F
100
AcDbEntity
  8
0
  6
Continuous
 62
     7
370
    25
100
AcDbCircle
 10
419.518610551015
 20
424.0419282860239
 30
0.0
 40
9.248076923076942
100
AcDbArc
 50
158.9584313722511
 51
201.0415686277489
  0
ARC
  5
40A
330
1F
100
AcDbEntity
  8
0
  6
Continuous
 62
     7
370
    25
100
AcDbCircle
 10
410.4205336279382
 20
427.5419282860239
 30
0.0
 40
0.5
100
AcDbArc
 50
338.9584313722532
 51
180.0
  0
LINE
  5
40B
330
1F
100
AcDbEntity
  8
0
  6
Continuous
 62
     7
370
    25
100
AcDbLine
 10
409.9205336279381
 20
427.5419282860239
 30
0.0
 11
407.670533627938
 21
427.5419282860239
 31
0.0
  0
ARC
  5
40C
330
1F
100
AcDbEntity
  8
0
  6
Continuous
 62
     7
370
    25
100
AcDbCircle
 10
407.1705336279381
 20
427.5419282860239
 30
0.0
 40
0.5000000000000389
100
AcDbArc
 50
0.0
 51
201.0415686277468
  0
ARC
  5
40D
330
1F
100
AcDbEntity
  8
0
  6
Continuous
 62
     7
370
    25
100
AcDbCircle
 10
398.0724567048612
 20
424.0419282860239
 30
0.0
 40
9.248076923076931
100
AcDbArc
 50
338.9584313722532
 51
21.04156862774887
  0
ARC
  5
40E
330
1F
100
AcDbEntity
  8
0
  6
Continuous
 62
     7
370
    25
100
AcDbCircle
 10
407.1705336279381
 20
420.5419282860239
 30
0.0
 40
0.5000000000000389
100
AcDbArc
 50
158.9584313722532
 51
0.0
  0
CIRCLE
  5
40F
330
1F
100
AcDbEntity
  8
0
  6
Continuous
 62
     7
370
    25
100
AcDbCircle
 10
295.2205336279383
 20
446.1669282860238
 30
0.0
 40
1.422399999999925
  0
ARC
  5
410
330
1F
100
AcDbEntity
  8
0
  6
Continuous
 62
     7
370
    25
100
AcDbCircle
 10
281.2205336279383
 20
447.7919282860239
 30
0.0
 40
0.750000000000037
100
AcDbArc
 50
69.22228436906284
 51
270.0
  0
LINE
  5
411
330
1F
100
AcDbEntity
  8
0
  6
Continuous
 62
     7
370
    25
100
AcDbLine
 10
281.2205336279383
 20
445.2919282860238
 30
0.0
 11
281.2205336279383
 21
447.0419282860238
 31
0.0
  0
ARC
  5
412
330
1F
100
AcDbEntity
  8
0
  6
Continuous
 62
     7
370
    25
100
AcDbCircle
 10
281.2205336279383
 20
444.5419282860239
 30
0.0
 40
0.75
100
AcDbArc
 50
90.0
 51
290.7777156309408
  0
ARC
  5
413
330
1F
100
AcDbEntity
  8
0
  6
Continuous
 62
     7
370
    25
100
AcDbCircle
 10
285.7205336279383
 20
432.6817010132966
 30
0.0
 40
11.93522727272725
100
AcDbArc
 50
69.22228436905912
 51
110.7777156309409
  0
ARC
  5
414
330
1F
100
AcDbEntity
  8
0
  6
Continuous
 62
     7
370
    25
100
AcDbCircle
 10
290.2205336279383
 20
444.5419282860239
 30
0.0
 40
0.75
100
AcDbArc
 50
249.2222843690629
 51
90.0
  0
LINE
  5
415
330
1F
100
AcDbEntity
  8
0
  6
Continuous
 62
     7
370
    25
100
AcDbLine
 10
290.2205336279383
 20
447.0419282860238
 30
0.0
 11
290.2205336279383
 21
445.2919282860238
 31
0.0
  0
ARC
  5
416
330
1F
100
AcDbEntity
  8
0
  6
Continuous
 62
     7
370
    25
100
AcDbCircle
 10
290.2205336279383
 20
447.7919282860239
 30
0.0
 40
0.750000000000037
100
AcDbArc
 50
270.0
 51
110.7777156309371
  0
ARC
  5
417
330
1F
100
AcDbEntity
  8
0
  6
Continuous
 62
     7
370
    25
100
AcDbCircle
 10
285.7205336279383
 20
459.6521555587511
 30
0.0
 40
11.93522727272722
100
AcDbArc
 50
249.2222843690629
 51
290.7777156309408
  0
ARC
  5
418
330
1F
100
AcDbEntity
  8
0
  6
Continuous
 62
     7
370
    25
100
AcDbCircle
 10
300.2205336279382
 20
447.7919282860239
 30
0.0
 40
0.7500000000000508
100
AcDbArc
 50
69.22228436905249
 51
270.0000000000098
  0
LINE
  5
419
330
1F
100
AcDbEntity
  8
0
  6
Continuous
 62
     7
370
    25
100
AcDbLine
 10
300.2205336279383
 20
445.2919282860238
 30
0.0
 11
300.2205336279383
 21
447.0419282860238
 31
0.0
  0
ARC
  5
41A
330
1F
100
AcDbEntity
  8
0
  6
Continuous
 62
     7
370
    25
100
AcDbCircle
 10
300.2205336279382
 20
444.5419282860239
 30
0.0
 40
0.7500000000000241
100
AcDbArc
 50
89.99999999999023
 51
290.7777156309475
  0
ARC
  5
41B
330
1F
100
AcDbEntity
  8
0
  6
Continuous
 62
     7
370
    25
100
AcDbCircle
 10
304.7205336279383
 20
432.6817010132966
 30
0.0
 40
11.93522727272725
100
AcDbArc
 50
69.22228436905912
 51
110.7777156309409
  0
ARC
  5
41C
330
1F
100
AcDbEntity
  8
0
  6
Continuous
 62
     7
370
    25
100
AcDbCircle
 10
309.2205336279381
 20
444.5419282860239
 30
0.0
 40
0.75
100
AcDbArc
 50
249.22228436907
 51
90.0
  0
LINE
  5
41D
330
1F
100
AcDbEntity
  8
0
  6
Continuous
 62
     7
370
    25
100
AcDbLine
 10
309.2205336279381
 20
447.0419282860238
 30
0.0
 11
309.2205336279381
 21
445.2919282860238
 31
0.0
  0
ARC
  5
41E
330
1F
100
AcDbEntity
  8
0
  6
Continuous
 62
     7
370
    25
100
AcDbCircle
 10
309.2205336279381
 20
447.7919282860239
 30
0.0
 40
0.75
100
AcDbArc
 50
270.0
 51
110.77771563093
  0
ARC
  5
41F
330
1F
100
AcDbEntity
  8
0
  6
Continuous
 62
     7
370
    25
100
AcDbCircle
 10
304.7205336279383
 20
459.6521555587511
 30
0.0
 40
11.93522727272725
100
AcDbArc
 50
249.2222843690629
 51
290.7777156309408
  0
CIRCLE
  5
420
330
1F
100
AcDbEntity
  8
0
  6
Continuous
 62
     7
370
    25
100
AcDbCircle
 10
339.2205336279383
 20
446.1669282860238
 30
0.0
 40
1.422399999999925
  0
ARC
  5
421
330
1F
100
AcDbEntity
  8
0
  6
Continuous
 62
     7
370
    25
100
AcDbCircle
 10
325.2205336279382
 20
447.7919282860239
 30
0.0
 40
0.7500000000000103
100
AcDbArc
 50
69.22228436906284
 51
270.0
  0
LINE
  5
422
330
1F
100
AcDbEntity
  8
0
  6
Continuous
 62
     7
370
    25
100
AcDbLine
 10
325.2205336279382
 20
445.2919282860238
 30
0.0
 11
325.2205336279382
 21
447.0419282860238
 31
0.0
  0
ARC
  5
423
330
1F
100
AcDbEntity
  8
0
  6
Continuous
 62
     7
370
    25
100
AcDbCircle
 10
325.2205336279382
 20
444.5419282860239
 30
0.0
 40
0.75
100
AcDbArc
 50
90.0
 51
290.7777156309408
  0
ARC
  5
424
330
1F
100
AcDbEntity
  8
0
  6
Continuous
 62
     7
370
    25
100
AcDbCircle
 10
329.7205336279382
 20
432.6817010132966
 30
0.0
 40
11.93522727272727
100
AcDbArc
 50
69.22228436905912
 51
110.7777156309409
  0
ARC
  5
425
330
1F
100
AcDbEntity
  8
0
  6
Continuous
 62
     7
370
    25
100
AcDbCircle
 10
334.2205336279383
 20
444.5419282860239
 30
0.0
 40
0.7500000000000241
100
AcDbArc
 50
249.2222843690524
 51
90.0
  0
LINE
  5
426
330
1F
100
AcDbEntity
  8
0
  6
Continuous
 62
     7
370
    25
100
AcDbLine
 10
334.2205336279383
 20
447.0419282860238
 30
0.0
 11
334.2205336279383
 21
445.2919282860238
 31
0.0
  0
ARC
  5
427
330
1F
100
AcDbEntity
  8
0
  6
Continuous
 62
     7
370
    25
100
AcDbCircle
 10
334.2205336279383
 20
447.7919282860239
 30
0.0
 40
0.7500000000000508
100
AcDbArc
 50
270.0
 51
110.7777156309475
  0
ARC
  5
428
330
1F
100
AcDbEntity
  8
0
  6
Continuous
 62
     7
370
    25
100
AcDbCircle
 10
329.7205336279382
 20
459.6521555587511
 30
0.0
 40
11.93522727272725
100
AcDbArc
 50
249.2222843690629
 51
290.7777156309408
  0
ARC
  5
429
330
1F
100
AcDbEntity
  8
0
  6
Continuous
 62
     7
370
    25
100
AcDbCircle
 10
344.2205336279382
 20
447.7919282860239
 30
0.0
 40
0.750000000000037
100
AcDbArc
 50
69.22228436906284
 51
270.0000000000098
  0
LINE
  5
42A
330
1F
100
AcDbEntity
  8
0
  6
Continuous
 62
     7
370
    25
100
AcDbLine
 10
344.2205336279382
 20
445.2919282860238
 30
0.0
 11
344.2205336279382
 21
447.0419282860238
 31
0.0
  0
ARC
  5
42B
330
1F
100
AcDbEntity
  8
0
  6
Continuous
 62
     7
370
    25
100
AcDbCircle
 10
344.2205336279382
 20
444.5419282860239
 30
0.0
 40
0.7500000000000103
100
AcDbArc
 50
89.99999999999023
 51
290.7777156309408
  0
ARC
  5
42C
330
1F
100
AcDbEntity
  8
0
  6
Continuous
 62
     7
370
    25
100
AcDbCircle
 10
348.7205336279382
 20
432.6817010132966
 30
0.0
 40
11.93522727272725
100
AcDbArc
 50
69.22228436905912
 51
110.7777156309409
  0
ARC
  5
42D
330
1F
100
AcDbEntity
  8
0
  6
Continuous
 62
     7
370
    25
100
AcDbCircle
 10
353.2205336279381
 20
444.5419282860239
 30
0.0
 40
0.7500000000000103
100
AcDbArc
 50
249.2222843690629
 51
90.0
  0
LINE
  5
42E
330
1F
100
AcDbEntity
  8
0
  6
Continuous
 62
     7
370
    25
100
AcDbLine
 10
353.2205336279381
 20
447.0419282860238
 30
0.0
 11
353.2205336279381
 21
445.2919282860238
 31
0.0
  0
ARC
  5
42F
330
1F
100
AcDbEntity
  8
0
  6
Continuous
 62
     7
370
    25
100
AcDbCircle
 10
353.2205336279381
 20
447.7919282860239
 30
0.0
 40
0.750000000000037
100
AcDbArc
 50
270.0
 51
110.7777156309371
  0
ARC
  5
430
330
1F
100
AcDbEntity
  8
0
  6
Continuous
 62
     7
370
    25
100
AcDbCircle
 10
348.7205336279382
 20
459.6521555587511
 30
0.0
 40
11.93522727272722
100
AcDbArc
 50
249.2222843690629
 51
290.7777156309408
  0
LINE
  5
431
330
1F
100
AcDbEntity
  8
0
  6
Continuous
 62
     7
370
    25
100
AcDbLine
 10
418.9205336279382
 20
451.0419282860238
 30
0.0
 11
418.9205336279382
 21
448.7919282860239
 31
0.0
  0
CIRCLE
  5
432
330
1F
100
AcDbEntity
  8
0
  6
Continuous
 62
     7
370
    25
100
AcDbCircle
 10
116.486854224138
 20
92.41692828602396
 30
0.0
 40
2.319999999999993
  0
ARC
  5
433
330
1F
100
AcDbEntity
  8
0
  6
Continuous
 62
     7
370
    25
100
AcDbCircle
 10
116.8068542241381
 20
97.41692828602396
 30
0.0
 40
5.0
100
AcDbArc
 50
0.0
 51
90.0
  0
LINE
  5
434
330
1F
100
AcDbEntity
  8
0
  6
Continuous
 62
     7
370
    25
100
AcDbLine
 10
121.8068542241381
 20
87.41692828602401
 30
0.0
 11
121.8068542241381
 21
97.41692828602396
 31
0.0
  0
ARC
  5
435
330
1F
100
AcDbEntity
  8
0
  6
Continuous
 62
     7
370
    25
100
AcDbCircle
 10
116.8068542241381
 20
87.41692828602401
 30
0.0
 40
5.0
100
AcDbArc
 50
270.0
 51
0.0
  0
LINE
  5
436
330
1F
100
AcDbEntity
  8
0
  6
Continuous
 62
     7
370
    25
100
AcDbLine
 10
70.55685422413808
 20
82.41692828602396
 30
0.0
 11
116.8068542241381
 21
82.41692828602401
 31
0.0
  0
ARC
  5
437
330
1F
100
AcDbEntity
  8
0
  6
Continuous
 62
     7
370
    25
100
AcDbCircle
 10
70.55685422413808
 20
88.41692828602395
 30
0.0
 40
6.000000000000009
100
AcDbArc
 50
138.590377890729
 51
270.0
  0
ARC
  5
438
330
1F
100
AcDbEntity
  8
0
  6
Continuous
 62
     7
370
    25
100
AcDbCircle
 10
62.30685422413808
 20
95.69274439145159
 30
0.0
 40
5.0
100
AcDbArc
 50
318.5903778907302
 51
0.0
  0
LINE
  5
439
330
1F
100
AcDbEntity
  8
0
  6
Continuous
 62
     7
370
    25
100
AcDbLine
 10
67.30685422413808
 20
254.3911121805964
 30
0.0
 11
67.30685422413808
 21
95.69274439145159
 31
0.0
  0
ARC
  5
43A
330
1F
100
AcDbEntity
  8
0
  6
Continuous
 62
     7
370
    25
100
AcDbCircle
 10
62.30685422413808
 20
254.3911121805964
 30
0.0
 40
5.000000000000026
100
AcDbArc
 50
0.0
 51
41.40962210927096
  0
ARC
  5
43B
330
1F
100
AcDbEntity
  8
0
  6
Continuous
 62
     7
370
    25
100
AcDbCircle
 10
70.55685422413808
 20
261.666928286024
 30
0.0
 40
6.000000000000009
100
AcDbArc
 50
90.0
 51
221.4096221092709
  0
LINE
  5
43C
330
1F
100
AcDbEntity
  8
0
  6
Continuous
 62
     7
370
    25
100
AcDbLine
 10
70.55685422413808
 20
267.666928286024
 30
0.0
 11
98.55685422413808
 21
267.666928286024
 31
0.0
  0
ARC
  5
43D
330
1F
100
AcDbEntity
  8
0
  6
Continuous
 62
     7
370
    25
100
AcDbCircle
 10
98.55685422413808
 20
261.666928286024
 30
0.0
 40
6.0
100
AcDbArc
 50
318.590377890729
 51
90.0
  0
ARC
  5
43E
330
1F
100
AcDbEntity
  8
0
  6
Continuous
 62
     7
370
    25
100
AcDbCircle
 10
106.806854224138
 20
254.3911121805963
 30
0.0
 40
5.000000000000111
100
AcDbArc
 50
138.590377890729
 51
180.0
  0
LINE
  5
43F
330
1F
100
AcDbEntity
  8
0
  6
Continuous
 62
     7
370
    25
100
AcDbLine
 10
101.8068542241381
 20
107.416928286024
 30
0.0
 11
101.8068542241381
 21
254.3911121805963
 31
0.0
  0
ARC
  5
440
330
1F
100
AcDbEntity
  8
0
  6
Continuous
 62
     7
370
    25
100
AcDbCircle
 10
106.806854224138
 20
107.416928286024
 30
0.0
 40
5.000000000000056
100
AcDbArc
 50
180.0
 51
270.0
  0
LINE
  5
441
330
1F
100
AcDbEntity
  8
0
  6
Continuous
 62
     7
370
    25
100
AcDbLine
 10
116.8068542241381
 20
102.4169282860239
 30
0.0
 11
106.806854224138
 21
102.4169282860239
 31
0.0
  0
CIRCLE
  5
442
330
1F
100
AcDbEntity
  8
0
  6
Continuous
 62
     7
370
    25
100
AcDbCircle
 10
84.55685422413807
 20
88.41692828602402
 30
0.0
 40
1.422399999999981
  0
LINE
  5
443
330
1F
100
AcDbEntity
  8
0
  6
Continuous
 62
     7
370
    25
100
AcDbLine
 10
89.55685422413807
 20
87.54192828602397
 30
0.0
 11
89.55685422413807
 21
89.29192828602401
 31
0.0
  0
ARC
  5
444
330
1F
100
AcDbEntity
  8
0
  6
Continuous
 62
     7
370
    25
100
AcDbCircle
 10
89.55685422413807
 20
86.79192828602396
 30
0.0
 40
0.75
100
AcDbArc
 50
90.0
 51
292.6198649480353
  0
ARC
  5
445
330
1F
100
AcDbEntity
  8
0
  6
Continuous
 62
     7
370
    25
100
AcDbCircle
 10
94.05685422413796
 20
75.99192828602395
 30
0.0
 40
10.95000000000006
100
AcDbArc
 50
67.38013505195756
 51
112.6198649480388
  0
ARC
  5
446
330
1F
100
AcDbEntity
  8
0
  6
Continuous
 62
     7
370
    25
100
AcDbCircle
 10
98.55685422413808
 20
86.79192828602396
 30
0.0
 40
0.75
100
AcDbArc
 50
247.3801350519577
 51
90.0
  0
LINE
  5
447
330
1F
100
AcDbEntity
  8
0
  6
Continuous
 62
     7
370
    25
100
AcDbLine
 10
98.55685422413808
 20
89.29192828602401
 30
0.0
 11
98.55685422413808
 21
87.54192828602397
 31
0.0
  0
ARC
  5
448
330
1F
100
AcDbEntity
  8
0
  6
Continuous
 62
     7
370
    25
100
AcDbCircle
 10
98.55685422413808
 20
90.04192828602397
 30
0.0
 40
0.7500000000000437
100
AcDbArc
 50
270.0
 51
112.6198649480388
  0
ARC
  5
449
330
1F
100
AcDbEntity
  8
0
  6
Continuous
 62
     7
370
    25
100
AcDbCircle
 10
94.05685422413796
 20
100.8419282860239
 30
0.0
 40
10.95000000000001
100
AcDbArc
 50
247.3801350519612
 51
292.6198649480422
  0
ARC
  5
44A
330
1F
100
AcDbEntity
  8
0
  6
Continuous
 62
     7
370
    25
100
AcDbCircle
 10
89.55685422413807
 20
90.04192828602397
 30
0.0
 40
0.75
100
AcDbArc
 50
67.38013505196815
 51
270.0
  0
LINE
  5
44B
330
1F
100
AcDbEntity
  8
0
  6
Continuous
 62
     7
370
    25
100
AcDbLine
 10
70.55685422413808
 20
87.54192828602397
 30
0.0
 11
70.55685422413808
 21
89.29192828602401
 31
0.0
  0
ARC
  5
44C
330
1F
100
AcDbEntity
  8
0
  6
Continuous
 62
     7
370
    25
100
AcDbCircle
 10
70.55685422413808
 20
86.79192828602396
 30
0.0
 40
0.75
100
AcDbArc
 50
90.0
 51
292.6198649480353
  0
ARC
  5
44D
330
1F
100
AcDbEntity
  8
0
  6
Continuous
 62
     7
370
    25
100
AcDbCircle
 10
75.05685422413808
 20
75.99192828602395
 30
0.0
 40
10.95000000000006
100
AcDbArc
 50
67.3801350519612
 51
112.6198649480424
  0
ARC
  5
44E
330
1F
100
AcDbEntity
  8
0
  6
Continuous
 62
     7
370
    25
100
AcDbCircle
 10
79.55685422413807
 20
86.79192828602396
 30
0.0
 40
0.75
100
AcDbArc
 50
247.3801350519577
 51
90.0
  0
LINE
  5
44F
330
1F
100
AcDbEntity
  8
0
  6
Continuous
 62
     7
370
    25
100
AcDbLine
 10
79.55685422413807
 20
89.29192828602401
 30
0.0
 11
79.55685422413807
 21
87.54192828602397
 31
0.0
  0
ARC
  5
450
330
1F
100
AcDbEntity
  8
0
  6
Continuous
 62
     7
370
    25
100
AcDbCircle
 10
79.55685422413807
 20
90.04192828602397
 30
0.0
 40
0.7500000000000437
100
AcDbArc
 50
270.0
 51
112.6198649480388
  0
ARC
  5
451
330
1F
100
AcDbEntity
  8
0
  6
Continuous
 62
     7
370
    25
100
AcDbCircle
 10
75.05685422413808
 20
100.8419282860239
 30
0.0
 40
10.95000000000001
100
AcDbArc
 50
247.3801350519612
 51
292.6198649480422
  0
ARC
  5
452
330
1F
100
AcDbEntity
  8
0
  6
Continuous
 62
     7
370
    25
100
AcDbCircle
 10
70.55685422413808
 20
90.04192828602397
 30
0.0
 40
0.75
100
AcDbArc
 50
67.38013505196815
 51
270.0
  0
CIRCLE
  5
453
330
1F
100
AcDbEntity
  8
0
  6
Continuous
 62
     7
370
    25
100
AcDbCircle
 10
84.55685422413807
 20
261.666928286024
 30
0.0
 40
1.422400000000038
  0
ARC
  5
454
330
1F
100
AcDbEntity
  8
0
  6
Continuous
 62
     7
370
    25
100
AcDbCircle
 10
89.55685422413807
 20
260.041928286024
 30
0.0
 40
0.7500000000000569
100
AcDbArc
 50
90.0
 51
292.6198649480353
  0
ARC
  5
455
330
1F
100
AcDbEntity
  8
0
  6
Continuous
 62
     7
370
    25
100
AcDbCircle
 10
94.05685422413796
 20
249.241928286024
 30
0.0
 40
10.95000000000006
100
AcDbArc
 50
67.38013505195756
 51
112.6198649480388
  0
ARC
  5
456
330
1F
100
AcDbEntity
  8
0
  6
Continuous
 62
     7
370
    25
100
AcDbCircle
 10
98.55685422413808
 20
260.041928286024
 30
0.0
 40
0.7500000000000569
100
AcDbArc
 50
247.3801350519577
 51
90.0
  0
LINE
  5
457
330
1F
100
AcDbEntity
  8
0
  6
Continuous
 62
     7
370
    25
100
AcDbLine
 10
98.55685422413808
 20
262.541928286024
 30
0.0
 11
98.55685422413808
 21
260.791928286024
 31
0.0
  0
ARC
  5
458
330
1F
100
AcDbEntity
  8
0
  6
Continuous
 62
     7
370
    25
100
AcDbCircle
 10
98.55685422413808
 20
263.2919282860239
 30
0.0
 40
0.75
100
AcDbArc
 50
270.0
 51
112.6198649480424
  0
ARC
  5
459
330
1F
100
AcDbEntity
  8
0
  6
Continuous
 62
     7
370
    25
100
AcDbCircle
 10
94.05685422413796
 20
274.091928286024
 30
0.0
 40
10.95000000000006
100
AcDbArc
 50
247.3801350519612
 51
292.6198649480422
  0
ARC
  5
45A
330
1F
100
AcDbEntity
  8
0
  6
Continuous
 62
     7
370
    25
100
AcDbCircle
 10
89.55685422413807
 20
263.2919282860239
 30
0.0
 40
0.75
100
AcDbArc
 50
67.38013505196815
 51
270.0
  0
LINE
  5
45B
330
1F
100
AcDbEntity
  8
0
  6
Continuous
 62
     7
370
    25
100
AcDbLine
 10
89.55685422413807
 20
260.791928286024
 30
0.0
 11
89.55685422413807
 21
262.541928286024
 31
0.0
  0
ARC
  5
45C
330
1F
100
AcDbEntity
  8
0
  6
Continuous
 62
     7
370
    25
100
AcDbCircle
 10
70.55685422413808
 20
260.041928286024
 30
0.0
 40
0.7500000000000569
100
AcDbArc
 50
90.0
 51
292.6198649480353
  0
ARC
  5
45D
330
1F
100
AcDbEntity
  8
0
  6
Continuous
 62
     7
370
    25
100
AcDbCircle
 10
75.05685422413808
 20
249.241928286024
 30
0.0
 40
10.95000000000006
100
AcDbArc
 50
67.3801350519612
 51
112.6198649480424
  0
ARC
  5
45E
330
1F
100
AcDbEntity
  8
0
  6
Continuous
 62
     7
370
    25
100
AcDbCircle
 10
79.55685422413807
 20
260.041928286024
 30
0.0
 40
0.7500000000000569
100
AcDbArc
 50
247.3801350519577
 51
90.0
  0
LINE
  5
45F
330
1F
100
AcDbEntity
  8
0
  6
Continuous
 62
     7
370
    25
100
AcDbLine
 10
79.55685422413807
 20
262.541928286024
 30
0.0
 11
79.55685422413807
 21
260.791928286024
 31
0.0
  0
ARC
  5
460
330
1F
100
AcDbEntity
  8
0
  6
Continuous
 62
     7
370
    25
100
AcDbCircle
 10
79.55685422413807
 20
263.2919282860239
 30
0.0
 40
0.75
100
AcDbArc
 50
270.0
 51
112.6198649480424
  0
ARC
  5
461
330
1F
100
AcDbEntity
  8
0
  6
Continuous
 62
     7
370
    25
100
AcDbCircle
 10
75.05685422413808
 20
274.091928286024
 30
0.0
 40
10.95000000000006
100
AcDbArc
 50
247.3801350519612
 51
292.6198649480422
  0
ARC
  5
462
330
1F
100
AcDbEntity
  8
0
  6
Continuous
 62
     7
370
    25
100
AcDbCircle
 10
70.55685422413808
 20
263.2919282860239
 30
0.0
 40
0.75
100
AcDbArc
 50
67.38013505196815
 51
270.0
  0
LINE
  5
463
330
1F
100
AcDbEntity
  8
0
  6
Continuous
 62
     7
370
    25
100
AcDbLine
 10
70.55685422413808
 20
260.791928286024
 30
0.0
 11
70.55685422413808
 21
262.541928286024
 31
0.0
  0
LINE
  5
464
330
1F
100
AcDbEntity
  8
0
  6
Continuous
 62
     7
370
    25
100
AcDbLine
 10
83.30685422413797
 20
140.7419282860239
 30
0.0
 11
83.30685422413807
 21
142.4919282860235
 31
0.0
  0
ARC
  5
465
330
1F
100
AcDbEntity
  8
0
  6
Continuous
 62
     7
370
    25
100
AcDbCircle
 10
83.30685422413807
 20
139.9919282860237
 30
0.0
 40
0.7500000000002274
100
AcDbArc
 50
90.00000000000978
 51
292.619864948049
  0
ARC
  5
466
330
1F
100
AcDbEntity
  8
0
  6
Continuous
 62
     7
370
    25
100
AcDbCircle
 10
87.80685422413808
 20
129.191928286024
 30
0.0
 40
10.94999999999987
100
AcDbArc
 50
67.3801350519612
 51
112.6198649480424
  0
ARC
  5
467
330
1F
100
AcDbEntity
  8
0
  6
Continuous
 62
     7
370
    25
100
AcDbCircle
 10
92.30685422413797
 20
139.9919282860239
 30
0.0
 40
0.75
100
AcDbArc
 50
247.3801350519577
 51
89.99999999999023
  0
LINE
  5
468
330
1F
100
AcDbEntity
  8
0
  6
Continuous
 62
     7
370
    25
100
AcDbLine
 10
92.30685422413808
 20
142.491928286024
 30
0.0
 11
92.30685422413808
 21
140.7419282860239
 31
0.0
  0
ARC
  5
469
330
1F
100
AcDbEntity
  8
0
  6
Continuous
 62
     7
370
    25
100
AcDbCircle
 10
92.30685422413808
 20
143.2419282860239
 30
0.0
 40
0.7500000000000437
100
AcDbArc
 50
270.0
 51
112.6198649480388
  0
ARC
  5
46A
330
1F
100
AcDbEntity
  8
0
  6
Continuous
 62
     7
370
    25
100
AcDbCircle
 10
87.80685422413808
 20
154.0419282860239
 30
0.0
 40
10.94999999999997
100
AcDbArc
 50
247.3801350519612
 51
292.6198649480422
  0
ARC
  5
46B
330
1F
100
AcDbEntity
  8
0
  6
Continuous
 62
     7
370
    25
100
AcDbCircle
 10
83.30685422413797
 20
143.2419282860237
 30
0.0
 40
0.7500000000002974
100
AcDbArc
 50
67.38013505195756
 51
270.0000000000098
  0
ARC
  5
46C
330
1F
100
AcDbEntity
  8
0
  6
Continuous
 62
     7
370
    25
100
AcDbCircle
 10
87.80685422413808
 20
196.0419282860239
 30
0.0
 40
10.95000000000002
100
AcDbArc
 50
67.3801350519612
 51
112.6198649480388
  0
ARC
  5
46D
330
1F
100
AcDbEntity
  8
0
  6
Continuous
 62
     7
370
    25
100
AcDbCircle
 10
92.30685422413808
 20
206.8419282860239
 30
0.0
 40
0.7500000000000569
100
AcDbArc
 50
247.3801350519577
 51
90.0
  0
LINE
  5
46E
330
1F
100
AcDbEntity
  8
0
  6
Continuous
 62
     7
370
    25
100
AcDbLine
 10
92.30685422413808
 20
207.591928286024
 30
0.0
 11
92.30685422413808
 21
209.341928286024
 31
0.0
  0
ARC
  5
46F
330
1F
100
AcDbEntity
  8
0
  6
Continuous
 62
     7
370
    25
100
AcDbCircle
 10
92.30685422413797
 20
210.091928286024
 30
0.0
 40
0.7500000000000437
100
AcDbArc
 50
270.0000000000098
 51
112.6198649480388
  0
ARC
  5
470
330
1F
100
AcDbEntity
  8
0
  6
Continuous
 62
     7
370
    25
100
AcDbCircle
 10
87.80685422413808
 20
220.8919282860239
 30
0.0
 40
10.94999999999981
100
AcDbArc
 50
247.3801350519612
 51
292.6198649480388
  0
ARC
  5
471
330
1F
100
AcDbEntity
  8
0
  6
Continuous
 62
     7
370
    25
100
AcDbCircle
 10
83.30685422413807
 20
210.0919282860242
 30
0.0
 40
0.7500000000002843
100
AcDbArc
 50
67.38013505195425
 51
269.9999999999902
  0
LINE
  5
472
330
1F
100
AcDbEntity
  8
0
  6
Continuous
 62
     7
370
    25
100
AcDbLine
 10
83.30685422413797
 20
209.341928286024
 30
0.0
 11
83.30685422413807
 21
207.5919282860244
 31
0.0
  0
ARC
  5
473
330
1F
100
AcDbEntity
  8
0
  6
Continuous
 62
     7
370
    25
100
AcDbCircle
 10
83.30685422413797
 20
206.8419282860242
 30
0.0
 40
0.7500000000002448
100
AcDbArc
 50
89.99999999999023
 51
292.6198649480422
  0
CIRCLE
  5
474
330
1F
100
AcDbEntity
  8
0
  6
Continuous
 62
     7
370
    25
100
AcDbCircle
 10
87.90685422413799
 20
104.541928286024
 30
0.0
 40
2.274999999999977
  0
CIRCLE
  5
475
330
1F
100
AcDbEntity
  8
0
  6
Continuous
 62
     7
370
    25
100
AcDbCircle
 10
87.90685422413799
 20
130.741928286024
 30
0.0
 40
1.499999999999943
  0
CIRCLE
  5
476
330
1F
100
AcDbEntity
  8
0
  6
Continuous
 62
     7
370
    25
100
AcDbCircle
 10
87.90685422413799
 20
119.1419282860239
 30
0.0
 40
0.9000000000000341
  0
CIRCLE
  5
477
330
1F
100
AcDbEntity
  8
0
  6
Continuous
 62
     7
370
    25
100
AcDbCircle
 10
87.90685422413799
 20
230.9419282860239
 30
0.0
 40
0.8999999999999204
  0
CIRCLE
  5
478
330
1F
100
AcDbEntity
  8
0
  6
Continuous
 62
     7
370
    25
100
AcDbCircle
 10
87.90685422413799
 20
245.541928286024
 30
0.0
 40
2.275000000000034
  0
CIRCLE
  5
479
330
1F
100
AcDbEntity
  8
0
  6
Continuous
 62
     7
370
    25
100
AcDbCircle
 10
87.90685422413799
 20
219.341928286024
 30
0.0
 40
1.500000000000056
  0
CIRCLE
  5
47A
330
1F
100
AcDbEntity
  8
0
  6
Continuous
 62
     7
370
    25
100
AcDbCircle
 10
72.18185422413808
 20
175.041928286024
 30
0.0
 40
1.422400000000038
  0
ARC
  5
47B
330
1F
100
AcDbEntity
  8
0
  6
Continuous
 62
     7
370
    25
100
AcDbCircle
 10
58.69662695141085
 20
165.541928286024
 30
0.0
 40
11.9352272727273
100
AcDbArc
 50
339.222284369061
 51
20.77771563093902
  0
ARC
  5
47C
330
1F
100
AcDbEntity
  8
0
  6
Continuous
 62
     7
370
    25
100
AcDbCircle
 10
70.55685422413808
 20
161.041928286024
 30
0.0
 40
0.75
100
AcDbArc
 50
159.2222843690593
 51
0.0
  0
LINE
  5
47D
330
1F
100
AcDbEntity
  8
0
  6
Continuous
 62
     7
370
    25
100
AcDbLine
 10
71.30685422413808
 20
161.041928286024
 30
0.0
 11
73.05685422413808
 21
161.041928286024
 31
0.0
  0
ARC
  5
47E
330
1F
100
AcDbEntity
  8
0
  6
Continuous
 62
     7
370
    25
100
AcDbCircle
 10
73.80685422413796
 20
161.041928286024
 30
0.0
 40
0.750000000000037
100
AcDbArc
 50
180.0
 51
20.7777156309363
  0
ARC
  5
47F
330
1F
100
AcDbEntity
  8
0
  6
Continuous
 62
     7
370
    25
100
AcDbCircle
 10
85.66708149686531
 20
165.541928286024
 30
0.0
 40
11.9352272727273
100
AcDbArc
 50
159.222284369061
 51
200.7777156309407
  0
ARC
  5
480
330
1F
100
AcDbEntity
  8
0
  6
Continuous
 62
     7
370
    25
100
AcDbCircle
 10
73.80685422413796
 20
170.041928286024
 30
0.0
 40
0.7500000000000572
100
AcDbArc
 50
339.2222843690593
 51
180.0
  0
LINE
  5
481
330
1F
100
AcDbEntity
  8
0
  6
Continuous
 62
     7
370
    25
100
AcDbLine
 10
73.05685422413808
 20
170.041928286024
 30
0.0
 11
71.30685422413808
 21
170.041928286024
 31
0.0
  0
ARC
  5
482
330
1F
100
AcDbEntity
  8
0
  6
Continuous
 62
     7
370
    25
100
AcDbCircle
 10
70.55685422413808
 20
170.041928286024
 30
0.0
 40
0.75
100
AcDbArc
 50
0.0
 51
200.7777156309451
  0
ARC
  5
483
330
1F
100
AcDbEntity
  8
0
  6
Continuous
 62
     7
370
    25
100
AcDbCircle
 10
58.69662695141085
 20
184.5419282860239
 30
0.0
 40
11.9352272727273
100
AcDbArc
 50
339.222284369061
 51
20.77771563093902
  0
ARC
  5
484
330
1F
100
AcDbEntity
  8
0
  6
Continuous
 62
     7
370
    25
100
AcDbCircle
 10
70.55685422413808
 20
180.0419282860239
 30
0.0
 40
0.75
100
AcDbArc
 50
159.2222843690593
 51
0.0
  0
LINE
  5
485
330
1F
100
AcDbEntity
  8
0
  6
Continuous
 62
     7
370
    25
100
AcDbLine
 10
71.30685422413808
 20
180.0419282860239
 30
0.0
 11
73.05685422413808
 21
180.0419282860239
 31
0.0
  0
ARC
  5
486
330
1F
100
AcDbEntity
  8
0
  6
Continuous
 62
     7
370
    25
100
AcDbCircle
 10
73.80685422413808
 20
180.0419282860239
 30
0.0
 40
0.75
100
AcDbArc
 50
180.0
 51
20.77771563094069
  0
ARC
  5
487
330
1F
100
AcDbEntity
  8
0
  6
Continuous
 62
     7
370
    25
100
AcDbCircle
 10
85.66708149686531
 20
184.5419282860239
 30
0.0
 40
11.9352272727273
100
AcDbArc
 50
159.222284369061
 51
200.7777156309407
  0
ARC
  5
488
330
1F
100
AcDbEntity
  8
0
  6
Continuous
 62
     7
370
    25
100
AcDbCircle
 10
73.80685422413808
 20
189.0419282860239
 30
0.0
 40
0.75
100
AcDbArc
 50
339.222284369061
 51
180.0000000000049
  0
LINE
  5
489
330
1F
100
AcDbEntity
  8
0
  6
Continuous
 62
     7
370
    25
100
AcDbLine
 10
73.05685422413808
 20
189.0419282860239
 30
0.0
 11
71.30685422413808
 21
189.0419282860239
 31
0.0
  0
ARC
  5
48A
330
1F
100
AcDbEntity
  8
0
  6
Continuous
 62
     7
370
    25
100
AcDbCircle
 10
70.55685422413808
 20
189.0419282860239
 30
0.0
 40
0.75
100
AcDbArc
 50
359.9999999999968
 51
200.7777156309407
  0
LINE
  5
48B
330
1F
100
AcDbEntity
  8
0
  6
Continuous
 62
     7
370
    25
100
AcDbLine
 10
64.05685422413808
 20
204.5419282860239
 30
0.0
 11
64.05685422413808
 21
274.5419282860239
 31
0.0
  0
ARC
  5
48C
330
1F
100
AcDbEntity
  8
0
  6
Continuous
 62
     7
370
    25
100
AcDbCircle
 10
64.05685422413808
 20
204.0419282860239
 30
0.0
 40
0.5
100
AcDbArc
 50
90.0
 51
270.0
  0
LINE
  5
48D
330
1F
100
AcDbEntity
  8
0
  6
Continuous
 62
     7
370
    25
100
AcDbLine
 10
64.05685422413808
 20
203.5419282860239
 30
0.0
 11
67.30685422413808
 21
203.5419282860239
 31
0.0
  0
LINE
  5
48E
330
1F
100
AcDbEntity
  8
0
  6
Continuous
 62
     7
370
    25
100
AcDbLine
 10
67.30685422413808
 20
203.5419282860239
 30
0.0
 11
67.30685422413808
 21
194.5419282860239
 31
0.0
  0
LINE
  5
48F
330
1F
100
AcDbEntity
  8
0
  6
Continuous
 62
     7
370
    25
100
AcDbLine
 10
64.05685422413808
 20
194.5419282860239
 30
0.0
 11
67.30685422413808
 21
194.5419282860239
 31
0.0
  0
ARC
  5
490
330
1F
100
AcDbEntity
  8
0
  6
Continuous
 62
     7
370
    25
100
AcDbCircle
 10
64.05685422413808
 20
194.0419282860239
 30
0.0
 40
0.5000000000000569
100
AcDbArc
 50
90.0
 51
270.0
  0
LINE
  5
491
330
1F
100
AcDbEntity
  8
0
  6
Continuous
 62
     7
370
    25
100
AcDbLine
 10
64.05685422413831
 20
190.9643282860239
 30
0.0
 11
64.05685422413808
 21
193.5419282860239
 31
0.0
  0
LINE
  5
492
330
1F
100
AcDbEntity
  8
0
  6
Continuous
 62
     7
370
    25
100
AcDbLine
 10
64.05685422413831
 20
190.9643282860239
 30
0.0
 11
58.58810422413831
 21
190.9643282860239
 31
0.0
  0
LINE
  5
493
330
1F
100
AcDbEntity
  8
0
  6
Continuous
 62
     7
370
    25
100
AcDbLine
 10
58.58810422413831
 20
190.9643282860239
 30
0.0
 11
58.58810422413831
 21
192.2169282860239
 31
0.0
  0
ARC
  5
494
330
1F
100
AcDbEntity
  8
0
  6
Continuous
 62
     7
370
    25
100
AcDbCircle
 10
58.58810422413808
 20
192.7169282860239
 30
0.0
 40
0.5
100
AcDbArc
 50
270.000000000013
 51
180.0
  0
LINE
  5
495
330
1F
100
AcDbEntity
  8
0
  6
Continuous
 62
     7
370
    25
100
AcDbLine
 10
58.08810422413831
 20
192.7169282860239
 30
0.0
 11
56.70685422413817
 21
192.7169282860239
 31
0.0
  0
ARC
  5
496
330
1F
100
AcDbEntity
  8
0
  6
Continuous
 62
     7
370
    25
100
AcDbCircle
 10
56.20685422413817
 20
192.7169282860239
 30
0.0
 40
0.5000000000001137
100
AcDbArc
 50
0.0
 51
270.000000000013
  0
LINE
  5
497
330
1F
100
AcDbEntity
  8
0
  6
Continuous
 62
     7
370
    25
100
AcDbLine
 10
56.20685422413817
 20
192.2169282860239
 30
0.0
 11
56.20685422413817
 21
190.9643282860239
 31
0.0
  0
LINE
  5
498
330
1F
100
AcDbEntity
  8
0
  6
Continuous
 62
     7
370
    25
100
AcDbLine
 10
56.20685422413817
 20
190.9643282860239
 30
0.0
 11
54.70685422413805
 21
190.9643282860239
 31
0.0
  0
ARC
  5
499
330
1F
100
AcDbEntity
  8
0
  6
Continuous
 62
     7
370
    25
100
AcDbCircle
 10
54.20685422413805
 20
190.9643282860239
 30
0.0
 40
0.5
100
AcDbArc
 50
0.0
 51
270.0
  0
LINE
  5
49A
330
1F
100
AcDbEntity
  8
0
  6
Continuous
 62
     7
370
    25
100
AcDbLine
 10
54.20685422413805
 20
190.4643282860239
 30
0.0
 11
54.20685422413805
 21
188.6195282860239
 31
0.0
  0
ARC
  5
49B
330
1F
100
AcDbEntity
  8
0
  6
Continuous
 62
     7
370
    25
100
AcDbCircle
 10
54.20685422413805
 20
188.1195282860239
 30
0.0
 40
0.5
100
AcDbArc
 50
90.0
 51
0.0
  0
LINE
  5
49C
330
1F
100
AcDbEntity
  8
0
  6
Continuous
 62
     7
370
    25
100
AcDbLine
 10
54.70685422413805
 20
188.1195282860239
 30
0.0
 11
56.20685422413817
 21
188.1195282860239
 31
0.0
  0
LINE
  5
49D
330
1F
100
AcDbEntity
  8
0
  6
Continuous
 62
     7
370
    25
100
AcDbLine
 10
56.20685422413817
 20
188.1195282860239
 30
0.0
 11
56.20685422413817
 21
186.8669282860239
 31
0.0
  0
ARC
  5
49E
330
1F
100
AcDbEntity
  8
0
  6
Continuous
 62
     7
370
    25
100
AcDbCircle
 10
56.20685422413817
 20
186.3669282860239
 30
0.0
 40
0.5000000000001137
100
AcDbArc
 50
89.99999999998697
 51
0.0
  0
LINE
  5
49F
330
1F
100
AcDbEntity
  8
0
  6
Continuous
 62
     7
370
    25
100
AcDbLine
 10
56.70685422413817
 20
186.3669282860239
 30
0.0
 11
58.08810422413831
 21
186.3669282860239
 31
0.0
  0
ARC
  5
4A0
330
1F
100
AcDbEntity
  8
0
  6
Continuous
 62
     7
370
    25
100
AcDbCircle
 10
58.58810422413808
 20
186.3669282860239
 30
0.0
 40
0.5
100
AcDbArc
 50
180.0
 51
89.99999999998697
  0
LINE
  5
4A1
330
1F
100
AcDbEntity
  8
0
  6
Continuous
 62
     7
370
    25
100
AcDbLine
 10
58.58810422413831
 20
186.8669282860239
 30
0.0
 11
58.58810422413831
 21
188.1195282860239
 31
0.0
  0
LINE
  5
4A2
330
1F
100
AcDbEntity
  8
0
  6
Continuous
 62
     7
370
    25
100
AcDbLine
 10
58.58810422413831
 20
188.1195282860239
 30
0.0
 11
64.05685422413831
 21
188.1195282860239
 31
0.0
  0
LINE
  5
4A3
330
1F
100
AcDbEntity
  8
0
  6
Continuous
 62
     7
370
    25
100
AcDbLine
 10
64.05685422413808
 20
185.5419282860239
 30
0.0
 11
64.05685422413831
 21
188.1195282860239
 31
0.0
  0
ARC
  5
4A4
330
1F
100
AcDbEntity
  8
0
  6
Continuous
 62
     7
370
    25
100
AcDbCircle
 10
64.05685422413808
 20
185.0419282860239
 30
0.0
 40
0.5000000000000569
100
AcDbArc
 50
90.0
 51
270.0
  0
LINE
  5
4A5
330
1F
100
AcDbEntity
  8
0
  6
Continuous
 62
     7
370
    25
100
AcDbLine
 10
64.05685422413808
 20
184.5419282860239
 30
0.0
 11
67.30685422413808
 21
184.5419282860239
 31
0.0
  0
LINE
  5
4A6
330
1F
100
AcDbEntity
  8
0
  6
Continuous
 62
     7
370
    25
100
AcDbLine
 10
67.30685422413808
 20
175.5419282860239
 30
0.0
 11
67.30685422413808
 21
184.5419282860239
 31
0.0
  0
LINE
  5
4A7
330
1F
100
AcDbEntity
  8
0
  6
Continuous
 62
     7
370
    25
100
AcDbLine
 10
64.05685422413808
 20
175.5419282860239
 30
0.0
 11
67.30685422413808
 21
175.5419282860239
 31
0.0
  0
ARC
  5
4A8
330
1F
100
AcDbEntity
  8
0
  6
Continuous
 62
     7
370
    25
100
AcDbCircle
 10
64.05685422413808
 20
175.0419282860239
 30
0.0
 40
0.5
100
AcDbArc
 50
90.0
 51
270.0
  0
LINE
  5
4A9
330
1F
100
AcDbEntity
  8
0
  6
Continuous
 62
     7
370
    25
100
AcDbLine
 10
64.05685422413808
 20
104.5419282860239
 30
0.0
 11
64.05685422413808
 21
174.5419282860239
 31
0.0
  0
LINE
  5
4AA
330
1F
100
AcDbEntity
  8
0
  6
Continuous
 62
     7
370
    25
100
AcDbLine
 10
56.05685422413808
 20
104.5419282860239
 30
0.0
 11
64.05685422413808
 21
104.5419282860239
 31
0.0
  0
ARC
  5
4AB
330
1F
100
AcDbEntity
  8
0
  6
Continuous
 62
     7
370
    25
100
AcDbCircle
 10
55.30685422413808
 20
104.5419282860238
 30
0.0
 40
0.7500000000000569
100
AcDbArc
 50
0.0000000000048853
 51
179.9999999999951
  0
LINE
  5
4AC
330
1F
100
AcDbEntity
  8
0
  6
Continuous
 62
     7
370
    25
100
AcDbLine
 10
54.55685422413807
 20
104.5419282860239
 30
0.0
 11
54.55685422413807
 21
101.2919282860239
 31
0.0
  0
LINE
  5
4AD
330
1F
100
AcDbEntity
  8
0
  6
Continuous
 62
     7
370
    25
100
AcDbLine
 10
45.55685422413808
 20
101.2919282860239
 30
0.0
 11
54.55685422413807
 21
101.2919282860239
 31
0.0
  0
LINE
  5
4AE
330
1F
100
AcDbEntity
  8
0
  6
Continuous
 62
     7
370
    25
100
AcDbLine
 10
45.55685422413808
 20
104.5419282860238
 30
0.0
 11
45.55685422413808
 21
101.2919282860239
 31
0.0
  0
ARC
  5
4AF
330
1F
100
AcDbEntity
  8
0
  6
Continuous
 62
     7
370
    25
100
AcDbCircle
 10
44.80685422413808
 20
104.5419282860238
 30
0.0
 40
0.7500000000000569
100
AcDbArc
 50
0.0
 51
179.9999999999951
  0
LINE
  5
4B0
330
1F
100
AcDbEntity
  8
0
  6
Continuous
 62
     7
370
    25
100
AcDbLine
 10
36.05685422413808
 20
104.5419282860239
 30
0.0
 11
44.05685422413808
 21
104.5419282860239
 31
0.0
  0
LINE
  5
4B1
330
1F
100
AcDbEntity
  8
0
  6
Continuous
 62
     7
370
    25
100
AcDbLine
 10
36.05685422413808
 20
274.5419282860239
 30
0.0
 11
36.05685422413808
 21
104.5419282860239
 31
0.0
  0
LINE
  5
4B2
330
1F
100
AcDbEntity
  8
0
  6
Continuous
 62
     7
370
    25
100
AcDbLine
 10
36.05685422413808
 20
274.5419282860239
 30
0.0
 11
44.05685422413808
 21
274.5419282860239
 31
0.0
  0
ARC
  5
4B3
330
1F
100
AcDbEntity
  8
0
  6
Continuous
 62
     7
370
    25
100
AcDbCircle
 10
44.80685422413808
 20
274.5419282860239
 30
0.0
 40
0.75
100
AcDbArc
 50
180.0
 51
0.0
  0
LINE
  5
4B4
330
1F
100
AcDbEntity
  8
0
  6
Continuous
 62
     7
370
    25
100
AcDbLine
 10
45.55685422413808
 20
274.5419282860239
 30
0.0
 11
45.55685422413808
 21
277.7919282860239
 31
0.0
  0
LINE
  5
4B5
330
1F
100
AcDbEntity
  8
0
  6
Continuous
 62
     7
370
    25
100
AcDbLine
 10
54.55685422413807
 20
277.7919282860239
 30
0.0
 11
45.55685422413808
 21
277.7919282860239
 31
0.0
  0
LINE
  5
4B6
330
1F
100
AcDbEntity
  8
0
  6
Continuous
 62
     7
370
    25
100
AcDbLine
 10
54.55685422413807
 20
274.5419282860239
 30
0.0
 11
54.55685422413807
 21
277.7919282860239
 31
0.0
  0
ARC
  5
4B7
330
1F
100
AcDbEntity
  8
0
  6
Continuous
 62
     7
370
    25
100
AcDbCircle
 10
55.30685422413808
 20
274.5419282860239
 30
0.0
 40
0.75
100
AcDbArc
 50
180.0
 51
0.0
  0
LINE
  5
4B8
330
1F
100
AcDbEntity
  8
0
  6
Continuous
 62
     7
370
    25
100
AcDbLine
 10
56.05685422413808
 20
274.5419282860239
 30
0.0
 11
64.05685422413808
 21
274.5419282860239
 31
0.0
  0
ARC
  5
4B9
330
1F
100
AcDbEntity
  8
0
  6
Continuous
 62
     7
370
    25
100
AcDbCircle
 10
42.92180037185142
 20
235.5942174446466
 30
0.0
 40
2.000000000000072
100
AcDbArc
 50
166.0133944239479
 51
346.0133944239479
  0
ARC
  5
4BA
330
1F
100
AcDbEntity
  8
0
  6
Continuous
 62
     7
370
    25
100
AcDbCircle
 10
49.95685422413806
 20
233.8419282860239
 30
0.0
 40
5.250000000000043
100
AcDbArc
 50
133.9866055760532
 51
166.0133944239479
  0
ARC
  5
4BB
330
1F
100
AcDbEntity
  8
0
  6
Continuous
 62
     7
370
    25
100
AcDbCircle
 10
44.9218003718513
 20
239.0583190597844
 30
0.0
 40
1.999999999999973
100
AcDbArc
 50
313.9866055760541
 51
133.986605576054
  0
ARC
  5
4BC
330
1F
100
AcDbEntity
  8
0
  6
Continuous
 62
     7
370
    25
100
AcDbCircle
 10
49.95685422413806
 20
233.8419282860239
 30
0.0
 40
9.250000000000042
100
AcDbArc
 50
133.9866055760537
 51
166.0133944239479
  0
CIRCLE
  5
4BD
330
1F
100
AcDbEntity
  8
0
  6
Continuous
 62
     7
370
    25
100
AcDbCircle
 10
49.95685422413806
 20
233.8419282860239
 30
0.0
 40
3.074999999999988
  0
CIRCLE
  5
4BE
330
1F
100
AcDbEntity
  8
0
  6
Continuous
 62
     7
370
    25
100
AcDbCircle
 10
49.95685422413806
 20
260.041928286024
 30
0.0
 40
2.274999999999977
  0
CIRCLE
  5
4BF
330
1F
100
AcDbEntity
  8
0
  6
Continuous
 62
     7
370
    25
100
AcDbCircle
 10
49.95685422413806
 20
119.0419282860239
 30
0.0
 40
2.275000000000034
  0
ARC
  5
4C0
330
1F
100
AcDbEntity
  8
0
  6
Continuous
 62
     7
370
    25
100
AcDbCircle
 10
54.99190807642481
 20
150.4583190597843
 30
0.0
 40
2.000000000000014
100
AcDbArc
 50
46.01339442394681
 51
226.0133944239467
  0
ARC
  5
4C1
330
1F
100
AcDbEntity
  8
0
  6
Continuous
 62
     7
370
    25
100
AcDbCircle
 10
49.95685422413806
 20
145.2419282860239
 30
0.0
 40
5.250000000000007
100
AcDbArc
 50
13.98660557605211
 51
46.01339442394625
  0
ARC
  5
4C2
330
1F
100
AcDbEntity
  8
0
  6
Continuous
 62
     7
370
    25
100
AcDbCircle
 10
56.9919080764248
 20
146.9942174446465
 30
0.0
 40
2.000000000000003
100
AcDbArc
 50
193.9866055760507
 51
13.9866055760533
  0
ARC
  5
4C3
330
1F
100
AcDbEntity
  8
0
  6
Continuous
 62
     7
370
    25
100
AcDbCircle
 10
49.95685422413806
 20
145.2419282860239
 30
0.0
 40
9.249999999999991
100
AcDbArc
 50
13.98660557605211
 51
46.01339442394625
  0
ARC
  5
4C4
330
1F
100
AcDbEntity
  8
0
  6
Continuous
 62
     7
370
    25
100
AcDbCircle
 10
42.92180037185142
 20
143.4896391274012
 30
0.0
 40
2.000000000000059
100
AcDbArc
 50
13.98660557605211
 51
193.9866055760507
  0
ARC
  5
4C5
330
1F
100
AcDbEntity
  8
0
  6
Continuous
 62
     7
370
    25
100
AcDbCircle
 10
49.95685422413806
 20
145.2419282860239
 30
0.0
 40
9.250000000000072
100
AcDbArc
 50
193.9866055760521
 51
226.0133944239467
  0
ARC
  5
4C6
330
1F
100
AcDbEntity
  8
0
  6
Continuous
 62
     7
370
    25
100
AcDbCircle
 10
44.9218003718513
 20
140.0255375122635
 30
0.0
 40
2.000000000000055
100
AcDbArc
 50
226.0133944239539
 51
46.01339442394597
  0
ARC
  5
4C7
330
1F
100
AcDbEntity
  8
0
  6
Continuous
 62
     7
370
    25
100
AcDbCircle
 10
49.95685422413806
 20
145.2419282860239
 30
0.0
 40
5.250000000000043
100
AcDbArc
 50
193.9866055760532
 51
226.0133944239467
  0
CIRCLE
  5
4C8
330
1F
100
AcDbEntity
  8
0
  6
Continuous
 62
     7
370
    25
100
AcDbCircle
 10
49.95685422413806
 20
145.2419282860239
 30
0.0
 40
3.075000000000045
  0
ARC
  5
4C9
330
1F
100
AcDbEntity
  8
0
  6
Continuous
 62
     7
370
    25
100
AcDbCircle
 10
54.55685422413807
 20
224.5919282860242
 30
0.0
 40
0.7500000000002843
100
AcDbArc
 50
270.0
 51
112.6198649480457
  0
ARC
  5
4CA
330
1F
100
AcDbEntity
  8
0
  6
Continuous
 62
     7
370
    25
100
AcDbCircle
 10
50.05685422413808
 20
235.3919282860238
 30
0.0
 40
10.94999999999986
100
AcDbArc
 50
247.3801350519612
 51
292.6198649480458
  0
ARC
  5
4CB
330
1F
100
AcDbEntity
  8
0
  6
Continuous
 62
     7
370
    25
100
AcDbCircle
 10
45.55685422413808
 20
224.5919282860239
 30
0.0
 40
0.7500000000000219
100
AcDbArc
 50
67.38013505196815
 51
269.9999999999935
  0
LINE
  5
4CC
330
1F
100
AcDbEntity
  8
0
  6
Continuous
 62
     7
370
    25
100
AcDbLine
 10
45.55685422413808
 20
223.8419282860239
 30
0.0
 11
45.55685422413808
 21
222.0919282860239
 31
0.0
  0
ARC
  5
4CD
330
1F
100
AcDbEntity
  8
0
  6
Continuous
 62
     7
370
    25
100
AcDbCircle
 10
45.55685422413808
 20
221.3419282860239
 30
0.0
 40
0.7500000000000569
100
AcDbArc
 50
90.0
 51
292.6198649480458
  0
ARC
  5
4CE
330
1F
100
AcDbEntity
  8
0
  6
Continuous
 62
     7
370
    25
100
AcDbCircle
 10
50.05685422413808
 20
210.5419282860239
 30
0.0
 40
10.95000000000004
100
AcDbArc
 50
67.3801350519612
 51
112.6198649480389
  0
ARC
  5
4CF
330
1F
100
AcDbEntity
  8
0
  6
Continuous
 62
     7
370
    25
100
AcDbCircle
 10
54.55685422413807
 20
221.3419282860241
 30
0.0
 40
0.7500000000002274
100
AcDbArc
 50
247.3801350519682
 51
90.0
  0
LINE
  5
4D0
330
1F
100
AcDbEntity
  8
0
  6
Continuous
 62
     7
370
    25
100
AcDbLine
 10
54.55685422413807
 20
222.0919282860243
 30
0.0
 11
54.55685422413807
 21
223.8419282860239
 31
0.0
  0
ARC
  5
4D1
330
1F
100
AcDbEntity
  8
0
  6
Continuous
 62
     7
370
    25
100
AcDbCircle
 10
45.55685422413808
 20
157.7419282860239
 30
0.0
 40
0.7500000000000437
100
AcDbArc
 50
67.3801350519612
 51
270.0
  0
LINE
  5
4D2
330
1F
100
AcDbEntity
  8
0
  6
Continuous
 62
     7
370
    25
100
AcDbLine
 10
45.55685422413808
 20
155.2419282860239
 30
0.0
 11
45.55685422413808
 21
156.9919282860239
 31
0.0
  0
ARC
  5
4D3
330
1F
100
AcDbEntity
  8
0
  6
Continuous
 62
     7
370
    25
100
AcDbCircle
 10
45.55685422413808
 20
154.4919282860239
 30
0.0
 40
0.75
100
AcDbArc
 50
90.0
 51
292.6198649480388
  0
ARC
  5
4D4
330
1F
100
AcDbEntity
  8
0
  6
Continuous
 62
     7
370
    25
100
AcDbCircle
 10
50.05685422413808
 20
143.691928286024
 30
0.0
 40
10.94999999999991
100
AcDbArc
 50
67.38013505196112
 51
112.6198649480389
  0
ARC
  5
4D5
330
1F
100
AcDbEntity
  8
0
  6
Continuous
 62
     7
370
    25
100
AcDbCircle
 10
54.55685422413807
 20
154.4919282860236
 30
0.0
 40
0.7500000000002274
100
AcDbArc
 50
247.3801350519542
 51
89.99999999999349
  0
LINE
  5
4D6
330
1F
100
AcDbEntity
  8
0
  6
Continuous
 62
     7
370
    25
100
AcDbLine
 10
54.55685422413807
 20
156.9919282860235
 30
0.0
 11
54.55685422413807
 21
155.2419282860239
 31
0.0
  0
ARC
  5
4D7
330
1F
100
AcDbEntity
  8
0
  6
Continuous
 62
     7
370
    25
100
AcDbCircle
 10
54.55685422413807
 20
157.7419282860236
 30
0.0
 40
0.7500000000002536
100
AcDbArc
 50
269.9999999999935
 51
112.6198649480318
  0
ARC
  5
4D8
330
1F
100
AcDbEntity
  8
0
  6
Continuous
 62
     7
370
    25
100
AcDbCircle
 10
50.05685422413808
 20
168.5419282860239
 30
0.0
 40
10.94999999999999
100
AcDbArc
 50
247.3801350519612
 51
292.6198649480389
  0
ARC
  5
4D9
330
1F
100
AcDbEntity
  8
0
  6
Continuous
 62
     7
370
    25
100
AcDbCircle
 10
54.99190807642481
 20
228.6255375122635
 30
0.0
 40
2.000000000000055
100
AcDbArc
 50
133.986605576054
 51
313.9866055760532
  0
ARC
  5
4DA
330
1F
100
AcDbEntity
  8
0
  6
Continuous
 62
     7
370
    25
100
AcDbCircle
 10
49.95685422413806
 20
233.8419282860239
 30
0.0
 40
9.25000000000003
100
AcDbArc
 50
313.9866055760538
 51
346.0133944239493
  0
ARC
  5
4DB
330
1F
100
AcDbEntity
  8
0
  6
Continuous
 62
     7
370
    25
100
AcDbCircle
 10
56.9919080764248
 20
232.0896391274013
 30
0.0
 40
2.000000000000017
100
AcDbArc
 50
346.0133944239479
 51
166.0133944239479
  0
ARC
  5
4DC
330
1F
100
AcDbEntity
  8
0
  6
Continuous
 62
     7
370
    25
100
AcDbCircle
 10
49.95685422413806
 20
233.8419282860239
 30
0.0
 40
5.250000000000007
100
AcDbArc
 50
313.9866055760541
 51
346.0133944239493
  0
LINE
  5
4DD
330
1F
100
AcDbEntity
  8
0
  6
Continuous
 62
     7
370
    25
100
AcDbLine
 10
129.8068542241381
 20
158.5092627121014
 30
0.0
 11
129.8068542241381
 21
177.4842627121013
 31
0.0
  0
ARC
  5
4DE
330
1F
100
AcDbEntity
  8
0
  6
Continuous
 62
     7
370
    25
100
AcDbCircle
 10
129.8068542241381
 20
157.7592627121014
 30
0.0
 40
0.7500000000000569
100
AcDbArc
 50
90.0
 51
270.0
  0
LINE
  5
4DF
330
1F
100
AcDbEntity
  8
0
  6
Continuous
 62
     7
370
    25
100
AcDbLine
 10
129.8068542241381
 20
157.0092627121014
 30
0.0
 11
133.0568542241381
 21
157.0092627121014
 31
0.0
  0
LINE
  5
4E0
330
1F
100
AcDbEntity
  8
0
  6
Continuous
 62
     7
370
    25
100
AcDbLine
 10
133.0568542241381
 20
157.0092627121014
 30
0.0
 11
133.0568542241381
 21
148.0092627121013
 31
0.0
  0
ARC
  5
4E1
330
1F
100
AcDbEntity
  8
0
  6
Continuous
 62
     7
370
    25
100
AcDbCircle
 10
129.8068542241381
 20
147.2592627121014
 30
0.0
 40
0.75
100
AcDbArc
 50
90.0
 51
270.0
  0
LINE
  5
4E2
330
1F
100
AcDbEntity
  8
0
  6
Continuous
 62
     7
370
    25
100
AcDbLine
 10
129.8068542241381
 20
127.5342627121013
 30
0.0
 11
129.8068542241381
 21
146.5092627121014
 31
0.0
  0
LINE
  5
4E3
330
1F
100
AcDbEntity
  8
0
  6
Continuous
 62
     7
370
    25
100
AcDbLine
 10
129.8068542241381
 20
127.5342627121013
 30
0.0
 11
114.3068542241385
 21
127.5342627121013
 31
0.0
  0
ARC
  5
4E4
330
1F
100
AcDbEntity
  8
0
  6
Continuous
 62
     7
370
    25
100
AcDbCircle
 10
113.5568542241381
 20
127.5342627121013
 30
0.0
 40
0.7500000000003979
100
AcDbArc
 50
0.0
 51
180.0
  0
LINE
  5
4E5
330
1F
100
AcDbEntity
  8
0
  6
Continuous
 62
     7
370
    25
100
AcDbLine
 10
112.806854224138
 20
127.5342627121013
 30
0.0
 11
112.806854224138
 21
124.2842627121014
 31
0.0
  0
LINE
  5
4E6
330
1F
100
AcDbEntity
  8
0
  6
Continuous
 62
     7
370
    25
100
AcDbLine
 10
112.806854224138
 20
124.2842627121014
 30
0.0
 11
105.806854224138
 21
124.2842627121014
 31
0.0
  0
LINE
  5
4E7
330
1F
100
AcDbEntity
  8
0
  6
Continuous
 62
     7
370
    25
100
AcDbLine
 10
105.806854224138
 20
127.5342627121013
 30
0.0
 11
105.806854224138
 21
124.2842627121014
 31
0.0
  0
ARC
  5
4E8
330
1F
100
AcDbEntity
  8
0
  6
Continuous
 62
     7
370
    25
100
AcDbCircle
 10
105.0568542241381
 20
127.5342627121013
 30
0.0
 40
0.7500000000003979
100
AcDbArc
 50
0.0
 51
180.0
  0
LINE
  5
4E9
330
1F
100
AcDbEntity
  8
0
  6
Continuous
 62
     7
370
    25
100
AcDbLine
 10
104.3068542241376
 20
127.5342627121013
 30
0.0
 11
101.8068542241381
 21
127.5342627121013
 31
0.0
  0
LINE
  5
4EA
330
1F
100
AcDbEntity
  8
0
  6
Continuous
 62
     7
370
    25
100
AcDbLine
 10
101.8068542241381
 20
127.5342627121013
 30
0.0
 11
101.8068542241381
 21
177.4842627121013
 31
0.0
  0
LINE
  5
4EB
330
1F
100
AcDbEntity
  8
0
  6
Continuous
 62
     7
370
    25
100
AcDbLine
 10
109.706854224138
 20
177.4842627121013
 30
0.0
 11
101.8068542241381
 21
177.4842627121013
 31
0.0
  0
ARC
  5
4EC
330
1F
100
AcDbEntity
  8
0
  6
Continuous
 62
     7
370
    25
100
AcDbCircle
 10
110.456854224138
 20
177.4842627121013
 30
0.0
 40
0.75
100
AcDbArc
 50
180.0
 51
0.0
  0
LINE
  5
4ED
330
1F
100
AcDbEntity
  8
0
  6
Continuous
 62
     7
370
    25
100
AcDbLine
 10
111.206854224138
 20
177.4842627121013
 30
0.0
 11
111.206854224138
 21
180.7342627121013
 31
0.0
  0
LINE
  5
4EE
330
1F
100
AcDbEntity
  8
0
  6
Continuous
 62
     7
370
    25
100
AcDbLine
 10
111.206854224138
 20
180.7342627121013
 30
0.0
 11
120.206854224138
 21
180.7342627121013
 31
0.0
  0
LINE
  5
4EF
330
1F
100
AcDbEntity
  8
0
  6
Continuous
 62
     7
370
    25
100
AcDbLine
 10
120.206854224138
 20
177.4842627121013
 30
0.0
 11
120.206854224138
 21
180.7342627121013
 31
0.0
  0
ARC
  5
4F0
330
1F
100
AcDbEntity
  8
0
  6
Continuous
 62
     7
370
    25
100
AcDbCircle
 10
120.956854224138
 20
177.4842627121013
 30
0.0
 40
0.75
100
AcDbArc
 50
180.0
 51
0.0
  0
LINE
  5
4F1
330
1F
100
AcDbEntity
  8
0
  6
Continuous
 62
     7
370
    25
100
AcDbLine
 10
129.8068542241381
 20
177.4842627121013
 30
0.0
 11
121.706854224138
 21
177.4842627121013
 31
0.0
  0
CIRCLE
  5
4F2
330
1F
100
AcDbEntity
  8
0
  6
Continuous
 62
     7
370
    25
100
AcDbCircle
 10
115.706854224138
 20
142.0342627121014
 30
0.0
 40
2.275000000000034
  0
CIRCLE
  5
4F3
330
1F
100
AcDbEntity
  8
0
  6
Continuous
 62
     7
370
    25
100
AcDbCircle
 10
115.706854224138
 20
156.6342627121013
 30
0.0
 40
0.8999999999999204
  0
CIRCLE
  5
4F4
330
1F
100
AcDbEntity
  8
0
  6
Continuous
 62
     7
370
    25
100
AcDbCircle
 10
115.706854224138
 20
168.2342627121014
 30
0.0
 40
3.075000000000045
  0
LINE
  5
4F5
330
1F
100
AcDbEntity
  8
0
  6
Continuous
 62
     7
370
    25
100
AcDbLine
 10
129.8068542241381
 20
148.0092627121013
 30
0.0
 11
133.0568542241381
 21
148.0092627121013
 31
0.0
  0
LINE
  5
4F6
330
1F
100
AcDbEntity
  8
0
  6
Continuous
 62
     7
370
    25
100
AcDbLine
 10
136.3068542241381
 20
202.9592627121014
 30
0.0
 11
136.3068542241381
 21
183.9842627121013
 31
0.0
  0
ARC
  5
4F7
330
1F
100
AcDbEntity
  8
0
  6
Continuous
 62
     7
370
    25
100
AcDbCircle
 10
136.3068542241381
 20
203.7092627121013
 30
0.0
 40
0.75
100
AcDbArc
 50
270.0
 51
90.0
  0
LINE
  5
4F8
330
1F
100
AcDbEntity
  8
0
  6
Continuous
 62
     7
370
    25
100
AcDbLine
 10
136.3068542241381
 20
204.4592627121013
 30
0.0
 11
133.0568542241381
 21
204.4592627121014
 31
0.0
  0
LINE
  5
4F9
330
1F
100
AcDbEntity
  8
0
  6
Continuous
 62
     7
370
    25
100
AcDbLine
 10
133.0568542241381
 20
204.4592627121014
 30
0.0
 11
133.0568542241381
 21
213.4592627121013
 31
0.0
  0
ARC
  5
4FA
330
1F
100
AcDbEntity
  8
0
  6
Continuous
 62
     7
370
    25
100
AcDbCircle
 10
136.3068542241381
 20
214.2092627121014
 30
0.0
 40
0.7500000000000569
100
AcDbArc
 50
270.0
 51
90.0
  0
LINE
  5
4FB
330
1F
100
AcDbEntity
  8
0
  6
Continuous
 62
     7
370
    25
100
AcDbLine
 10
136.3068542241381
 20
233.9342627121014
 30
0.0
 11
136.3068542241381
 21
214.9592627121014
 31
0.0
  0
LINE
  5
4FC
330
1F
100
AcDbEntity
  8
0
  6
Continuous
 62
     7
370
    25
100
AcDbLine
 10
136.3068542241381
 20
233.9342627121014
 30
0.0
 11
151.8068542241377
 21
233.9342627121014
 31
0.0
  0
ARC
  5
4FD
330
1F
100
AcDbEntity
  8
0
  6
Continuous
 62
     7
370
    25
100
AcDbCircle
 10
152.556854224138
 20
233.9342627121014
 30
0.0
 40
0.7500000000003411
100
AcDbArc
 50
180.0
 51
0.0
  0
LINE
  5
4FE
330
1F
100
AcDbEntity
  8
0
  6
Continuous
 62
     7
370
    25
100
AcDbLine
 10
153.306854224138
 20
233.9342627121014
 30
0.0
 11
153.306854224138
 21
237.1842627121014
 31
0.0
  0
LINE
  5
4FF
330
1F
100
AcDbEntity
  8
0
  6
Continuous
 62
     7
370
    25
100
AcDbLine
 10
153.306854224138
 20
237.1842627121014
 30
0.0
 11
160.3068542241381
 21
237.1842627121014
 31
0.0
  0
LINE
  5
500
330
1F
100
AcDbEntity
  8
0
  6
Continuous
 62
     7
370
    25
100
AcDbLine
 10
160.3068542241381
 20
233.9342627121014
 30
0.0
 11
160.3068542241381
 21
237.1842627121014
 31
0.0
  0
ARC
  5
501
330
1F
100
AcDbEntity
  8
0
  6
Continuous
 62
     7
370
    25
100
AcDbCircle
 10
161.0568542241381
 20
233.9342627121014
 30
0.0
 40
0.7500000000004548
100
AcDbArc
 50
180.0
 51
0.0
  0
LINE
  5
502
330
1F
100
AcDbEntity
  8
0
  6
Continuous
 62
     7
370
    25
100
AcDbLine
 10
161.8068542241385
 20
233.9342627121014
 30
0.0
 11
164.3068542241381
 21
233.9342627121014
 31
0.0
  0
LINE
  5
503
330
1F
100
AcDbEntity
  8
0
  6
Continuous
 62
     7
370
    25
100
AcDbLine
 10
164.3068542241381
 20
233.9342627121014
 30
0.0
 11
164.3068542241381
 21
183.9842627121013
 31
0.0
  0
LINE
  5
504
330
1F
100
AcDbEntity
  8
0
  6
Continuous
 62
     7
370
    25
100
AcDbLine
 10
156.4068542241381
 20
183.9842627121013
 30
0.0
 11
164.3068542241381
 21
183.9842627121013
 31
0.0
  0
ARC
  5
505
330
1F
100
AcDbEntity
  8
0
  6
Continuous
 62
     7
370
    25
100
AcDbCircle
 10
155.6568542241382
 20
183.9842627121013
 30
0.0
 40
0.7500000000001137
100
AcDbArc
 50
0.0
 51
180.0
  0
LINE
  5
506
330
1F
100
AcDbEntity
  8
0
  6
Continuous
 62
     7
370
    25
100
AcDbLine
 10
154.9068542241381
 20
183.9842627121013
 30
0.0
 11
154.9068542241381
 21
180.7342627121013
 31
0.0
  0
LINE
  5
507
330
1F
100
AcDbEntity
  8
0
  6
Continuous
 62
     7
370
    25
100
AcDbLine
 10
154.9068542241381
 20
180.7342627121013
 30
0.0
 11
145.9068542241381
 21
180.7342627121013
 31
0.0
  0
LINE
  5
508
330
1F
100
AcDbEntity
  8
0
  6
Continuous
 62
     7
370
    25
100
AcDbLine
 10
145.9068542241381
 20
183.9842627121013
 30
0.0
 11
145.9068542241381
 21
180.7342627121013
 31
0.0
  0
ARC
  5
509
330
1F
100
AcDbEntity
  8
0
  6
Continuous
 62
     7
370
    25
100
AcDbCircle
 10
145.1568542241381
 20
183.9842627121013
 30
0.0
 40
0.75
100
AcDbArc
 50
0.0
 51
180.0
  0
LINE
  5
50A
330
1F
100
AcDbEntity
  8
0
  6
Continuous
 62
     7
370
    25
100
AcDbLine
 10
136.3068542241381
 20
183.9842627121013
 30
0.0
 11
144.4068542241381
 21
183.9842627121013
 31
0.0
  0
CIRCLE
  5
50B
330
1F
100
AcDbEntity
  8
0
  6
Continuous
 62
     7
370
    25
100
AcDbCircle
 10
150.4068542241381
 20
204.8342627121013
 30
0.0
 40
0.9000000000000341
  0
CIRCLE
  5
50C
330
1F
100
AcDbEntity
  8
0
  6
Continuous
 62
     7
370
    25
100
AcDbCircle
 10
150.4068542241381
 20
193.2342627121014
 30
0.0
 40
3.074999999999988
  0
CIRCLE
  5
50D
330
1F
100
AcDbEntity
  8
0
  6
Continuous
 62
     7
370
    25
100
AcDbCircle
 10
150.4068542241381
 20
219.4342627121014
 30
0.0
 40
2.274999999999977
  0
LINE
  5
50E
330
1F
100
AcDbEntity
  8
0
  6
Continuous
 62
     7
370
    25
100
AcDbLine
 10
136.3068542241381
 20
213.4592627121013
 30
0.0
 11
133.0568542241381
 21
213.4592627121013
 31
0.0
  0
ARC
  5
50F
330
1F
100
AcDbEntity
  8
0
  6
Continuous
 62
     7
370
    25
100
AcDbCircle
 10
145.1568542241381
 20
177.4842627121013
 30
0.0
 40
0.75
100
AcDbArc
 50
180.0
 51
0.0
  0
LINE
  5
510
330
1F
100
AcDbEntity
  8
0
  6
Continuous
 62
     7
370
    25
100
AcDbLine
 10
145.9068542241381
 20
177.4842627121013
 30
0.0
 11
145.9068542241381
 21
180.7342627121013
 31
0.0
  0
LINE
  5
511
330
1F
100
AcDbEntity
  8
0
  6
Continuous
 62
     7
370
    25
100
AcDbLine
 10
154.9068542241381
 20
180.7342627121013
 30
0.0
 11
145.9068542241381
 21
180.7342627121013
 31
0.0
  0
LINE
  5
512
330
1F
100
AcDbEntity
  8
0
  6
Continuous
 62
     7
370
    25
100
AcDbLine
 10
154.9068542241381
 20
177.4842627121013
 30
0.0
 11
154.9068542241381
 21
180.7342627121013
 31
0.0
  0
ARC
  5
513
330
1F
100
AcDbEntity
  8
0
  6
Continuous
 62
     7
370
    25
100
AcDbCircle
 10
155.6568542241382
 20
177.4842627121013
 30
0.0
 40
0.7500000000001137
100
AcDbArc
 50
180.0
 51
0.0
  0
LINE
  5
514
330
1F
100
AcDbEntity
  8
0
  6
Continuous
 62
     7
370
    25
100
AcDbLine
 10
156.4068542241381
 20
177.4842627121013
 30
0.0
 11
164.3068542241381
 21
177.4842627121013
 31
0.0
  0
LINE
  5
515
330
1F
100
AcDbEntity
  8
0
  6
Continuous
 62
     7
370
    25
100
AcDbLine
 10
164.3068542241381
 20
127.5342627121013
 30
0.0
 11
164.3068542241381
 21
177.4842627121013
 31
0.0
  0
LINE
  5
516
330
1F
100
AcDbEntity
  8
0
  6
Continuous
 62
     7
370
    25
100
AcDbLine
 10
161.8068542241385
 20
127.5342627121013
 30
0.0
 11
164.3068542241381
 21
127.5342627121013
 31
0.0
  0
ARC
  5
517
330
1F
100
AcDbEntity
  8
0
  6
Continuous
 62
     7
370
    25
100
AcDbCircle
 10
161.0568542241382
 20
127.5342627121013
 30
0.0
 40
0.7500000000003411
100
AcDbArc
 50
0.0
 51
180.0
  0
LINE
  5
518
330
1F
100
AcDbEntity
  8
0
  6
Continuous
 62
     7
370
    25
100
AcDbLine
 10
160.3068542241381
 20
127.5342627121013
 30
0.0
 11
160.3068542241381
 21
124.2842627121014
 31
0.0
  0
LINE
  5
519
330
1F
100
AcDbEntity
  8
0
  6
Continuous
 62
     7
370
    25
100
AcDbLine
 10
153.306854224138
 20
124.2842627121014
 30
0.0
 11
160.3068542241381
 21
124.2842627121014
 31
0.0
  0
LINE
  5
51A
330
1F
100
AcDbEntity
  8
0
  6
Continuous
 62
     7
370
    25
100
AcDbLine
 10
153.306854224138
 20
127.5342627121013
 30
0.0
 11
153.306854224138
 21
124.2842627121014
 31
0.0
  0
ARC
  5
51B
330
1F
100
AcDbEntity
  8
0
  6
Continuous
 62
     7
370
    25
100
AcDbCircle
 10
152.556854224138
 20
127.5342627121013
 30
0.0
 40
0.7500000000003411
100
AcDbArc
 50
0.0
 51
180.0
  0
LINE
  5
51C
330
1F
100
AcDbEntity
  8
0
  6
Continuous
 62
     7
370
    25
100
AcDbLine
 10
136.3068542241381
 20
127.5342627121013
 30
0.0
 11
151.8068542241377
 21
127.5342627121013
 31
0.0
  0
LINE
  5
51D
330
1F
100
AcDbEntity
  8
0
  6
Continuous
 62
     7
370
    25
100
AcDbLine
 10
136.3068542241381
 20
127.5342627121013
 30
0.0
 11
136.3068542241381
 21
146.5092627121014
 31
0.0
  0
ARC
  5
51E
330
1F
100
AcDbEntity
  8
0
  6
Continuous
 62
     7
370
    25
100
AcDbCircle
 10
136.3068542241381
 20
147.2592627121014
 30
0.0
 40
0.75
100
AcDbArc
 50
270.0
 51
90.0
  0
LINE
  5
51F
330
1F
100
AcDbEntity
  8
0
  6
Continuous
 62
     7
370
    25
100
AcDbLine
 10
133.0568542241381
 20
157.0092627121014
 30
0.0
 11
133.0568542241381
 21
148.0092627121013
 31
0.0
  0
LINE
  5
520
330
1F
100
AcDbEntity
  8
0
  6
Continuous
 62
     7
370
    25
100
AcDbLine
 10
136.3068542241381
 20
157.0092627121014
 30
0.0
 11
133.0568542241381
 21
157.0092627121014
 31
0.0
  0
ARC
  5
521
330
1F
100
AcDbEntity
  8
0
  6
Continuous
 62
     7
370
    25
100
AcDbCircle
 10
136.3068542241381
 20
157.7592627121014
 30
0.0
 40
0.7500000000000569
100
AcDbArc
 50
270.0
 51
90.0
  0
LINE
  5
522
330
1F
100
AcDbEntity
  8
0
  6
Continuous
 62
     7
370
    25
100
AcDbLine
 10
136.3068542241381
 20
158.5092627121014
 30
0.0
 11
136.3068542241381
 21
177.4842627121013
 31
0.0
  0
LINE
  5
523
330
1F
100
AcDbEntity
  8
0
  6
Continuous
 62
     7
370
    25
100
AcDbLine
 10
136.3068542241381
 20
177.4842627121013
 30
0.0
 11
144.4068542241381
 21
177.4842627121013
 31
0.0
  0
CIRCLE
  5
524
330
1F
100
AcDbEntity
  8
0
  6
Continuous
 62
     7
370
    25
100
AcDbCircle
 10
150.4068542241381
 20
168.2342627121014
 30
0.0
 40
3.075000000000045
  0
CIRCLE
  5
525
330
1F
100
AcDbEntity
  8
0
  6
Continuous
 62
     7
370
    25
100
AcDbCircle
 10
150.4068542241381
 20
142.0342627121014
 30
0.0
 40
2.275000000000034
  0
CIRCLE
  5
526
330
1F
100
AcDbEntity
  8
0
  6
Continuous
 62
     7
370
    25
100
AcDbCircle
 10
150.4068542241381
 20
156.6342627121013
 30
0.0
 40
0.8999999999999204
  0
LINE
  5
527
330
1F
100
AcDbEntity
  8
0
  6
Continuous
 62
     7
370
    25
100
AcDbLine
 10
136.3068542241381
 20
148.0092627121013
 30
0.0
 11
133.0568542241381
 21
148.0092627121013
 31
0.0
  0
ARC
  5
528
330
1F
100
AcDbEntity
  8
0
  6
Continuous
 62
     7
370
    25
100
AcDbCircle
 10
120.956854224138
 20
183.9842627121013
 30
0.0
 40
0.75
100
AcDbArc
 50
0.0
 51
180.0
  0
LINE
  5
529
330
1F
100
AcDbEntity
  8
0
  6
Continuous
 62
     7
370
    25
100
AcDbLine
 10
120.206854224138
 20
183.9842627121013
 30
0.0
 11
120.206854224138
 21
180.7342627121013
 31
0.0
  0
LINE
  5
52A
330
1F
100
AcDbEntity
  8
0
  6
Continuous
 62
     7
370
    25
100
AcDbLine
 10
111.206854224138
 20
180.7342627121013
 30
0.0
 11
120.206854224138
 21
180.7342627121013
 31
0.0
  0
LINE
  5
52B
330
1F
100
AcDbEntity
  8
0
  6
Continuous
 62
     7
370
    25
100
AcDbLine
 10
111.206854224138
 20
183.9842627121013
 30
0.0
 11
111.206854224138
 21
180.7342627121013
 31
0.0
  0
ARC
  5
52C
330
1F
100
AcDbEntity
  8
0
  6
Continuous
 62
     7
370
    25
100
AcDbCircle
 10
110.456854224138
 20
183.9842627121013
 30
0.0
 40
0.75
100
AcDbArc
 50
0.0
 51
180.0
  0
LINE
  5
52D
330
1F
100
AcDbEntity
  8
0
  6
Continuous
 62
     7
370
    25
100
AcDbLine
 10
109.706854224138
 20
183.9842627121013
 30
0.0
 11
101.8068542241381
 21
183.9842627121013
 31
0.0
  0
LINE
  5
52E
330
1F
100
AcDbEntity
  8
0
  6
Continuous
 62
     7
370
    25
100
AcDbLine
 10
101.8068542241381
 20
233.9342627121014
 30
0.0
 11
101.8068542241381
 21
183.9842627121013
 31
0.0
  0
LINE
  5
52F
330
1F
100
AcDbEntity
  8
0
  6
Continuous
 62
     7
370
    25
100
AcDbLine
 10
104.3068542241376
 20
233.9342627121014
 30
0.0
 11
101.8068542241381
 21
233.9342627121014
 31
0.0
  0
ARC
  5
530
330
1F
100
AcDbEntity
  8
0
  6
Continuous
 62
     7
370
    25
100
AcDbCircle
 10
105.0568542241381
 20
233.9342627121014
 30
0.0
 40
0.7500000000003979
100
AcDbArc
 50
180.0
 51
0.0
  0
LINE
  5
531
330
1F
100
AcDbEntity
  8
0
  6
Continuous
 62
     7
370
    25
100
AcDbLine
 10
105.806854224138
 20
233.9342627121014
 30
0.0
 11
105.806854224138
 21
237.1842627121014
 31
0.0
  0
LINE
  5
532
330
1F
100
AcDbEntity
  8
0
  6
Continuous
 62
     7
370
    25
100
AcDbLine
 10
112.806854224138
 20
237.1842627121014
 30
0.0
 11
105.806854224138
 21
237.1842627121014
 31
0.0
  0
LINE
  5
533
330
1F
100
AcDbEntity
  8
0
  6
Continuous
 62
     7
370
    25
100
AcDbLine
 10
112.806854224138
 20
233.9342627121014
 30
0.0
 11
112.806854224138
 21
237.1842627121014
 31
0.0
  0
ARC
  5
534
330
1F
100
AcDbEntity
  8
0
  6
Continuous
 62
     7
370
    25
100
AcDbCircle
 10
113.5568542241381
 20
233.9342627121014
 30
0.0
 40
0.7500000000003979
100
AcDbArc
 50
180.0
 51
0.0
  0
LINE
  5
535
330
1F
100
AcDbEntity
  8
0
  6
Continuous
 62
     7
370
    25
100
AcDbLine
 10
129.8068542241381
 20
233.9342627121014
 30
0.0
 11
114.3068542241385
 21
233.9342627121014
 31
0.0
  0
LINE
  5
536
330
1F
100
AcDbEntity
  8
0
  6
Continuous
 62
     7
370
    25
100
AcDbLine
 10
129.8068542241381
 20
233.9342627121014
 30
0.0
 11
129.8068542241381
 21
214.9592627121014
 31
0.0
  0
ARC
  5
537
330
1F
100
AcDbEntity
  8
0
  6
Continuous
 62
     7
370
    25
100
AcDbCircle
 10
129.8068542241381
 20
214.2092627121014
 30
0.0
 40
0.7500000000000569
100
AcDbArc
 50
90.0
 51
270.0
  0
LINE
  5
538
330
1F
100
AcDbEntity
  8
0
  6
Continuous
 62
     7
370
    25
100
AcDbLine
 10
133.0568542241381
 20
204.4592627121014
 30
0.0
 11
133.0568542241381
 21
213.4592627121013
 31
0.0
  0
LINE
  5
539
330
1F
100
AcDbEntity
  8
0
  6
Continuous
 62
     7
370
    25
100
AcDbLine
 10
129.8068542241381
 20
204.4592627121013
 30
0.0
 11
133.0568542241381
 21
204.4592627121014
 31
0.0
  0
ARC
  5
53A
330
1F
100
AcDbEntity
  8
0
  6
Continuous
 62
     7
370
    25
100
AcDbCircle
 10
129.8068542241381
 20
203.7092627121013
 30
0.0
 40
0.75
100
AcDbArc
 50
90.0
 51
270.0
  0
LINE
  5
53B
330
1F
100
AcDbEntity
  8
0
  6
Continuous
 62
     7
370
    25
100
AcDbLine
 10
129.8068542241381
 20
202.9592627121014
 30
0.0
 11
129.8068542241381
 21
183.9842627121013
 31
0.0
  0
LINE
  5
53C
330
1F
100
AcDbEntity
  8
0
  6
Continuous
 62
     7
370
    25
100
AcDbLine
 10
129.8068542241381
 20
183.9842627121013
 30
0.0
 11
121.706854224138
 21
183.9842627121013
 31
0.0
  0
CIRCLE
  5
53D
330
1F
100
AcDbEntity
  8
0
  6
Continuous
 62
     7
370
    25
100
AcDbCircle
 10
115.706854224138
 20
193.2342627121014
 30
0.0
 40
3.074999999999988
  0
CIRCLE
  5
53E
330
1F
100
AcDbEntity
  8
0
  6
Continuous
 62
     7
370
    25
100
AcDbCircle
 10
115.706854224138
 20
219.4342627121014
 30
0.0
 40
2.274999999999977
  0
CIRCLE
  5
53F
330
1F
100
AcDbEntity
  8
0
  6
Continuous
 62
     7
370
    25
100
AcDbCircle
 10
115.706854224138
 20
204.8342627121013
 30
0.0
 40
0.9000000000000341
  0
LINE
  5
540
330
1F
100
AcDbEntity
  8
0
  6
Continuous
 62
     7
370
    25
100
AcDbLine
 10
129.8068542241381
 20
213.4592627121013
 30
0.0
 11
133.0568542241381
 21
213.4592627121013
 31
0.0
  0
LINE
  5
541
330
1F
100
AcDbEntity
  8
0
  6
Continuous
 62
     7
370
    25
100
AcDbLine
 10
261.1205336279382
 20
377.291928286024
 30
0.0
 11
261.1205336279382
 21
368.791928286024
 31
0.0
  0
ARC
  5
542
330
1F
100
AcDbEntity
  8
0
  6
Continuous
 62
     7
370
    25
100
AcDbCircle
 10
261.1205336279382
 20
368.291928286024
 30
0.0
 40
0.5
100
AcDbArc
 50
90.0
 51
270.0
  0
LINE
  5
543
330
1F
100
AcDbEntity
  8
0
  6
Continuous
 62
     7
370
    25
100
AcDbLine
 10
261.1205336279382
 20
367.791928286024
 30
0.0
 11
264.3705336279383
 21
367.7919282860239
 31
0.0
  0
LINE
  5
544
330
1F
100
AcDbEntity
  8
0
  6
Continuous
 62
     7
370
    25
100
AcDbLine
 10
264.3705336279383
 20
367.7919282860239
 30
0.0
 11
264.3705336279382
 21
358.7919282860239
 31
0.0
  0
LINE
  5
545
330
1F
100
AcDbEntity
  8
0
  6
Continuous
 62
     7
370
    25
100
AcDbLine
 10
261.1205336279382
 20
358.7919282860239
 30
0.0
 11
264.3705336279382
 21
358.7919282860239
 31
0.0
  0
ARC
  5
546
330
1F
100
AcDbEntity
  8
0
  6
Continuous
 62
     7
370
    25
100
AcDbCircle
 10
261.1205336279382
 20
358.291928286024
 30
0.0
 40
0.5
100
AcDbArc
 50
90.0
 51
270.0
  0
LINE
  5
547
330
1F
100
AcDbEntity
  8
0
  6
Continuous
 62
     7
370
    25
100
AcDbLine
 10
261.1205336279382
 20
357.791928286024
 30
0.0
 11
261.1205336279382
 21
349.291928286024
 31
0.0
  0
LINE
  5
548
330
1F
100
AcDbEntity
  8
0
  6
Continuous
 62
     7
370
    25
100
AcDbLine
 10
261.1205336279382
 20
349.291928286024
 30
0.0
 11
218.7705336279383
 21
349.291928286024
 31
0.0
  0
LINE
  5
549
330
1F
100
AcDbEntity
  8
0
  6
Continuous
 62
     7
370
    25
100
AcDbLine
 10
218.7705336279383
 20
357.791928286024
 30
0.0
 11
218.7705336279383
 21
349.291928286024
 31
0.0
  0
ARC
  5
54A
330
1F
100
AcDbEntity
  8
0
  6
Continuous
 62
     7
370
    25
100
AcDbCircle
 10
218.7705336279383
 20
358.291928286024
 30
0.0
 40
0.5
100
AcDbArc
 50
270.0
 51
90.0
  0
LINE
  5
54B
330
1F
100
AcDbEntity
  8
0
  6
Continuous
 62
     7
370
    25
100
AcDbLine
 10
218.7705336279383
 20
358.7919282860239
 30
0.0
 11
215.5205336279383
 21
358.7919282860239
 31
0.0
  0
LINE
  5
54C
330
1F
100
AcDbEntity
  8
0
  6
Continuous
 62
     7
370
    25
100
AcDbLine
 10
215.5205336279383
 20
358.7919282860239
 30
0.0
 11
215.5205336279383
 21
367.7919282860239
 31
0.0
  0
LINE
  5
54D
330
1F
100
AcDbEntity
  8
0
  6
Continuous
 62
     7
370
    25
100
AcDbLine
 10
218.7705336279383
 20
367.7919282860239
 30
0.0
 11
215.5205336279383
 21
367.7919282860239
 31
0.0
  0
ARC
  5
54E
330
1F
100
AcDbEntity
  8
0
  6
Continuous
 62
     7
370
    25
100
AcDbCircle
 10
218.7705336279383
 20
368.291928286024
 30
0.0
 40
0.5000000000000285
100
AcDbArc
 50
270.0
 51
90.0
  0
LINE
  5
54F
330
1F
100
AcDbEntity
  8
0
  6
Continuous
 62
     7
370
    25
100
AcDbLine
 10
218.7705336279383
 20
377.291928286024
 30
0.0
 11
218.7705336279383
 21
368.791928286024
 31
0.0
  0
LINE
  5
550
330
1F
100
AcDbEntity
  8
0
  6
Continuous
 62
     7
370
    25
100
AcDbLine
 10
234.4455336279382
 20
377.291928286024
 30
0.0
 11
218.7705336279383
 21
377.291928286024
 31
0.0
  0
ARC
  5
551
330
1F
100
AcDbEntity
  8
0
  6
Continuous
 62
     7
370
    25
100
AcDbCircle
 10
234.9455336279383
 20
377.291928286024
 30
0.0
 40
0.5000000000001137
100
AcDbArc
 50
180.0
 51
0.0
  0
LINE
  5
552
330
1F
100
AcDbEntity
  8
0
  6
Continuous
 62
     7
370
    25
100
AcDbLine
 10
244.4455336279382
 20
377.291928286024
 30
0.0
 11
244.4455336279382
 21
380.541928286024
 31
0.0
  0
ARC
  5
553
330
1F
100
AcDbEntity
  8
0
  6
Continuous
 62
     7
370
    25
100
AcDbCircle
 10
244.9455336279383
 20
377.291928286024
 30
0.0
 40
0.5000000000001137
100
AcDbArc
 50
180.0
 51
0.0
  0
LINE
  5
554
330
1F
100
AcDbEntity
  8
0
  6
Continuous
 62
     7
370
    25
100
AcDbLine
 10
261.1205336279382
 20
377.291928286024
 30
0.0
 11
245.4455336279382
 21
377.291928286024
 31
0.0
  0
ARC
  5
555
330
1F
100
AcDbEntity
  8
0
  6
Continuous
 62
     7
370
    25
100
AcDbCircle
 10
230.5205336279383
 20
358.691928286024
 30
0.0
 40
0.5000000000000301
100
AcDbArc
 50
179.9999999999967
 51
16.43841849780302
  0
ARC
  5
556
330
1F
100
AcDbEntity
  8
0
  6
Continuous
 62
     7
370
    25
100
AcDbCircle
 10
245.7724567048614
 20
363.191928286024
 30
0.0
 40
15.40192307692314
100
AcDbArc
 50
163.5615815022
 51
196.4384184977999
  0
ARC
  5
557
330
1F
100
AcDbEntity
  8
0
  6
Continuous
 62
     7
370
    25
100
AcDbCircle
 10
230.5205336279383
 20
367.691928286024
 30
0.0
 40
0.5000000000000569
100
AcDbArc
 50
343.5615815022
 51
180.0
  0
LINE
  5
558
330
1F
100
AcDbEntity
  8
0
  6
Continuous
 62
     7
370
    25
100
AcDbLine
 10
230.0205336279383
 20
367.691928286024
 30
0.0
 11
227.7705336279383
 21
367.691928286024
 31
0.0
  0
ARC
  5
559
330
1F
100
AcDbEntity
  8
0
  6
Continuous
 62
     7
370
    25
100
AcDbCircle
 10
227.2705336279383
 20
367.691928286024
 30
0.0
 40
0.5000000000000301
100
AcDbArc
 50
0.0
 51
196.438418497803
  0
ARC
  5
55A
330
1F
100
AcDbEntity
  8
0
  6
Continuous
 62
     7
370
    25
100
AcDbCircle
 10
212.0186105510152
 20
363.191928286024
 30
0.0
 40
15.40192307692308
100
AcDbArc
 50
343.5615815022032
 51
16.43841849779988
  0
ARC
  5
55B
330
1F
100
AcDbEntity
  8
0
  6
Continuous
 62
     7
370
    25
100
AcDbCircle
 10
227.2705336279383
 20
358.691928286024
 30
0.0
 40
0.5000000000000219
100
AcDbArc
 50
163.5615815022
 51
0.0
  0
LINE
  5
55C
330
1F
100
AcDbEntity
  8
0
  6
Continuous
 62
     7
370
    25
100
AcDbLine
 10
227.7705336279383
 20
358.691928286024
 30
0.0
 11
230.0205336279383
 21
358.691928286024
 31
0.0
  0
LINE
  5
55D
330
1F
100
AcDbEntity
  8
0
  6
Continuous
 62
     7
370
    25
100
AcDbLine
 10
235.4455336279382
 20
377.291928286024
 30
0.0
 11
235.4455336279382
 21
380.541928286024
 31
0.0
  0
LINE
  5
55E
330
1F
100
AcDbEntity
  8
0
  6
Continuous
 62
     7
370
    25
100
AcDbLine
 10
235.4455336279382
 20
380.541928286024
 30
0.0
 11
244.4455336279382
 21
380.541928286024
 31
0.0
  0
ARC
  5
55F
330
1F
100
AcDbEntity
  8
0
  6
Continuous
 62
     7
370
    25
100
AcDbCircle
 10
381.4955336279381
 20
377.2919282860239
 30
0.0
 40
0.5000000000001137
100
AcDbArc
 50
180.0
 51
0.0
  0
LINE
  5
560
330
1F
100
AcDbEntity
  8
0
  6
Continuous
 62
     7
370
    25
100
AcDbLine
 10
381.9955336279382
 20
377.2919282860239
 30
0.0
 11
381.9955336279382
 21
380.5419282860239
 31
0.0
  0
ARC
  5
561
330
1F
100
AcDbEntity
  8
0
  6
Continuous
 62
     7
370
    25
100
AcDbCircle
 10
391.4955336279381
 20
377.2919282860239
 30
0.0
 40
0.5000000000001137
100
AcDbArc
 50
180.0
 51
0.0
  0
LINE
  5
562
330
1F
100
AcDbEntity
  8
0
  6
Continuous
 62
     7
370
    25
100
AcDbLine
 10
391.9955336279382
 20
377.2919282860239
 30
0.0
 11
407.6705336279381
 21
377.2919282860239
 31
0.0
  0
LINE
  5
563
330
1F
100
AcDbEntity
  8
0
  6
Continuous
 62
     7
370
    25
100
AcDbLine
 10
407.6705336279381
 20
377.2919282860239
 30
0.0
 11
407.6705336279381
 21
368.7919282860239
 31
0.0
  0
ARC
  5
564
330
1F
100
AcDbEntity
  8
0
  6
Continuous
 62
     7
370
    25
100
AcDbCircle
 10
407.6705336279381
 20
368.2919282860239
 30
0.0
 40
0.5
100
AcDbArc
 50
90.0
 51
270.0
  0
LINE
  5
565
330
1F
100
AcDbEntity
  8
0
  6
Continuous
 62
     7
370
    25
100
AcDbLine
 10
407.6705336279381
 20
367.7919282860239
 30
0.0
 11
410.9205336279381
 21
367.7919282860239
 31
0.0
  0
LINE
  5
566
330
1F
100
AcDbEntity
  8
0
  6
Continuous
 62
     7
370
    25
100
AcDbLine
 10
410.9205336279381
 20
358.7919282860239
 30
0.0
 11
410.9205336279381
 21
367.7919282860239
 31
0.0
  0
LINE
  5
567
330
1F
100
AcDbEntity
  8
0
  6
Continuous
 62
     7
370
    25
100
AcDbLine
 10
407.6705336279381
 20
358.7919282860239
 30
0.0
 11
410.9205336279381
 21
358.7919282860239
 31
0.0
  0
ARC
  5
568
330
1F
100
AcDbEntity
  8
0
  6
Continuous
 62
     7
370
    25
100
AcDbCircle
 10
407.6705336279381
 20
358.2919282860239
 30
0.0
 40
0.5
100
AcDbArc
 50
90.0
 51
270.0
  0
LINE
  5
569
330
1F
100
AcDbEntity
  8
0
  6
Continuous
 62
     7
370
    25
100
AcDbLine
 10
407.6705336279381
 20
357.7919282860239
 30
0.0
 11
407.6705336279381
 21
349.2919282860239
 31
0.0
  0
LINE
  5
56A
330
1F
100
AcDbEntity
  8
0
  6
Continuous
 62
     7
370
    25
100
AcDbLine
 10
365.3205336279381
 20
349.2919282860239
 30
0.0
 11
407.6705336279381
 21
349.2919282860239
 31
0.0
  0
LINE
  5
56B
330
1F
100
AcDbEntity
  8
0
  6
Continuous
 62
     7
370
    25
100
AcDbLine
 10
365.3205336279381
 20
357.7919282860239
 30
0.0
 11
365.3205336279381
 21
349.2919282860239
 31
0.0
  0
ARC
  5
56C
330
1F
100
AcDbEntity
  8
0
  6
Continuous
 62
     7
370
    25
100
AcDbCircle
 10
365.3205336279381
 20
358.2919282860239
 30
0.0
 40
0.5
100
AcDbArc
 50
270.0
 51
90.0
  0
LINE
  5
56D
330
1F
100
AcDbEntity
  8
0
  6
Continuous
 62
     7
370
    25
100
AcDbLine
 10
365.3205336279381
 20
358.7919282860239
 30
0.0
 11
362.0705336279382
 21
358.7919282860239
 31
0.0
  0
LINE
  5
56E
330
1F
100
AcDbEntity
  8
0
  6
Continuous
 62
     7
370
    25
100
AcDbLine
 10
362.0705336279381
 20
367.7919282860239
 30
0.0
 11
362.0705336279382
 21
358.7919282860239
 31
0.0
  0
LINE
  5
56F
330
1F
100
AcDbEntity
  8
0
  6
Continuous
 62
     7
370
    25
100
AcDbLine
 10
365.3205336279381
 20
367.7919282860239
 30
0.0
 11
362.0705336279381
 21
367.7919282860239
 31
0.0
  0
ARC
  5
570
330
1F
100
AcDbEntity
  8
0
  6
Continuous
 62
     7
370
    25
100
AcDbCircle
 10
365.3205336279381
 20
368.2919282860239
 30
0.0
 40
0.5
100
AcDbArc
 50
270.0
 51
90.0
  0
LINE
  5
571
330
1F
100
AcDbEntity
  8
0
  6
Continuous
 62
     7
370
    25
100
AcDbLine
 10
365.3205336279381
 20
377.2919282860239
 30
0.0
 11
365.3205336279381
 21
368.7919282860239
 31
0.0
  0
LINE
  5
572
330
1F
100
AcDbEntity
  8
0
  6
Continuous
 62
     7
370
    25
100
AcDbLine
 10
365.3205336279381
 20
377.2919282860239
 30
0.0
 11
380.9955336279382
 21
377.2919282860239
 31
0.0
  0
ARC
  5
573
330
1F
100
AcDbEntity
  8
0
  6
Continuous
 62
     7
370
    25
100
AcDbCircle
 10
399.1705336279381
 20
358.691928286024
 30
0.0
 40
0.5
100
AcDbArc
 50
180.0
 51
16.43841849779273
  0
ARC
  5
574
330
1F
100
AcDbEntity
  8
0
  6
Continuous
 62
     7
370
    25
100
AcDbCircle
 10
414.4224567048611
 20
363.1919282860239
 30
0.0
 40
15.4019230769231
100
AcDbArc
 50
163.5615815022
 51
196.4384184977999
  0
ARC
  5
575
330
1F
100
AcDbEntity
  8
0
  6
Continuous
 62
     7
370
    25
100
AcDbCircle
 10
399.1705336279381
 20
367.6919282860239
 30
0.0
 40
0.5
100
AcDbArc
 50
343.5615815022
 51
180.0
  0
LINE
  5
576
330
1F
100
AcDbEntity
  8
0
  6
Continuous
 62
     7
370
    25
100
AcDbLine
 10
396.4205336279381
 20
367.6919282860239
 30
0.0
 11
398.6705336279381
 21
367.6919282860239
 31
0.0
  0
ARC
  5
577
330
1F
100
AcDbEntity
  8
0
  6
Continuous
 62
     7
370
    25
100
AcDbCircle
 10
395.9205336279381
 20
367.6919282860239
 30
0.0
 40
0.5000000000000764
100
AcDbArc
 50
0.0
 51
196.4384184977999
  0
ARC
  5
578
330
1F
100
AcDbEntity
  8
0
  6
Continuous
 62
     7
370
    25
100
AcDbCircle
 10
380.668610551015
 20
363.191928286024
 30
0.0
 40
15.40192307692311
100
AcDbArc
 50
343.5615815022
 51
16.43841849779988
  0
ARC
  5
579
330
1F
100
AcDbEntity
  8
0
  6
Continuous
 62
     7
370
    25
100
AcDbCircle
 10
395.9205336279381
 20
358.691928286024
 30
0.0
 40
0.5000000000000604
100
AcDbArc
 50
163.5615815022104
 51
0.0
  0
LINE
  5
57A
330
1F
100
AcDbEntity
  8
0
  6
Continuous
 62
     7
370
    25
100
AcDbLine
 10
398.6705336279381
 20
358.691928286024
 30
0.0
 11
396.420533627938
 21
358.691928286024
 31
0.0
  0
LINE
  5
57B
330
1F
100
AcDbEntity
  8
0
  6
Continuous
 62
     7
370
    25
100
AcDbLine
 10
390.9955336279382
 20
377.2919282860239
 30
0.0
 11
390.9955336279382
 21
380.5419282860239
 31
0.0
  0
LINE
  5
57C
330
1F
100
AcDbEntity
  8
0
  6
Continuous
 62
     7
370
    25
100
AcDbLine
 10
390.9955336279382
 20
380.5419282860239
 30
0.0
 11
381.9955336279382
 21
380.5419282860239
 31
0.0
  0
ARC
  5
57D
330
1F
100
AcDbEntity
  8
0
  6
Continuous
 62
     7
370
    25
100
AcDbCircle
 10
293.7955336279383
 20
349.2919282860239
 30
0.0
 40
0.5000000000001137
100
AcDbArc
 50
0.0
 51
180.0
  0
LINE
  5
57E
330
1F
100
AcDbEntity
  8
0
  6
Continuous
 62
     7
370
    25
100
AcDbLine
 10
293.2955336279383
 20
349.2919282860239
 30
0.0
 11
293.2955336279383
 21
346.0419282860239
 31
0.0
  0
LINE
  5
57F
330
1F
100
AcDbEntity
  8
0
  6
Continuous
 62
     7
370
    25
100
AcDbLine
 10
284.2955336279382
 20
346.0419282860239
 30
0.0
 11
293.2955336279383
 21
346.0419282860239
 31
0.0
  0
LINE
  5
580
330
1F
100
AcDbEntity
  8
0
  6
Continuous
 62
     7
370
    25
100
AcDbLine
 10
284.2955336279382
 20
349.2919282860239
 30
0.0
 11
284.2955336279382
 21
346.0419282860239
 31
0.0
  0
ARC
  5
581
330
1F
100
AcDbEntity
  8
0
  6
Continuous
 62
     7
370
    25
100
AcDbCircle
 10
283.7955336279384
 20
349.2919282860239
 30
0.0
 40
0.5000000000001137
100
AcDbArc
 50
0.0
 51
180.0
  0
LINE
  5
582
330
1F
100
AcDbEntity
  8
0
  6
Continuous
 62
     7
370
    25
100
AcDbLine
 10
267.6205336279383
 20
358.7919282860239
 30
0.0
 11
264.3705336279383
 21
358.7919282860239
 31
0.0
  0
LINE
  5
583
330
1F
100
AcDbEntity
  8
0
  6
Continuous
 62
     7
370
    25
100
AcDbLine
 10
264.3705336279383
 20
367.7919282860239
 30
0.0
 11
264.3705336279383
 21
358.7919282860239
 31
0.0
  0
LINE
  5
584
330
1F
100
AcDbEntity
  8
0
  6
Continuous
 62
     7
370
    25
100
AcDbLine
 10
267.6205336279383
 20
367.7919282860239
 30
0.0
 11
264.3705336279383
 21
367.7919282860239
 31
0.0
  0
ARC
  5
585
330
1F
100
AcDbEntity
  8
0
  6
Continuous
 62
     7
370
    25
100
AcDbCircle
 10
267.6205336279383
 20
368.2919282860239
 30
0.0
 40
0.5000000000001137
100
AcDbArc
 50
270.0
 51
90.0
  0
LINE
  5
586
330
1F
100
AcDbEntity
  8
0
  6
Continuous
 62
     7
370
    25
100
AcDbLine
 10
309.9705336279382
 20
377.2919282860239
 30
0.0
 11
267.6205336279383
 21
377.2919282860239
 31
0.0
  0
ARC
  5
587
330
1F
100
AcDbEntity
  8
0
  6
Continuous
 62
     7
370
    25
100
AcDbCircle
 10
309.9705336279382
 20
368.2919282860239
 30
0.0
 40
0.5000000000001137
100
AcDbArc
 50
90.0
 51
270.0
  0
LINE
  5
588
330
1F
100
AcDbEntity
  8
0
  6
Continuous
 62
     7
370
    25
100
AcDbLine
 10
309.9705336279382
 20
367.7919282860239
 30
0.0
 11
313.2205336279382
 21
367.7919282860239
 31
0.0
  0
LINE
  5
589
330
1F
100
AcDbEntity
  8
0
  6
Continuous
 62
     7
370
    25
100
AcDbLine
 10
313.2205336279383
 20
358.7919282860239
 30
0.0
 11
313.2205336279382
 21
367.7919282860239
 31
0.0
  0
LINE
  5
58A
330
1F
100
AcDbEntity
  8
0
  6
Continuous
 62
     7
370
    25
100
AcDbLine
 10
309.9705336279382
 20
358.7919282860239
 30
0.0
 11
313.2205336279383
 21
358.7919282860239
 31
0.0
  0
ARC
  5
58B
330
1F
100
AcDbEntity
  8
0
  6
Continuous
 62
     7
370
    25
100
AcDbCircle
 10
309.9705336279382
 20
358.2919282860239
 30
0.0
 40
0.5000000000001137
100
AcDbArc
 50
90.0
 51
270.0
  0
ARC
  5
58C
330
1F
100
AcDbEntity
  8
0
  6
Continuous
 62
     7
370
    25
100
AcDbCircle
 10
276.1205336279383
 20
367.8919282860241
 30
0.0
 40
0.5000000000000381
100
AcDbArc
 50
0.0
 51
196.438418497803
  0
ARC
  5
58D
330
1F
100
AcDbEntity
  8
0
  6
Continuous
 62
     7
370
    25
100
AcDbCircle
 10
260.8686105510153
 20
363.3919282860241
 30
0.0
 40
15.4019230769231
100
AcDbArc
 50
343.5615815022
 51
16.43841849779988
  0
ARC
  5
58E
330
1F
100
AcDbEntity
  8
0
  6
Continuous
 62
     7
370
    25
100
AcDbCircle
 10
276.1205336279383
 20
358.8919282860238
 30
0.0
 40
0.5000000000000381
100
AcDbArc
 50
163.561581502197
 51
0.0
  0
LINE
  5
58F
330
1F
100
AcDbEntity
  8
0
  6
Continuous
 62
     7
370
    25
100
AcDbLine
 10
278.8705336279383
 20
358.8919282860238
 30
0.0
 11
276.6205336279383
 21
358.8919282860238
 31
0.0
  0
ARC
  5
590
330
1F
100
AcDbEntity
  8
0
  6
Continuous
 62
     7
370
    25
100
AcDbCircle
 10
279.3705336279383
 20
358.8919282860238
 30
0.0
 40
0.5000000000000569
100
AcDbArc
 50
180.0
 51
16.43841849780302
  0
ARC
  5
591
330
1F
100
AcDbEntity
  8
0
  6
Continuous
 62
     7
370
    25
100
AcDbCircle
 10
294.6224567048615
 20
363.3919282860238
 30
0.0
 40
15.40192307692315
100
AcDbArc
 50
163.5615815022
 51
196.4384184977999
  0
ARC
  5
592
330
1F
100
AcDbEntity
  8
0
  6
Continuous
 62
     7
370
    25
100
AcDbCircle
 10
279.3705336279383
 20
367.8919282860241
 30
0.0
 40
0.5000000000000381
100
AcDbArc
 50
343.561581502197
 51
180.0
  0
LINE
  5
593
330
1F
100
AcDbEntity
  8
0
  6
Continuous
 62
     7
370
    25
100
AcDbLine
 10
276.6205336279383
 20
367.8919282860241
 30
0.0
 11
278.8705336279383
 21
367.8919282860241
 31
0.0
  0
LINE
  5
594
330
1F
100
AcDbEntity
  8
0
  6
Continuous
 62
     7
370
    25
100
AcDbLine
 10
267.6205336279383
 20
368.7919282860239
 30
0.0
 11
267.6205336279383
 21
377.2919282860239
 31
0.0
  0
ARC
  5
595
330
1F
100
AcDbEntity
  8
0
  6
Continuous
 62
     7
370
    25
100
AcDbCircle
 10
267.6205336279383
 20
358.2919282860239
 30
0.0
 40
0.5000000000001137
100
AcDbArc
 50
270.0
 51
90.0
  0
LINE
  5
596
330
1F
100
AcDbEntity
  8
0
  6
Continuous
 62
     7
370
    25
100
AcDbLine
 10
283.2955336279383
 20
349.2919282860239
 30
0.0
 11
267.6205336279383
 21
349.2919282860239
 31
0.0
  0
LINE
  5
597
330
1F
100
AcDbEntity
  8
0
  6
Continuous
 62
     7
370
    25
100
AcDbLine
 10
309.9705336279382
 20
368.7919282860239
 30
0.0
 11
309.9705336279382
 21
377.2919282860239
 31
0.0
  0
LINE
  5
598
330
1F
100
AcDbEntity
  8
0
  6
Continuous
 62
     7
370
    25
100
AcDbLine
 10
309.9705336279382
 20
349.2919282860239
 30
0.0
 11
309.9705336279382
 21
357.7919282860239
 31
0.0
  0
LINE
  5
599
330
1F
100
AcDbEntity
  8
0
  6
Continuous
 62
     7
370
    25
100
AcDbLine
 10
267.6205336279383
 20
349.2919282860239
 30
0.0
 11
267.6205336279383
 21
357.7919282860239
 31
0.0
  0
LINE
  5
59A
330
1F
100
AcDbEntity
  8
0
  6
Continuous
 62
     7
370
    25
100
AcDbLine
 10
309.9705336279382
 20
349.2919282860239
 30
0.0
 11
294.2955336279382
 21
349.2919282860239
 31
0.0
  0
ARC
  5
59B
330
1F
100
AcDbEntity
  8
0
  6
Continuous
 62
     7
370
    25
100
AcDbCircle
 10
316.4705336279381
 20
358.2919282860239
 30
0.0
 40
0.5000000000001137
100
AcDbArc
 50
270.0
 51
90.0
  0
LINE
  5
59C
330
1F
100
AcDbEntity
  8
0
  6
Continuous
 62
     7
370
    25
100
AcDbLine
 10
316.4705336279381
 20
358.7919282860239
 30
0.0
 11
313.2205336279381
 21
358.7919282860239
 31
0.0
  0
LINE
  5
59D
330
1F
100
AcDbEntity
  8
0
  6
Continuous
 62
     7
370
    25
100
AcDbLine
 10
313.2205336279381
 20
358.7919282860239
 30
0.0
 11
313.2205336279382
 21
367.7919282860239
 31
0.0
  0
LINE
  5
59E
330
1F
100
AcDbEntity
  8
0
  6
Continuous
 62
     7
370
    25
100
AcDbLine
 10
316.4705336279381
 20
367.7919282860239
 30
0.0
 11
313.2205336279382
 21
367.7919282860239
 31
0.0
  0
ARC
  5
59F
330
1F
100
AcDbEntity
  8
0
  6
Continuous
 62
     7
370
    25
100
AcDbCircle
 10
316.4705336279381
 20
368.2919282860239
 30
0.0
 40
0.5000000000001137
100
AcDbArc
 50
270.0
 51
90.0
  0
LINE
  5
5A0
330
1F
100
AcDbEntity
  8
0
  6
Continuous
 62
     7
370
    25
100
AcDbLine
 10
316.4705336279381
 20
377.2919282860239
 30
0.0
 11
358.8205336279381
 21
377.2919282860239
 31
0.0
  0
ARC
  5
5A1
330
1F
100
AcDbEntity
  8
0
  6
Continuous
 62
     7
370
    25
100
AcDbCircle
 10
358.8205336279381
 20
368.2919282860239
 30
0.0
 40
0.5000000000001137
100
AcDbArc
 50
90.0
 51
270.0
  0
LINE
  5
5A2
330
1F
100
AcDbEntity
  8
0
  6
Continuous
 62
     7
370
    25
100
AcDbLine
 10
358.8205336279381
 20
367.7919282860239
 30
0.0
 11
362.0705336279381
 21
367.7919282860239
 31
0.0
  0
LINE
  5
5A3
330
1F
100
AcDbEntity
  8
0
  6
Continuous
 62
     7
370
    25
100
AcDbLine
 10
362.0705336279381
 20
367.7919282860239
 30
0.0
 11
362.0705336279381
 21
358.7919282860239
 31
0.0
  0
LINE
  5
5A4
330
1F
100
AcDbEntity
  8
0
  6
Continuous
 62
     7
370
    25
100
AcDbLine
 10
358.8205336279381
 20
358.7919282860239
 30
0.0
 11
362.0705336279381
 21
358.7919282860239
 31
0.0
  0
ARC
  5
5A5
330
1F
100
AcDbEntity
  8
0
  6
Continuous
 62
     7
370
    25
100
AcDbCircle
 10
342.6455336279381
 20
349.2919282860239
 30
0.0
 40
0.5000000000001137
100
AcDbArc
 50
0.0
 51
180.0
  0
LINE
  5
5A6
330
1F
100
AcDbEntity
  8
0
  6
Continuous
 62
     7
370
    25
100
AcDbLine
 10
342.1455336279382
 20
349.2919282860239
 30
0.0
 11
342.1455336279382
 21
346.0419282860239
 31
0.0
  0
LINE
  5
5A7
330
1F
100
AcDbEntity
  8
0
  6
Continuous
 62
     7
370
    25
100
AcDbLine
 10
342.1455336279382
 20
346.0419282860239
 30
0.0
 11
333.1455336279382
 21
346.0419282860239
 31
0.0
  0
LINE
  5
5A8
330
1F
100
AcDbEntity
  8
0
  6
Continuous
 62
     7
370
    25
100
AcDbLine
 10
333.1455336279382
 20
349.2919282860239
 30
0.0
 11
333.1455336279382
 21
346.0419282860239
 31
0.0
  0
ARC
  5
5A9
330
1F
100
AcDbEntity
  8
0
  6
Continuous
 62
     7
370
    25
100
AcDbCircle
 10
332.645533627938
 20
349.2919282860239
 30
0.0
 40
0.5000000000001137
100
AcDbArc
 50
0.0
 51
180.0
  0
ARC
  5
5AA
330
1F
100
AcDbEntity
  8
0
  6
Continuous
 62
     7
370
    25
100
AcDbCircle
 10
347.0705336279381
 20
367.8919282860241
 30
0.0
 40
0.5000000000000925
100
AcDbArc
 50
0.0
 51
196.438418497803
  0
ARC
  5
5AB
330
1F
100
AcDbEntity
  8
0
  6
Continuous
 62
     7
370
    25
100
AcDbCircle
 10
331.818610551015
 20
363.3919282860238
 30
0.0
 40
15.4019230769231
100
AcDbArc
 50
343.5615815022032
 51
16.43841849779988
  0
ARC
  5
5AC
330
1F
100
AcDbEntity
  8
0
  6
Continuous
 62
     7
370
    25
100
AcDbCircle
 10
347.0705336279381
 20
358.891928286024
 30
0.0
 40
0.5000000000000604
100
AcDbArc
 50
163.5615815022104
 51
0.0
  0
LINE
  5
5AD
330
1F
100
AcDbEntity
  8
0
  6
Continuous
 62
     7
370
    25
100
AcDbLine
 10
347.5705336279381
 20
358.891928286024
 30
0.0
 11
349.8205336279381
 21
358.891928286024
 31
0.0
  0
ARC
  5
5AE
330
1F
100
AcDbEntity
  8
0
  6
Continuous
 62
     7
370
    25
100
AcDbCircle
 10
350.3205336279381
 20
358.891928286024
 30
0.0
 40
0.5
100
AcDbArc
 50
180.0
 51
16.43841849779273
  0
ARC
  5
5AF
330
1F
100
AcDbEntity
  8
0
  6
Continuous
 62
     7
370
    25
100
AcDbCircle
 10
365.5724567048612
 20
363.3919282860241
 30
0.0
 40
15.4019230769231
100
AcDbArc
 50
163.5615815022
 51
196.4384184977999
  0
ARC
  5
5B0
330
1F
100
AcDbEntity
  8
0
  6
Continuous
 62
     7
370
    25
100
AcDbCircle
 10
350.3205336279381
 20
367.8919282860241
 30
0.0
 40
0.5
100
AcDbArc
 50
343.5615815021938
 51
180.0
  0
LINE
  5
5B1
330
1F
100
AcDbEntity
  8
0
  6
Continuous
 62
     7
370
    25
100
AcDbLine
 10
349.8205336279381
 20
367.8919282860241
 30
0.0
 11
347.570533627938
 21
367.8919282860241
 31
0.0
  0
LINE
  5
5B2
330
1F
100
AcDbEntity
  8
0
  6
Continuous
 62
     7
370
    25
100
AcDbLine
 10
358.8205336279381
 20
368.7919282860239
 30
0.0
 11
358.8205336279381
 21
377.2919282860239
 31
0.0
  0
ARC
  5
5B3
330
1F
100
AcDbEntity
  8
0
  6
Continuous
 62
     7
370
    25
100
AcDbCircle
 10
358.8205336279381
 20
358.2919282860239
 30
0.0
 40
0.5000000000001137
100
AcDbArc
 50
90.0
 51
270.0
  0
LINE
  5
5B4
330
1F
100
AcDbEntity
  8
0
  6
Continuous
 62
     7
370
    25
100
AcDbLine
 10
343.1455336279382
 20
349.2919282860239
 30
0.0
 11
358.8205336279381
 21
349.2919282860239
 31
0.0
  0
LINE
  5
5B5
330
1F
100
AcDbEntity
  8
0
  6
Continuous
 62
     7
370
    25
100
AcDbLine
 10
316.4705336279381
 20
368.7919282860239
 30
0.0
 11
316.4705336279381
 21
377.2919282860239
 31
0.0
  0
LINE
  5
5B6
330
1F
100
AcDbEntity
  8
0
  6
Continuous
 62
     7
370
    25
100
AcDbLine
 10
316.4705336279381
 20
349.2919282860239
 30
0.0
 11
316.4705336279381
 21
357.7919282860239
 31
0.0
  0
LINE
  5
5B7
330
1F
100
AcDbEntity
  8
0
  6
Continuous
 62
     7
370
    25
100
AcDbLine
 10
358.8205336279381
 20
349.2919282860239
 30
0.0
 11
358.8205336279381
 21
357.7919282860239
 31
0.0
  0
LINE
  5
5B8
330
1F
100
AcDbEntity
  8
0
  6
Continuous
 62
     7
370
    25
100
AcDbLine
 10
316.4705336279381
 20
349.2919282860239
 30
0.0
 11
332.1455336279381
 21
349.2919282860239
 31
0.0
  0
ARC
  5
5B9
330
1F
100
AcDbEntity
  8
0
  6
Continuous
 62
     7
370
    25
100
AcDbCircle
 10
135.5568542241381
 20
240.4342627121014
 30
0.0
 40
0.75
100
AcDbArc
 50
0.0
 51
180.0
  0
LINE
  5
5BA
330
1F
100
AcDbEntity
  8
0
  6
Continuous
 62
     7
370
    25
100
AcDbLine
 10
132.018054224138
 20
240.4342627121014
 30
0.0
 11
134.8068542241383
 21
240.4342627121014
 31
0.0
  0
LINE
  5
5BB
330
1F
100
AcDbEntity
  8
0
  6
Continuous
 62
     7
370
    25
100
AcDbLine
 10
132.018054224138
 20
255.4342627121014
 30
0.0
 11
132.018054224138
 21
240.4342627121014
 31
0.0
  0
ARC
  5
5BC
330
1F
100
AcDbEntity
  8
0
  6
Continuous
 62
     7
370
    25
100
AcDbCircle
 10
145.518054224138
 20
255.4342627121014
 30
0.0
 40
13.50000000000003
100
AcDbArc
 50
0.0
 51
180.0
  0
LINE
  5
5BD
330
1F
100
AcDbEntity
  8
0
  6
Continuous
 62
     7
370
    25
100
AcDbLine
 10
159.018054224138
 20
240.4342627121014
 30
0.0
 11
159.018054224138
 21
255.4342627121014
 31
0.0
  0
ARC
  5
5BE
330
1F
100
AcDbEntity
  8
0
  6
Continuous
 62
     7
370
    25
100
AcDbCircle
 10
155.479254224138
 20
240.4342627121014
 30
0.0
 40
0.7499999999999716
100
AcDbArc
 50
0.0
 51
180.0
  0
LINE
  5
5BF
330
1F
100
AcDbEntity
  8
0
  6
Continuous
 62
     7
370
    25
100
AcDbLine
 10
154.7292542241381
 20
237.1842627121014
 30
0.0
 11
154.7292542241381
 21
240.4342627121014
 31
0.0
  0
LINE
  5
5C0
330
1F
100
AcDbEntity
  8
0
  6
Continuous
 62
     7
370
    25
100
AcDbLine
 10
151.229254224138
 20
237.1842627121014
 30
0.0
 11
154.7292542241381
 21
237.1842627121014
 31
0.0
  0
LINE
  5
5C1
330
1F
100
AcDbEntity
  8
0
  6
Continuous
 62
     7
370
    25
100
AcDbLine
 10
151.229254224138
 20
237.1842627121014
 30
0.0
 11
151.229254224138
 21
240.4342627121014
 31
0.0
  0
ARC
  5
5C2
330
1F
100
AcDbEntity
  8
0
  6
Continuous
 62
     7
370
    25
100
AcDbCircle
 10
150.479254224138
 20
240.4342627121014
 30
0.0
 40
0.75
100
AcDbArc
 50
0.0000000000032569
 51
179.9999999999967
  0
LINE
  5
5C3
330
1F
100
AcDbEntity
  8
0
  6
Continuous
 62
     7
370
    25
100
AcDbLine
 10
146.9404542241381
 20
240.4342627121014
 30
0.0
 11
149.7292542241382
 21
240.4342627121014
 31
0.0
  0
LINE
  5
5C4
330
1F
100
AcDbEntity
  8
0
  6
Continuous
 62
     7
370
    25
100
AcDbLine
 10
146.9404542241381
 20
245.9030127121012
 30
0.0
 11
146.9404542241381
 21
240.4342627121014
 31
0.0
  0
LINE
  5
5C5
330
1F
100
AcDbEntity
  8
0
  6
Continuous
 62
     7
370
    25
100
AcDbLine
 10
148.193054224138
 20
245.9030127121012
 30
0.0
 11
146.9404542241381
 21
245.9030127121012
 31
0.0
  0
ARC
  5
5C6
330
1F
100
AcDbEntity
  8
0
  6
Continuous
 62
     7
370
    25
100
AcDbCircle
 10
148.693054224138
 20
245.9030127121013
 30
0.0
 40
0.5
100
AcDbArc
 50
180.000000000013
 51
90.0
  0
LINE
  5
5C7
330
1F
100
AcDbEntity
  8
0
  6
Continuous
 62
     7
370
    25
100
AcDbLine
 10
148.693054224138
 20
247.7842627121013
 30
0.0
 11
148.693054224138
 21
246.4030127121013
 31
0.0
  0
ARC
  5
5C8
330
1F
100
AcDbEntity
  8
0
  6
Continuous
 62
     7
370
    25
100
AcDbCircle
 10
148.693054224138
 20
248.2842627121014
 30
0.0
 40
0.5000000000001137
100
AcDbArc
 50
270.0
 51
180.000000000013
  0
LINE
  5
5C9
330
1F
100
AcDbEntity
  8
0
  6
Continuous
 62
     7
370
    25
100
AcDbLine
 10
146.9404542241381
 20
248.2842627121013
 30
0.0
 11
148.193054224138
 21
248.2842627121013
 31
0.0
  0
LINE
  5
5CA
330
1F
100
AcDbEntity
  8
0
  6
Continuous
 62
     7
370
    25
100
AcDbLine
 10
146.9404542241381
 20
249.7842627121015
 30
0.0
 11
146.9404542241381
 21
248.2842627121013
 31
0.0
  0
ARC
  5
5CB
330
1F
100
AcDbEntity
  8
0
  6
Continuous
 62
     7
370
    25
100
AcDbCircle
 10
146.9404542241379
 20
250.2842627121014
 30
0.0
 40
0.5
100
AcDbArc
 50
270.0000000000033
 51
180.0
  0
LINE
  5
5CC
330
1F
100
AcDbEntity
  8
0
  6
Continuous
 62
     7
370
    25
100
AcDbLine
 10
144.595654224138
 20
250.2842627121014
 30
0.0
 11
146.4404542241379
 21
250.2842627121014
 31
0.0
  0
ARC
  5
5CD
330
1F
100
AcDbEntity
  8
0
  6
Continuous
 62
     7
370
    25
100
AcDbCircle
 10
144.095654224138
 20
250.2842627121014
 30
0.0
 40
0.5
100
AcDbArc
 50
0.0
 51
270.0
  0
LINE
  5
5CE
330
1F
100
AcDbEntity
  8
0
  6
Continuous
 62
     7
370
    25
100
AcDbLine
 10
144.095654224138
 20
248.2842627121013
 30
0.0
 11
144.095654224138
 21
249.7842627121015
 31
0.0
  0
LINE
  5
5CF
330
1F
100
AcDbEntity
  8
0
  6
Continuous
 62
     7
370
    25
100
AcDbLine
 10
142.8430542241381
 20
248.2842627121013
 30
0.0
 11
144.095654224138
 21
248.2842627121013
 31
0.0
  0
ARC
  5
5D0
330
1F
100
AcDbEntity
  8
0
  6
Continuous
 62
     7
370
    25
100
AcDbCircle
 10
142.3430542241381
 20
248.2842627121013
 30
0.0
 40
0.5000000000000569
100
AcDbArc
 50
359.9999999999935
 51
269.9999999999968
  0
LINE
  5
5D1
330
1F
100
AcDbEntity
  8
0
  6
Continuous
 62
     7
370
    25
100
AcDbLine
 10
142.3430542241379
 20
246.4030127121012
 30
0.0
 11
142.3430542241379
 21
247.7842627121013
 31
0.0
  0
ARC
  5
5D2
330
1F
100
AcDbEntity
  8
0
  6
Continuous
 62
     7
370
    25
100
AcDbCircle
 10
142.3430542241381
 20
245.9030127121013
 30
0.0
 40
0.5
100
AcDbArc
 50
90.00000000000325
 51
359.9999999999935
  0
LINE
  5
5D3
330
1F
100
AcDbEntity
  8
0
  6
Continuous
 62
     7
370
    25
100
AcDbLine
 10
144.095654224138
 20
245.9030127121012
 30
0.0
 11
142.8430542241381
 21
245.9030127121012
 31
0.0
  0
LINE
  5
5D4
330
1F
100
AcDbEntity
  8
0
  6
Continuous
 62
     7
370
    25
100
AcDbLine
 10
144.0956542241381
 20
240.4342627121014
 30
0.0
 11
144.095654224138
 21
245.9030127121012
 31
0.0
  0
LINE
  5
5D5
330
1F
100
AcDbEntity
  8
0
  6
Continuous
 62
     7
370
    25
100
AcDbLine
 10
141.3068542241376
 20
240.4342627121014
 30
0.0
 11
144.0956542241381
 21
240.4342627121014
 31
0.0
  0
ARC
  5
5D6
330
1F
100
AcDbEntity
  8
0
  6
Continuous
 62
     7
370
    25
100
AcDbCircle
 10
140.5568542241381
 20
240.4342627121014
 30
0.0
 40
0.7499999999999716
100
AcDbArc
 50
0.0
 51
180.0
  0
LINE
  5
5D7
330
1F
100
AcDbEntity
  8
0
  6
Continuous
 62
     7
370
    25
100
AcDbLine
 10
139.806854224138
 20
237.1842627121014
 30
0.0
 11
139.806854224138
 21
240.4342627121014
 31
0.0
  0
LINE
  5
5D8
330
1F
100
AcDbEntity
  8
0
  6
Continuous
 62
     7
370
    25
100
AcDbLine
 10
136.3068542241381
 20
237.1842627121014
 30
0.0
 11
139.806854224138
 21
237.1842627121014
 31
0.0
  0
LINE
  5
5D9
330
1F
100
AcDbEntity
  8
0
  6
Continuous
 62
     7
370
    25
100
AcDbLine
 10
136.3068542241381
 20
237.1842627121014
 30
0.0
 11
136.3068542241381
 21
240.4342627121014
 31
0.0
  0
CIRCLE
  5
5DA
330
1F
100
AcDbEntity
  8
0
  6
Continuous
 62
     7
370
    25
100
AcDbCircle
 10
145.518054224138
 20
259.8092627121014
 30
0.0
 40
2.0
  0
LINE
  5
5DB
330
1F
100
AcDbEntity
  8
0
  6
Continuous
 62
     7
370
    25
100
AcDbLine
 10
156.2292542241376
 20
240.4342627121014
 30
0.0
 11
159.018054224138
 21
240.4342627121014
 31
0.0
  0
LINE
  5
5DC
330
1F
100
AcDbEntity
  8
0
  6
Continuous
 62
     7
370
    25
100
AcDbLine
 10
127.7292542241381
 20
237.1842627121014
 30
0.0
 11
124.229254224138
 21
237.1842627121014
 31
0.0
  0
LINE
  5
5DD
330
1F
100
AcDbEntity
  8
0
  6
Continuous
 62
     7
370
    25
100
AcDbLine
 10
124.229254224138
 20
237.1842627121014
 30
0.0
 11
124.229254224138
 21
240.4342627121014
 31
0.0
  0
ARC
  5
5DE
330
1F
100
AcDbEntity
  8
0
  6
Continuous
 62
     7
370
    25
100
AcDbCircle
 10
123.4792542241381
 20
240.4342627121014
 30
0.0
 40
0.7499999999998864
100
AcDbArc
 50
0.0
 51
180.0
  0
LINE
  5
5DF
330
1F
100
AcDbEntity
  8
0
  6
Continuous
 62
     7
370
    25
100
AcDbLine
 10
122.7292542241384
 20
240.4342627121014
 30
0.0
 11
119.9404542241381
 21
240.4342627121014
 31
0.0
  0
LINE
  5
5E0
330
1F
100
AcDbEntity
  8
0
  6
Continuous
 62
     7
370
    25
100
AcDbLine
 10
119.9404542241381
 20
240.4342627121014
 30
0.0
 11
119.9404542241381
 21
245.9030127121012
 31
0.0
  0
LINE
  5
5E1
330
1F
100
AcDbEntity
  8
0
  6
Continuous
 62
     7
370
    25
100
AcDbLine
 10
119.9404542241381
 20
245.9030127121012
 30
0.0
 11
121.1930542241381
 21
245.9030127121012
 31
0.0
  0
ARC
  5
5E2
330
1F
100
AcDbEntity
  8
0
  6
Continuous
 62
     7
370
    25
100
AcDbCircle
 10
121.6930542241381
 20
245.9030127121013
 30
0.0
 40
0.5
100
AcDbArc
 50
180.0000000000065
 51
90.0
  0
LINE
  5
5E3
330
1F
100
AcDbEntity
  8
0
  6
Continuous
 62
     7
370
    25
100
AcDbLine
 10
121.6930542241381
 20
246.4030127121012
 30
0.0
 11
121.6930542241381
 21
247.7842627121013
 31
0.0
  0
ARC
  5
5E4
330
1F
100
AcDbEntity
  8
0
  6
Continuous
 62
     7
370
    25
100
AcDbCircle
 10
121.6930542241381
 20
248.2842627121013
 30
0.0
 40
0.5000000000000569
100
AcDbArc
 50
270.0
 51
180.0000000000065
  0
LINE
  5
5E5
330
1F
100
AcDbEntity
  8
0
  6
Continuous
 62
     7
370
    25
100
AcDbLine
 10
121.1930542241381
 20
248.2842627121013
 30
0.0
 11
119.9404542241381
 21
248.2842627121013
 31
0.0
  0
LINE
  5
5E6
330
1F
100
AcDbEntity
  8
0
  6
Continuous
 62
     7
370
    25
100
AcDbLine
 10
119.9404542241381
 20
248.2842627121013
 30
0.0
 11
119.9404542241381
 21
249.7842627121015
 31
0.0
  0
ARC
  5
5E7
330
1F
100
AcDbEntity
  8
0
  6
Continuous
 62
     7
370
    25
100
AcDbCircle
 10
119.9404542241381
 20
250.2842627121014
 30
0.0
 40
0.5
100
AcDbArc
 50
270.0
 51
180.0
  0
LINE
  5
5E8
330
1F
100
AcDbEntity
  8
0
  6
Continuous
 62
     7
370
    25
100
AcDbLine
 10
119.4404542241381
 20
250.2842627121014
 30
0.0
 11
117.5956542241381
 21
250.2842627121014
 31
0.0
  0
ARC
  5
5E9
330
1F
100
AcDbEntity
  8
0
  6
Continuous
 62
     7
370
    25
100
AcDbCircle
 10
117.0956542241381
 20
250.2842627121014
 30
0.0
 40
0.5
100
AcDbArc
 50
0.0
 51
270.0
  0
LINE
  5
5EA
330
1F
100
AcDbEntity
  8
0
  6
Continuous
 62
     7
370
    25
100
AcDbLine
 10
117.0956542241381
 20
249.7842627121015
 30
0.0
 11
117.0956542241381
 21
248.2842627121013
 31
0.0
  0
LINE
  5
5EB
330
1F
100
AcDbEntity
  8
0
  6
Continuous
 62
     7
370
    25
100
AcDbLine
 10
117.0956542241381
 20
248.2842627121013
 30
0.0
 11
115.8430542241381
 21
248.2842627121013
 31
0.0
  0
ARC
  5
5EC
330
1F
100
AcDbEntity
  8
0
  6
Continuous
 62
     7
370
    25
100
AcDbCircle
 10
115.3430542241381
 20
248.2842627121014
 30
0.0
 40
0.5000000000001137
100
AcDbArc
 50
359.999999999987
 51
270.0
  0
LINE
  5
5ED
330
1F
100
AcDbEntity
  8
0
  6
Continuous
 62
     7
370
    25
100
AcDbLine
 10
115.3430542241381
 20
247.7842627121013
 30
0.0
 11
115.3430542241381
 21
246.4030127121013
 31
0.0
  0
ARC
  5
5EE
330
1F
100
AcDbEntity
  8
0
  6
Continuous
 62
     7
370
    25
100
AcDbCircle
 10
115.3430542241381
 20
245.9030127121013
 30
0.0
 40
0.5
100
AcDbArc
 50
90.0
 51
359.999999999987
  0
LINE
  5
5EF
330
1F
100
AcDbEntity
  8
0
  6
Continuous
 62
     7
370
    25
100
AcDbLine
 10
115.8430542241381
 20
245.9030127121012
 30
0.0
 11
117.0956542241381
 21
245.9030127121012
 31
0.0
  0
LINE
  5
5F0
330
1F
100
AcDbEntity
  8
0
  6
Continuous
 62
     7
370
    25
100
AcDbLine
 10
117.0956542241381
 20
245.9030127121012
 30
0.0
 11
117.0956542241381
 21
240.4342627121014
 31
0.0
  0
LINE
  5
5F1
330
1F
100
AcDbEntity
  8
0
  6
Continuous
 62
     7
370
    25
100
AcDbLine
 10
117.0956542241381
 20
240.4342627121014
 30
0.0
 11
114.3068542241379
 21
240.4342627121014
 31
0.0
  0
ARC
  5
5F2
330
1F
100
AcDbEntity
  8
0
  6
Continuous
 62
     7
370
    25
100
AcDbCircle
 10
113.5568542241381
 20
240.4342627121014
 30
0.0
 40
0.75
100
AcDbArc
 50
0.0000000000048853
 51
179.9999999999951
  0
LINE
  5
5F3
330
1F
100
AcDbEntity
  8
0
  6
Continuous
 62
     7
370
    25
100
AcDbLine
 10
112.806854224138
 20
237.1842627121014
 30
0.0
 11
112.806854224138
 21
240.4342627121014
 31
0.0
  0
LINE
  5
5F4
330
1F
100
AcDbEntity
  8
0
  6
Continuous
 62
     7
370
    25
100
AcDbLine
 10
112.806854224138
 20
237.1842627121014
 30
0.0
 11
109.3068542241381
 21
237.1842627121014
 31
0.0
  0
LINE
  5
5F5
330
1F
100
AcDbEntity
  8
0
  6
Continuous
 62
     7
370
    25
100
AcDbLine
 10
109.3068542241381
 20
237.1842627121014
 30
0.0
 11
109.3068542241381
 21
240.4342627121014
 31
0.0
  0
ARC
  5
5F6
330
1F
100
AcDbEntity
  8
0
  6
Continuous
 62
     7
370
    25
100
AcDbCircle
 10
108.556854224138
 20
240.4342627121014
 30
0.0
 40
0.75
100
AcDbArc
 50
0.0
 51
180.0
  0
LINE
  5
5F7
330
1F
100
AcDbEntity
  8
0
  6
Continuous
 62
     7
370
    25
100
AcDbLine
 10
105.018054224138
 20
240.4342627121014
 30
0.0
 11
105.018054224138
 21
255.4342627121014
 31
0.0
  0
ARC
  5
5F8
330
1F
100
AcDbEntity
  8
0
  6
Continuous
 62
     7
370
    25
100
AcDbCircle
 10
118.5180542241381
 20
255.4342627121014
 30
0.0
 40
13.50000000000011
100
AcDbArc
 50
0.0
 51
180.0
  0
LINE
  5
5F9
330
1F
100
AcDbEntity
  8
0
  6
Continuous
 62
     7
370
    25
100
AcDbLine
 10
132.018054224138
 20
255.4342627121014
 30
0.0
 11
132.018054224138
 21
240.4342627121014
 31
0.0
  0
LINE
  5
5FA
330
1F
100
AcDbEntity
  8
0
  6
Continuous
 62
     7
370
    25
100
AcDbLine
 10
132.018054224138
 20
240.4342627121014
 30
0.0
 11
129.2292542241379
 21
240.4342627121014
 31
0.0
  0
ARC
  5
5FB
330
1F
100
AcDbEntity
  8
0
  6
Continuous
 62
     7
370
    25
100
AcDbCircle
 10
128.4792542241381
 20
240.4342627121014
 30
0.0
 40
0.75
100
AcDbArc
 50
0.0
 51
180.0
  0
LINE
  5
5FC
330
1F
100
AcDbEntity
  8
0
  6
Continuous
 62
     7
370
    25
100
AcDbLine
 10
127.7292542241381
 20
237.1842627121014
 30
0.0
 11
127.7292542241381
 21
240.4342627121014
 31
0.0
  0
CIRCLE
  5
5FD
330
1F
100
AcDbEntity
  8
0
  6
Continuous
 62
     7
370
    25
100
AcDbCircle
 10
118.5180542241381
 20
259.8092627121014
 30
0.0
 40
2.0
  0
LINE
  5
5FE
330
1F
100
AcDbEntity
  8
0
  6
Continuous
 62
     7
370
    25
100
AcDbLine
 10
107.8068542241385
 20
240.4342627121014
 30
0.0
 11
105.018054224138
 21
240.4342627121014
 31
0.0
  0
LWPOLYLINE
  5
683
330
1F
100
AcDbEntity
  8
0
100
AcDbPolyline
 90
        4
 70
     1
 43
0.0
 10
0.0
 20
0.0
 10
609.0
 20
0.0
 10
609.0
 20
457.0
 10
0.0
 20
457.0
  0
ENDSEC
  0
SECTION
  2
OBJECTS
  0
DICTIONARY
  5
C
330
0
100
AcDbDictionary
281
     1
  3
ACAD_CIP_PREVIOUS_PRODUCT_INFO
350
63E
  3
ACAD_COLOR
350
633
  3
ACAD_DETAILVIEWSTYLE
350
63A
  3
ACAD_GROUP
350
D
  3
ACAD_LAYOUT
350
1A
  3
ACAD_MATERIAL
350
601
  3
ACAD_MLEADERSTYLE
350
636
  3
ACAD_MLINESTYLE
350
17
  3
ACAD_PLOTSETTINGS
350
19
  3
ACAD_PLOTSTYLENAME
350
E
  3
ACAD_SCALELIST
350
47
  3
ACAD_SECTIONVIEWSTYLE
350
638
  3
ACAD_TABLESTYLE
350
634
  3
ACAD_VISUALSTYLE
350
61A
  3
ACDB_RECOMPOSE_DATA
350
6F5
  3
AcDbVariableDictionary
350
6DC
  0
DICTIONARY
  5
646
330
2
100
AcDbDictionary
280
     1
281
     1
  3
ACAD_LAYERSTATES
360
647
  0
DICTIONARY
  5
63F
330
10
100
AcDbDictionary
280
     1
281
     1
  3
ADSK_XREC_LAYER_RECONCILED
360
640
  0
DICTIONARY
  5
641
330
63
100
AcDbDictionary
280
     1
281
     1
  3
ADSK_XREC_LAYER_RECONCILED
360
642
  0
XRECORD
  5
63E
102
{ACAD_REACTORS
330
C
102
}
330
C
100
AcDbXrecord
280
     1
300
ACD
300
2021
300
87393ACD_2021_0F
  0
DICTIONARY
  5
633
102
{ACAD_REACTORS
330
C
102
}
330
C
100
AcDbDictionary
281
     1
  0
DICTIONARY
  5
63A
102
{ACAD_REACTORS
330
C
102
}
330
C
100
AcDbDictionary
281
     1
  3
Metric50
350
63B
  0
DICTIONARY
  5
D
102
{ACAD_REACTORS
330
C
102
}
330
C
100
AcDbDictionary
281
     1
  0
DICTIONARY
  5
1A
102
{ACAD_REACTORS
330
C
102
}
330
C
100
AcDbDictionary
281
     1
  3
Layout1
350
1E
  3
Layout2
350
26
  3
Model
350
22
  0
DICTIONARY
  5
601
102
{ACAD_REACTORS
330
C
102
}
330
C
100
AcDbDictionary
281
     1
  3
ByBlock
350
60A
  3
ByLayer
350
602
  3
Global
350
612
  0
DICTIONARY
  5
636
102
{ACAD_REACTORS
330
C
102
}
330
C
100
AcDbDictionary
281
     1
  3
Standard
350
637
  0
DICTIONARY
  5
17
102
{ACAD_REACTORS
330
C
102
}
330
C
100
AcDbDictionary
281
     1
  3
Standard
350
18
  0
DICTIONARY
  5
19
102
{ACAD_REACTORS
330
C
102
}
330
C
100
AcDbDictionary
281
     1
  0
ACDBDICTIONARYWDFLT
  5
E
102
{ACAD_REACTORS
330
C
102
}
330
C
100
AcDbDictionary
281
     1
  3
Normal
350
F
100
AcDbDictionaryWithDefault
340
F
  0
DICTIONARY
  5
47
102
{ACAD_REACTORS
330
C
102
}
330
C
100
AcDbDictionary
281
     1
  3
A0
350
48
  3
A1
350
49
  3
A2
350
4A
  3
A3
350
4B
  3
A4
350
4C
  3
A5
350
4D
  3
A6
350
4E
  3
A7
350
4F
  3
A8
350
50
  3
A9
350
51
  3
B0
350
52
  3
B1
350
53
  3
B2
350
54
  3
B3
350
55
  3
B4
350
56
  3
B5
350
57
  3
B6
350
58
  0
DICTIONARY
  5
638
102
{ACAD_REACTORS
330
C
102
}
330
C
100
AcDbDictionary
281
     1
  3
Metric50
350
639
  0
DICTIONARY
  5
634
102
{ACAD_REACTORS
330
C
102
}
330
C
100
AcDbDictionary
281
     1
  3
Standard
350
635
  0
DICTIONARY
  5
61A
102
{ACAD_REACTORS
330
C
102
}
330
C
100
AcDbDictionary
281
     1
  3
2dWireframe
350
620
  3
Basic
350
61F
  3
Brighten
350
626
  3
ColorChange
350
62A
  3
Conceptual
350
623
  3
Dim
350
625
  3
EdgeColorOff
350
632
  3
Facepattern
350
629
  3
Flat
350
61B
  3
FlatWithEdges
350
61C
  3
Gouraud
350
61D
  3
GouraudWithEdges
350
61E
  3
Hidden
350
622
  3
JitterOff
350
630
  3
Linepattern
350
628
  3
OverhangOff
350
631
  3
Realistic
350
624
  3
Shaded
350
62F
  3
Shaded with edges
350
62E
  3
Shades of Gray
350
62B
  3
Sketchy
350
62C
  3
Thicken
350
627
  3
Wireframe
350
621
  3
X-Ray
350
62D
  0
XRECORD
  5
6F5
102
{ACAD_REACTORS
330
C
102
}
330
C
100
AcDbXrecord
280
     1
 90
        1
330
635
  0
DICTIONARY
  5
6DC
102
{ACAD_REACTORS
330
C
102
}
330
C
100
AcDbDictionary
281
     1
  3
CANNOSCALE
350
6E2
  3
CMLEADERSTYLE
350
6DE
  3
CTABLESTYLE
350
6DD
  3
CVIEWDETAILSTYLE
350
6DF
  3
CVIEWSECTIONSTYLE
350
6E0
  3
LAYEREVAL
350
6E4
  3
LAYERNOTIFY
350
6E5
  3
LIGHTINGUNITS
350
6E3
  3
MSLTSCALE
350
6E1
  0
DICTIONARY
  5
647
102
{ACAD_REACTORS
330
646
102
}
330
646
100
AcDbDictionary
281
     1
  0
XRECORD
  5
640
102
{ACAD_REACTORS
330
63F
102
}
330
63F
100
AcDbXrecord
280
     1
290
     1
  0
XRECORD
  5
642
102
{ACAD_REACTORS
330
641
102
}
330
641
100
AcDbXrecord
280
     1
290
     1
  0
ACDBDETAILVIEWSTYLE
  5
63B
102
{ACAD_REACTORS
330
63A
102
}
330
63A
100
AcDbModelDocViewStyle
 70
     0
  3
Metric50
290
     1
300
Metric50
 90
        0
100
AcDbDetailViewStyle
 70
     0
 71
     0
 90
        3
 71
     1
340
11
 62
   256
 40
5.0
340
0
 62
   256
 40
5.0
300

 40
0.0
280
     1
 71
     2
340
16
 90
       25
 62
   256
 71
     3
340
11
 62
   256
 40
5.0
 90
        0
 40
15.0
 90
        1
300
%<\AcVar ViewDetailId>% (%<\AcVar ViewScale \f "%sn">%)
 71
     4
340
16
 90
       25
 62
   256
340
16
 90
       25
 62
   256
280
     0
  0
LAYOUT
  5
1E
102
{ACAD_REACTORS
330
1A
102
}
330
1A
100
AcDbPlotSettings
  1

  2
none_device
  4

  6

 40
0.0
 41
0.0
 42
0.0
 43
0.0
 44
0.0
 45
0.0
 46
0.0
 47
0.0
 48
0.0
 49
0.0
140
0.0
141
0.0
142
1.0
143
1.0
 70
   688
 72
     1
 73
     0
 74
     5
  7

 75
    16
147
1.0
 76
     0
 77
     2
 78
   300
148
0.0
149
0.0
100
AcDbLayout
  1
Layout1
 70
     1
 71
     1
 10
0.0
 20
0.0
 11
420.0
 21
297.0
 12
0.0
 22
0.0
 32
0.0
 14
1.000000000000000E+20
 24
1.000000000000000E+20
 34
1.000000000000000E+20
 15
-1.000000000000000E+20
 25
-1.000000000000000E+20
 35
-1.000000000000000E+20
146
0.0
 13
0.0
 23
0.0
 33
0.0
 16
1.0
 26
0.0
 36
0.0
 17
0.0
 27
1.0
 37
0.0
 76
     0
330
1B
  0
LAYOUT
  5
26
102
{ACAD_REACTORS
330
1A
102
}
330
1A
100
AcDbPlotSettings
  1

  2
none_device
  4

  6

 40
0.0
 41
0.0
 42
0.0
 43
0.0
 44
0.0
 45
0.0
 46
0.0
 47
0.0
 48
0.0
 49
0.0
140
0.0
141
0.0
142
1.0
143
1.0
 70
   688
 72
     1
 73
     0
 74
     5
  7

 75
    16
147
1.0
 76
     0
 77
     2
 78
   300
148
0.0
149
0.0
100
AcDbLayout
  1
Layout2
 70
     1
 71
     2
 10
0.0
 20
0.0
 11
0.0
 21
0.0
 12
0.0
 22
0.0
 32
0.0
 14
0.0
 24
0.0
 34
0.0
 15
0.0
 25
0.0
 35
0.0
146
0.0
 13
0.0
 23
0.0
 33
0.0
 16
1.0
 26
0.0
 36
0.0
 17
0.0
 27
1.0
 37
0.0
 76
     0
330
23
  0
LAYOUT
  5
22
102
{ACAD_REACTORS
330
1A
102
}
330
1A
100
AcDbPlotSettings
  1

  2
none_device
  4
Letter_(8.50_x_11.00_Inches)
  6

 40
6.349999999999999
 41
6.349999999999999
 42
6.350005079999999
 43
6.350005079999999
 44
215.9
 45
279.4
 46
0.0
 47
0.0
 48
0.0
 49
0.0
140
0.0
141
0.0
142
1.0
143
1.0
 70
  1712
 72
     1
 73
     0
 74
     0
  7

 75
     0
147
1.0
 76
     0
 77
     2
 78
   300
148
0.0
149
0.0
100
AcDbLayout
  1
Model
 70
     1
 71
     0
 10
0.0
 20
0.0
 11
1189.0
 21
841.0
 12
0.0
 22
0.0
 32
0.0
 14
0.0
 24
0.0
 34
0.0
 15
1189.0
 25
841.0
 35
0.0
146
0.0
 13
0.0
 23
0.0
 33
0.0
 16
1.0
 26
0.0
 36
0.0
 17
0.0
 27
1.0
 37
0.0
 76
     0
330
1F
331
29
  0
MATERIAL
  5
60A
102
{ACAD_XDICTIONARY
360
60B
102
}
102
{ACAD_REACTORS
330
601
102
}
330
601
100
AcDbMaterial
  1
ByBlock
 72
     0
 43
0.0008202099737533
 43
0.0
 43
0.0
 43
0.0
 43
0.0
 43
0.0008202099737533
 43
0.0
 43
0.0
 43
0.0
 43
0.0
 43
1.0
 43
0.0
 43
0.0
 43
0.0
 43
0.0
 43
1.0
 77
     0
 47
0.0008202099737533
 47
0.0
 47
0.0
 47
0.0
 47
0.0
 47
0.0008202099737533
 47
0.0
 47
0.0
 47
0.0
 47
0.0
 47
1.0
 47
0.0
 47
0.0
 47
0.0
 47
0.0
 47
1.0
171
     0
 49
0.0008202099737533
 49
0.0
 49
0.0
 49
0.0
 49
0.0
 49
0.0008202099737533
 49
0.0
 49
0.0
 49
0.0
 49
0.0
 49
1.0
 49
0.0
 49
0.0
 49
0.0
 49
0.0
 49
1.0
175
     0
142
0.0008202099737533
142
0.0
142
0.0
142
0.0
142
0.0
142
0.0008202099737533
142
0.0
142
0.0
142
0.0
142
0.0
142
1.0
142
0.0
142
0.0
142
0.0
142
0.0
142
1.0
179
     0
144
0.0008202099737533
144
0.0
144
0.0
144
0.0
144
0.0
144
0.0008202099737533
144
0.0
144
0.0
144
0.0
144
0.0
144
1.0
144
0.0
144
0.0
144
0.0
144
0.0
144
1.0
147
0.0008202099737533
147
0.0
147
0.0
147
0.0
147
0.0
147
0.0008202099737533
147
0.0
147
0.0
147
0.0
147
0.0
147
1.0
147
0.0
147
0.0
147
0.0
147
0.0
147
1.0
  0
MATERIAL
  5
602
102
{ACAD_XDICTIONARY
360
603
102
}
102
{ACAD_REACTORS
330
601
102
}
330
601
100
AcDbMaterial
  1
ByLayer
 72
     0
 43
0.0008202099737533
 43
0.0
 43
0.0
 43
0.0
 43
0.0
 43
0.0008202099737533
 43
0.0
 43
0.0
 43
0.0
 43
0.0
 43
1.0
 43
0.0
 43
0.0
 43
0.0
 43
0.0
 43
1.0
 77
     0
 47
0.0008202099737533
 47
0.0
 47
0.0
 47
0.0
 47
0.0
 47
0.0008202099737533
 47
0.0
 47
0.0
 47
0.0
 47
0.0
 47
1.0
 47
0.0
 47
0.0
 47
0.0
 47
0.0
 47
1.0
171
     0
 49
0.0008202099737533
 49
0.0
 49
0.0
 49
0.0
 49
0.0
 49
0.0008202099737533
 49
0.0
 49
0.0
 49
0.0
 49
0.0
 49
1.0
 49
0.0
 49
0.0
 49
0.0
 49
0.0
 49
1.0
175
     0
142
0.0008202099737533
142
0.0
142
0.0
142
0.0
142
0.0
142
0.0008202099737533
142
0.0
142
0.0
142
0.0
142
0.0
142
1.0
142
0.0
142
0.0
142
0.0
142
0.0
142
1.0
179
     0
144
0.0008202099737533
144
0.0
144
0.0
144
0.0
144
0.0
144
0.0008202099737533
144
0.0
144
0.0
144
0.0
144
0.0
144
1.0
144
0.0
144
0.0
144
0.0
144
0.0
144
1.0
147
0.0008202099737533
147
0.0
147
0.0
147
0.0
147
0.0
147
0.0008202099737533
147
0.0
147
0.0
147
0.0
147
0.0
147
1.0
147
0.0
147
0.0
147
0.0
147
0.0
147
1.0
  0
MATERIAL
  5
612
102
{ACAD_XDICTIONARY
360
613
102
}
102
{ACAD_REACTORS
330
601
102
}
330
601
100
AcDbMaterial
  1
Global
 72
     0
 43
0.0008202099737533
 43
0.0
 43
0.0
 43
0.0
 43
0.0
 43
0.0008202099737533
 43
0.0
 43
0.0
 43
0.0
 43
0.0
 43
1.0
 43
0.0
 43
0.0
 43
0.0
 43
0.0
 43
1.0
 77
     0
 47
0.0008202099737533
 47
0.0
 47
0.0
 47
0.0
 47
0.0
 47
0.0008202099737533
 47
0.0
 47
0.0
 47
0.0
 47
0.0
 47
1.0
 47
0.0
 47
0.0
 47
0.0
 47
0.0
 47
1.0
171
     0
 49
0.0008202099737533
 49
0.0
 49
0.0
 49
0.0
 49
0.0
 49
0.0008202099737533
 49
0.0
 49
0.0
 49
0.0
 49
0.0
 49
1.0
 49
0.0
 49
0.0
 49
0.0
 49
0.0
 49
1.0
175
     0
142
0.0008202099737533
142
0.0
142
0.0
142
0.0
142
0.0
142
0.0008202099737533
142
0.0
142
0.0
142
0.0
142
0.0
142
1.0
142
0.0
142
0.0
142
0.0
142
0.0
142
1.0
179
     0
144
0.0008202099737533
144
0.0
144
0.0
144
0.0
144
0.0
144
0.0008202099737533
144
0.0
144
0.0
144
0.0
144
0.0
144
1.0
144
0.0
144
0.0
144
0.0
144
0.0
144
1.0
147
0.0008202099737533
147
0.0
147
0.0
147
0.0
147
0.0
147
0.0008202099737533
147
0.0
147
0.0
147
0.0
147
0.0
147
1.0
147
0.0
147
0.0
147
0.0
147
0.0
147
1.0
  0
MLEADERSTYLE
  5
637
102
{ACAD_REACTORS
330
636
102
}
330
636
100
AcDbMLeaderStyle
179
     2
170
     2
171
     1
172
     0
 90
        2
 40
0.0
 41
0.0
173
     1
 91
-1056964608
340
14
 92
       -2
290
     1
 42
2.0
291
     1
 43
0.36
  3
Standard
 44
4.0
300

342
11
174
     1
178
     6
175
     1
176
     0
 93
-1056964608
 45
4.0
292
     0
297
     0
 46
4.0
 94
-1056964608
 47
1.0
 49
1.0
140
1.0
293
     1
141
0.0
294
     1
177
     0
142
1.0
295
     1
296
     0
143
0.125
271
     0
272
     9
273
     9
298
     1
  0
MLINESTYLE
  5
18
102
{ACAD_REACTORS
330
17
102
}
330
17
100
AcDbMlineStyle
  2
STANDARD
 70
     0
  3

 62
   256
 51
90.0
 52
90.0
 71
     2
 49
0.5
 62
   256
  6
BYLAYER
 49
-0.5
 62
   256
  6
BYLAYER
  0
ACDBPLACEHOLDER
  5
F
102
{ACAD_REACTORS
330
E
102
}
330
E
  0
SCALE
  5
48
102
{ACAD_REACTORS
330
47
102
}
330
47
100
AcDbScale
 70
     0
300
1:1
140
1.0
141
1.0
290
     1
  0
SCALE
  5
49
102
{ACAD_REACTORS
330
47
102
}
330
47
100
AcDbScale
 70
     0
300
1:2
140
1.0
141
2.0
290
     0
  0
SCALE
  5
4A
102
{ACAD_REACTORS
330
47
102
}
330
47
100
AcDbScale
 70
     0
300
1:4
140
1.0
141
4.0
290
     0
  0
SCALE
  5
4B
102
{ACAD_REACTORS
330
47
102
}
330
47
100
AcDbScale
 70
     0
300
1:5
140
1.0
141
5.0
290
     0
  0
SCALE
  5
4C
102
{ACAD_REACTORS
330
47
102
}
330
47
100
AcDbScale
 70
     0
300
1:8
140
1.0
141
8.0
290
     0
  0
SCALE
  5
4D
102
{ACAD_REACTORS
330
47
102
}
330
47
100
AcDbScale
 70
     0
300
1:10
140
1.0
141
10.0
290
     0
  0
SCALE
  5
4E
102
{ACAD_REACTORS
330
47
102
}
330
47
100
AcDbScale
 70
     0
300
1:16
140
1.0
141
16.0
290
     0
  0
SCALE
  5
4F
102
{ACAD_REACTORS
330
47
102
}
330
47
100
AcDbScale
 70
     0
300
1:20
140
1.0
141
20.0
290
     0
  0
SCALE
  5
50
102
{ACAD_REACTORS
330
47
102
}
330
47
100
AcDbScale
 70
     0
300
1:30
140
1.0
141
30.0
290
     0
  0
SCALE
  5
51
102
{ACAD_REACTORS
330
47
102
}
330
47
100
AcDbScale
 70
     0
300
1:40
140
1.0
141
40.0
290
     0
  0
SCALE
  5
52
102
{ACAD_REACTORS
330
47
102
}
330
47
100
AcDbScale
 70
     0
300
1:50
140
1.0
141
50.0
290
     0
  0
SCALE
  5
53
102
{ACAD_REACTORS
330
47
102
}
330
47
100
AcDbScale
 70
     0
300
1:100
140
1.0
141
100.0
290
     0
  0
SCALE
  5
54
102
{ACAD_REACTORS
330
47
102
}
330
47
100
AcDbScale
 70
     0
300
2:1
140
2.0
141
1.0
290
     0
  0
SCALE
  5
55
102
{ACAD_REACTORS
330
47
102
}
330
47
100
AcDbScale
 70
     0
300
4:1
140
4.0
141
1.0
290
     0
  0
SCALE
  5
56
102
{ACAD_REACTORS
330
47
102
}
330
47
100
AcDbScale
 70
     0
300
8:1
140
8.0
141
1.0
290
     0
  0
SCALE
  5
57
102
{ACAD_REACTORS
330
47
102
}
330
47
100
AcDbScale
 70
     0
300
10:1
140
10.0
141
1.0
290
     0
  0
SCALE
  5
58
102
{ACAD_REACTORS
330
47
102
}
330
47
100
AcDbScale
 70
     0
300
100:1
140
100.0
141
1.0
290
     0
  0
ACDBSECTIONVIEWSTYLE
  5
639
102
{ACAD_REACTORS
330
638
102
}
330
638
100
AcDbModelDocViewStyle
 70
     0
  3
Metric50
290
     1
300
Metric50
 90
        0
100
AcDbSectionViewStyle
 70
     0
 71
     0
 90
      102
 71
     1
340
11
 62
   256
 40
5.0
340
0
340
0
 62
   256
 40
5.0
300
I, O, Q, S, X, Z
 40
10.0
 90
        0
 40
2.5
 90
        0
 71
     2
340
16
 90
       25
 62
   256
340
16
 90
       50
 62
   256
 40
5.0
 40
2.5
 40
5.0
 71
     3
340
11
 62
   256
 40
5.0
 90
        0
 40
15.0
 90
        1
300
%<\AcVar ViewSectionStartId>%-%<\AcVar ViewSectionEndId>% (%<\AcVar ViewScale \f "%sn">%)
 71
     4
 62
   256
 62
   257
300
ANSI31
 40
1.0
 90
        0
290
     0
290
     0
 90
        6
 40
0.0
 40
1.570796326794896
 40
0.2617993877991494
 40
1.308996938995747
 40
-0.2617993877991494
 40
1.832595714594046
  0
TABLESTYLE
  5
635
102
{ACAD_XDICTIONARY
360
6F3
102
}
102
{ACAD_REACTORS
330
634
102
}
330
634
100
AcDbTableStyle
280
     0
  3
Standard
 70
     0
 71
     0
 40
1.5
 41
1.5
280
     0
281
     0
  7
Standard
140
4.5
170
     2
 62
     0
 63
     7
283
     0
 90
      512
 91
        0
  1

274
    -2
284
     1
 64
     0
275
    -2
285
     1
 65
     0
276
    -2
286
     1
 66
     0
277
    -2
287
     1
 67
     0
278
    -2
288
     1
 68
     0
279
    -2
289
     1
 69
     0
  7
Standard
140
6.0
170
     5
 62
     0
 63
     7
283
     0
 90
      512
 91
        0
  1

274
    -2
284
     1
 64
     0
275
    -2
285
     1
 65
     0
276
    -2
286
     1
 66
     0
277
    -2
287
     1
 67
     0
278
    -2
288
     1
 68
     0
279
    -2
289
     1
 69
     0
  7
Standard
140
4.5
170
     5
 62
     0
 63
     7
283
     0
 90
      512
 91
        0
  1

274
    -2
284
     1
 64
     0
275
    -2
285
     1
 65
     0
276
    -2
286
     1
 66
     0
277
    -2
287
     1
 67
     0
278
    -2
288
     1
 68
     0
279
    -2
289
     1
 69
     0
  0
VISUALSTYLE
  5
620
102
{ACAD_REACTORS
330
61A
102
}
330
61A
100
AcDbVisualStyle
  2
2dWireframe
 70
     4
177
     3
291
     0
 70
    58
 90
        0
176
     1
 90
        2
176
     1
 90
        0
176
     1
 90
        0
176
     1
 40
0.6
176
     1
 40
30.0
176
     1
 62
     7
420
 16777215
176
     1
 90
        1
176
     1
 90
        4
176
     1
 62
     7
176
     1
 62
   257
176
     1
 90
        1
176
     1
 90
        1
176
     1
 40
1.0
176
     1
 90
        0
176
     1
 62
   257
176
     1
 40
1.0
176
     1
 90
        1
176
     1
 90
        6
176
     1
 90
        2
176
     1
 62
     7
176
     1
 90
        5
176
     1
 90
        0
176
     1
 90
        0
176
     1
290
     0
176
     1
 90
        1
176
     1
 40
0.0
176
     1
 90
        0
176
     1
290
     1
176
     1
290
     1
176
     1
290
     0
176
     1
290
     0
176
     1
290
     0
176
     1
290
     0
176
     1
290
     0
176
     1
290
     0
176
     1
290
     0
176
     1
 90
       50
176
     1
 40
0.0
176
     1
 40
1.0
176
     1
 90
        0
176
     1
 62
    18
420
        0
176
     1
 90
       50
176
     1
 90
        3
176
     1
 62
     5
420
      255
176
     1
290
     0
176
     1
 90
       50
176
     1
 90
       50
176
     1
 90
       50
176
     1
290
     0
176
     1
 90
       50
176
     1
 62
   256
176
     0
 40
1.0
176
     0
 90
        2
176
     1
  1
strokes_ogs.tif
176
     1
290
     0
176
     1
 40
1.0
176
     1
 40
1.0
176
     1
  0
VISUALSTYLE
  5
61F
102
{ACAD_REACTORS
330
61A
102
}
330
61A
100
AcDbVisualStyle
  2
Basic
 70
     7
177
     3
291
     1
 70
    58
 90
        1
176
     1
 90
        0
176
     1
 90
        1
176
     1
 90
        0
176
     1
 40
0.6
176
     1
 40
30.0
176
     1
 62
     7
420
 16777215
176
     1
 90
        0
176
     1
 90
        4
176
     1
 62
     7
176
     1
 62
   257
176
     1
 90
        1
176
     1
 90
        1
176
     1
 40
1.0
176
     1
 90
        8
176
     1
 62
     7
176
     1
 40
1.0
176
     1
 90
        1
176
     1
 90
        6
176
     1
 90
        2
176
     1
 62
     7
176
     1
 90
        5
176
     1
 90
        0
176
     1
 90
        0
176
     1
290
     0
176
     1
 90
        1
176
     1
 40
0.0
176
     1
 90
        0
176
     1
290
     0
176
     1
290
     1
176
     1
290
     1
176
     1
290
     0
176
     1
290
     0
176
     1
290
     0
176
     1
290
     0
176
     1
290
     0
176
     1
290
     0
176
     1
 90
       50
176
     1
 40
0.0
176
     1
 40
1.0
176
     1
 90
        0
176
     1
 62
    18
420
        0
176
     1
 90
       50
176
     1
 90
        3
176
     1
 62
     5
420
      255
176
     1
290
     0
176
     1
 90
       50
176
     1
 90
       50
176
     1
 90
       50
176
     1
290
     0
176
     1
 90
       50
176
     1
 62
   256
176
     0
 40
1.0
176
     0
 90
        2
176
     1
  1
strokes_ogs.tif
176
     1
290
     0
176
     1
 40
1.0
176
     1
 40
1.0
176
     1
  0
VISUALSTYLE
  5
626
102
{ACAD_REACTORS
330
61A
102
}
330
61A
100
AcDbVisualStyle
  2
Brighten
 70
    12
177
     3
291
     1
 70
    58
 90
        2
176
     1
 90
        2
176
     1
 90
        0
176
     1
 90
        0
176
     1
 40
0.6
176
     1
 40
30.0
176
     1
 62
     7
420
 16777215
176
     1
 90
        1
176
     1
 90
        4
176
     1
 62
     7
176
     1
 62
   257
176
     1
 90
        1
176
     1
 90
        1
176
     1
 40
1.0
176
     1
 90
        8
176
     1
 62
     7
176
     1
 40
1.0
176
     1
 90
        1
176
     1
 90
        6
176
     1
 90
        2
176
     1
 62
     7
176
     1
 90
        5
176
     1
 90
        0
176
     1
 90
        0
176
     1
290
     0
176
     1
 90
        1
176
     1
 40
50.0
176
     1
 90
        0
176
     1
290
     0
176
     1
290
     1
176
     1
290
     1
176
     1
290
     0
176
     1
290
     0
176
     1
290
     0
176
     1
290
     0
176
     1
290
     0
176
     1
290
     0
176
     1
 90
       50
176
     1
 40
0.0
176
     1
 40
1.0
176
     1
 90
        0
176
     1
 62
    18
420
        0
176
     1
 90
       50
176
     1
 90
        3
176
     1
 62
     5
420
      255
176
     1
290
     0
176
     1
 90
       50
176
     1
 90
       50
176
     1
 90
       50
176
     1
290
     0
176
     1
 90
       50
176
     1
 62
   256
176
     0
 40
1.0
176
     0
 90
        2
176
     1
  1
strokes_ogs.tif
176
     1
290
     0
176
     1
 40
1.0
176
     1
 40
1.0
176
     1
  0
VISUALSTYLE
  5
62A
102
{ACAD_REACTORS
330
61A
102
}
330
61A
100
AcDbVisualStyle
  2
ColorChange
 70
    16
177
     3
291
     1
 70
    58
 90
        2
176
     1
 90
        2
176
     1
 90
        3
176
     1
 90
        0
176
     1
 40
0.6
176
     1
 40
30.0
176
     1
 62
     8
420
  8421504
176
     1
 90
        1
176
     1
 90
        4
176
     1
 62
     7
176
     1
 62
   257
176
     1
 90
        1
176
     1
 90
        1
176
     1
 40
1.0
176
     1
 90
        8
176
     1
 62
     8
420
  8421504
176
     1
 40
1.0
176
     1
 90
        1
176
     1
 90
        6
176
     1
 90
        2
176
     1
 62
     7
176
     1
 90
        5
176
     1
 90
        0
176
     1
 90
        0
176
     1
290
     0
176
     1
 90
        1
176
     1
 40
0.0
176
     1
 90
        0
176
     1
290
     0
176
     1
290
     1
176
     1
290
     1
176
     1
290
     0
176
     1
290
     0
176
     1
290
     0
176
     1
290
     0
176
     1
290
     0
176
     1
290
     0
176
     1
 90
       50
176
     1
 40
0.0
176
     1
 40
1.0
176
     1
 90
        0
176
     1
 62
    18
420
        0
176
     1
 90
       50
176
     1
 90
        3
176
     1
 62
     5
420
      255
176
     1
290
     0
176
     1
 90
       50
176
     1
 90
       50
176
     1
 90
       50
176
     1
290
     0
176
     1
 90
       50
176
     1
 62
   256
176
     0
 40
1.0
176
     0
 90
        2
176
     1
  1
strokes_ogs.tif
176
     1
290
     0
176
     1
 40
1.0
176
     1
 40
1.0
176
     1
  0
VISUALSTYLE
  5
623
102
{ACAD_REACTORS
330
61A
102
}
330
61A
100
AcDbVisualStyle
  2
Conceptual
 70
     9
177
     3
291
     0
 70
    58
 90
        3
176
     1
 90
        2
176
     1
 90
        0
176
     1
 90
        0
176
     1
 40
0.6
176
     1
 40
30.0
176
     1
 62
     7
420
 16777215
176
     1
 90
        2
176
     1
 90
        2
176
     1
 62
     7
176
     1
 62
   257
176
     1
 90
        1
176
     1
 90
        1
176
     1
 40
179.0
176
     1
 90
        8
176
     1
 62
     7
176
     1
 40
1.0
176
     1
 90
        1
176
     1
 90
        6
176
     1
 90
        2
176
     1
 62
     7
176
     1
 90
        3
176
     1
 90
        0
176
     1
 90
        0
176
     1
290
     0
176
     1
 90
        1
176
     1
 40
0.0
176
     1
 90
        0
176
     1
290
     0
176
     1
290
     1
176
     1
290
     1
176
     1
290
     0
176
     1
290
     0
176
     1
290
     0
176
     1
290
     0
176
     1
290
     0
176
     1
290
     0
176
     1
 90
       50
176
     1
 40
0.0
176
     1
 40
1.0
176
     1
 90
        0
176
     1
 62
    18
420
        0
176
     1
 90
       50
176
     1
 90
        3
176
     1
 62
     5
420
      255
176
     1
290
     0
176
     1
 90
       50
176
     1
 90
       50
176
     1
 90
       50
176
     1
290
     0
176
     1
 90
       50
176
     1
 62
   256
176
     0
 40
1.0
176
     0
 90
        2
176
     1
  1
strokes_ogs.tif
176
     1
290
     0
176
     1
 40
1.0
176
     1
 40
1.0
176
     1
  0
VISUALSTYLE
  5
625
102
{ACAD_REACTORS
330
61A
102
}
330
61A
100
AcDbVisualStyle
  2
Dim
 70
    11
177
     3
291
     1
 70
    58
 90
        2
176
     1
 90
        2
176
     1
 90
        0
176
     1
 90
        0
176
     1
 40
0.6
176
     1
 40
30.0
176
     1
 62
     7
420
 16777215
176
     1
 90
        1
176
     1
 90
        4
176
     1
 62
     7
176
     1
 62
   257
176
     1
 90
        1
176
     1
 90
        1
176
     1
 40
1.0
176
     1
 90
        8
176
     1
 62
     7
176
     1
 40
1.0
176
     1
 90
        1
176
     1
 90
        6
176
     1
 90
        2
176
     1
 62
     7
176
     1
 90
        5
176
     1
 90
        0
176
     1
 90
        0
176
     1
290
     0
176
     1
 90
        1
176
     1
 40
-50.0
176
     1
 90
        0
176
     1
290
     0
176
     1
290
     1
176
     1
290
     1
176
     1
290
     0
176
     1
290
     0
176
     1
290
     0
176
     1
290
     0
176
     1
290
     0
176
     1
290
     0
176
     1
 90
       50
176
     1
 40
0.0
176
     1
 40
1.0
176
     1
 90
        0
176
     1
 62
    18
420
        0
176
     1
 90
       50
176
     1
 90
        3
176
     1
 62
     5
420
      255
176
     1
290
     0
176
     1
 90
       50
176
     1
 90
       50
176
     1
 90
       50
176
     1
290
     0
176
     1
 90
       50
176
     1
 62
   256
176
     0
 40
1.0
176
     0
 90
        2
176
     1
  1
strokes_ogs.tif
176
     1
290
     0
176
     1
 40
1.0
176
     1
 40
1.0
176
     1
  0
VISUALSTYLE
  5
632
102
{ACAD_REACTORS
330
61A
102
}
330
61A
100
AcDbVisualStyle
  2
EdgeColorOff
 70
    22
177
     3
291
     1
 70
    58
 90
        2
176
     0
 90
        2
176
     0
 90
        0
176
     0
 90
        0
176
     0
 40
0.6
176
     0
 40
30.0
176
     0
 62
     7
420
 16777215
176
     0
 90
        1
176
     0
 90
        4
176
     0
 62
     7
176
     0
 62
   257
176
     0
 90
        1
176
     0
 90
        1
176
     0
 40
1.0
176
     0
 90
        8
176
     2
 62
     7
176
     0
 40
1.0
176
     0
 90
        1
176
     0
 90
        6
176
     0
 90
        2
176
     0
 62
     7
176
     0
 90
        5
176
     0
 90
        0
176
     0
 90
        0
176
     0
290
     0
176
     0
 90
        1
176
     0
 40
0.0
176
     0
 90
        0
176
     0
290
     0
176
     0
290
     1
176
     0
290
     1
176
     0
290
     0
176
     0
290
     0
176
     0
290
     0
176
     0
290
     0
176
     0
290
     0
176
     0
290
     0
176
     0
 90
       50
176
     0
 40
0.0
176
     0
 40
1.0
176
     0
 90
        0
176
     0
 62
    18
420
        0
176
     0
 90
       50
176
     0
 90
        3
176
     0
 62
     5
420
      255
176
     0
290
     0
176
     0
 90
       50
176
     0
 90
       50
176
     0
 90
       50
176
     0
290
     0
176
     0
 90
       50
176
     0
 62
   256
176
     0
 40
1.0
176
     0
 90
        2
176
     0
  1
strokes_ogs.tif
176
     0
290
     0
176
     0
 40
1.0
176
     0
 40
1.0
176
     0
  0
VISUALSTYLE
  5
629
102
{ACAD_REACTORS
330
61A
102
}
330
61A
100
AcDbVisualStyle
  2
Facepattern
 70
    15
177
     3
291
     1
 70
    58
 90
        2
176
     1
 90
        2
176
     1
 90
        0
176
     1
 90
        0
176
     1
 40
0.6
176
     1
 40
30.0
176
     1
 62
     7
420
 16777215
176
     1
 90
        1
176
     1
 90
        4
176
     1
 62
     7
176
     1
 62
   257
176
     1
 90
        1
176
     1
 90
        1
176
     1
 40
1.0
176
     1
 90
        8
176
     1
 62
     7
176
     1
 40
1.0
176
     1
 90
        1
176
     1
 90
        6
176
     1
 90
        2
176
     1
 62
     7
176
     1
 90
        5
176
     1
 90
        0
176
     1
 90
        0
176
     1
290
     0
176
     1
 90
        1
176
     1
 40
0.0
176
     1
 90
        0
176
     1
290
     0
176
     1
290
     1
176
     1
290
     1
176
     1
290
     0
176
     1
290
     0
176
     1
290
     0
176
     1
290
     0
176
     1
290
     0
176
     1
290
     0
176
     1
 90
       50
176
     1
 40
0.0
176
     1
 40
1.0
176
     1
 90
        0
176
     1
 62
    18
420
        0
176
     1
 90
       50
176
     1
 90
        3
176
     1
 62
     5
420
      255
176
     1
290
     0
176
     1
 90
       50
176
     1
 90
       50
176
     1
 90
       50
176
     1
290
     0
176
     1
 90
       50
176
     1
 62
   256
176
     0
 40
1.0
176
     0
 90
        2
176
     1
  1
strokes_ogs.tif
176
     1
290
     0
176
     1
 40
1.0
176
     1
 40
1.0
176
     1
  0
VISUALSTYLE
  5
61B
102
{ACAD_REACTORS
330
61A
102
}
330
61A
100
AcDbVisualStyle
  2
Flat
 70
     0
177
     3
291
     1
 70
    58
 90
        2
176
     1
 90
        1
176
     1
 90
        1
176
     1
 90
        2
176
     1
 40
0.6
176
     1
 40
30.0
176
     1
 62
     7
420
 16777215
176
     1
 90
        0
176
     1
 90
        0
176
     1
 62
     7
176
     1
 62
   257
176
     1
 90
        1
176
     1
 90
        1
176
     1
 40
1.0
176
     1
 90
        8
176
     1
 62
     7
176
     1
 40
1.0
176
     1
 90
        1
176
     1
 90
        6
176
     1
 90
        2
176
     1
 62
     7
176
     1
 90
        5
176
     1
 90
        0
176
     1
 90
        0
176
     1
290
     0
176
     1
 90
       13
176
     1
 40
0.0
176
     1
 90
        0
176
     1
290
     0
176
     1
290
     1
176
     1
290
     1
176
     1
290
     0
176
     1
290
     0
176
     1
290
     0
176
     1
290
     0
176
     1
290
     0
176
     1
290
     0
176
     1
 90
       50
176
     1
 40
0.0
176
     1
 40
1.0
176
     1
 90
        0
176
     1
 62
    18
420
        0
176
     1
 90
       50
176
     1
 90
        3
176
     1
 62
     5
420
      255
176
     1
290
     0
176
     1
 90
       50
176
     1
 90
       50
176
     1
 90
       50
176
     1
290
     0
176
     1
 90
       50
176
     1
 62
   256
176
     0
 40
1.0
176
     0
 90
        2
176
     1
  1
strokes_ogs.tif
176
     1
290
     0
176
     1
 40
1.0
176
     1
 40
1.0
176
     1
  0
VISUALSTYLE
  5
61C
102
{ACAD_REACTORS
330
61A
102
}
330
61A
100
AcDbVisualStyle
  2
FlatWithEdges
 70
     1
177
     3
291
     1
 70
    58
 90
        2
176
     1
 90
        1
176
     1
 90
        1
176
     1
 90
        2
176
     1
 40
0.6
176
     1
 40
30.0
176
     1
 62
     7
420
 16777215
176
     1
 90
        1
176
     1
 90
        0
176
     1
 62
     7
176
     1
 62
   257
176
     1
 90
        1
176
     1
 90
        1
176
     1
 40
1.0
176
     1
 90
        0
176
     1
 62
   257
176
     1
 40
1.0
176
     1
 90
        1
176
     1
 90
        6
176
     1
 90
        2
176
     1
 62
     7
176
     1
 90
        5
176
     1
 90
        0
176
     1
 90
        0
176
     1
290
     0
176
     1
 90
       13
176
     1
 40
0.0
176
     1
 90
        0
176
     1
290
     0
176
     1
290
     1
176
     1
290
     1
176
     1
290
     0
176
     1
290
     0
176
     1
290
     0
176
     1
290
     0
176
     1
290
     0
176
     1
290
     0
176
     1
 90
       50
176
     1
 40
0.0
176
     1
 40
1.0
176
     1
 90
        0
176
     1
 62
    18
420
        0
176
     1
 90
       50
176
     1
 90
        3
176
     1
 62
     5
420
      255
176
     1
290
     0
176
     1
 90
       50
176
     1
 90
       50
176
     1
 90
       50
176
     1
290
     0
176
     1
 90
       50
176
     1
 62
   256
176
     0
 40
1.0
176
     0
 90
        2
176
     1
  1
strokes_ogs.tif
176
     1
290
     0
176
     1
 40
1.0
176
     1
 40
1.0
176
     1
  0
VISUALSTYLE
  5
61D
102
{ACAD_REACTORS
330
61A
102
}
330
61A
100
AcDbVisualStyle
  2
Gouraud
 70
     2
177
     3
291
     1
 70
    58
 90
        2
176
     1
 90
        2
176
     1
 90
        1
176
     1
 90
        2
176
     1
 40
0.6
176
     1
 40
30.0
176
     1
 62
     7
420
 16777215
176
     1
 90
        0
176
     1
 90
        0
176
     1
 62
     7
176
     1
 62
   257
176
     1
 90
        1
176
     1
 90
        1
176
     1
 40
1.0
176
     1
 90
        0
176
     1
 62
     7
176
     1
 40
1.0
176
     1
 90
        1
176
     1
 90
        6
176
     1
 90
        2
176
     1
 62
     7
176
     1
 90
        5
176
     1
 90
        0
176
     1
 90
        0
176
     1
290
     0
176
     1
 90
       13
176
     1
 40
0.0
176
     1
 90
        0
176
     1
290
     0
176
     1
290
     1
176
     1
290
     1
176
     1
290
     0
176
     1
290
     0
176
     1
290
     0
176
     1
290
     0
176
     1
290
     0
176
     1
290
     0
176
     1
 90
       50
176
     1
 40
0.0
176
     1
 40
1.0
176
     1
 90
        0
176
     1
 62
    18
420
        0
176
     1
 90
       50
176
     1
 90
        3
176
     1
 62
     5
420
      255
176
     1
290
     0
176
     1
 90
       50
176
     1
 90
       50
176
     1
 90
       50
176
     1
290
     0
176
     1
 90
       50
176
     1
 62
   256
176
     0
 40
1.0
176
     0
 90
        2
176
     1
  1
strokes_ogs.tif
176
     1
290
     0
176
     1
 40
1.0
176
     1
 40
1.0
176
     1
  0
VISUALSTYLE
  5
61E
102
{ACAD_REACTORS
330
61A
102
}
330
61A
100
AcDbVisualStyle
  2
GouraudWithEdges
 70
     3
177
     3
291
     1
 70
    58
 90
        2
176
     1
 90
        2
176
     1
 90
        1
176
     1
 90
        2
176
     1
 40
0.6
176
     1
 40
30.0
176
     1
 62
     7
420
 16777215
176
     1
 90
        1
176
     1
 90
        0
176
     1
 62
     7
176
     1
 62
   257
176
     1
 90
        1
176
     1
 90
        1
176
     1
 40
1.0
176
     1
 90
        0
176
     1
 62
   257
176
     1
 40
1.0
176
     1
 90
        1
176
     1
 90
        6
176
     1
 90
        2
176
     1
 62
     7
176
     1
 90
        5
176
     1
 90
        0
176
     1
 90
        0
176
     1
290
     0
176
     1
 90
       13
176
     1
 40
0.0
176
     1
 90
        0
176
     1
290
     0
176
     1
290
     1
176
     1
290
     1
176
     1
290
     0
176
     1
290
     0
176
     1
290
     0
176
     1
290
     0
176
     1
290
     0
176
     1
290
     0
176
     1
 90
       50
176
     1
 40
0.0
176
     1
 40
1.0
176
     1
 90
        0
176
     1
 62
    18
420
        0
176
     1
 90
       50
176
     1
 90
        3
176
     1
 62
     5
420
      255
176
     1
290
     0
176
     1
 90
       50
176
     1
 90
       50
176
     1
 90
       50
176
     1
290
     0
176
     1
 90
       50
176
     1
 62
   256
176
     0
 40
1.0
176
     0
 90
        2
176
     1
  1
strokes_ogs.tif
176
     1
290
     0
176
     1
 40
1.0
176
     1
 40
1.0
176
     1
  0
VISUALSTYLE
  5
622
102
{ACAD_REACTORS
330
61A
102
}
330
61A
100
AcDbVisualStyle
  2
Hidden
 70
     6
177
     3
291
     0
 70
    58
 90
        1
176
     1
 90
        2
176
     1
 90
        2
176
     1
 90
        0
176
     1
 40
0.6
176
     1
 40
30.0
176
     1
 62
     7
420
 16777215
176
     1
 90
        2
176
     1
 90
        2
176
     1
 62
     7
176
     1
 62
   257
176
     1
 90
        2
176
     1
 90
        1
176
     1
 40
40.0
176
     1
 90
        0
176
     1
 62
   257
176
     1
 40
1.0
176
     1
 90
        1
176
     1
 90
        6
176
     1
 90
        2
176
     1
 62
     7
176
     1
 90
        3
176
     1
 90
        0
176
     1
 90
        0
176
     1
290
     0
176
     1
 90
        1
176
     1
 40
0.0
176
     1
 90
        0
176
     1
290
     0
176
     1
290
     1
176
     1
290
     1
176
     1
290
     0
176
     1
290
     0
176
     1
290
     0
176
     1
290
     0
176
     1
290
     0
176
     1
290
     0
176
     1
 90
       50
176
     1
 40
0.0
176
     1
 40
1.0
176
     1
 90
        0
176
     1
 62
    18
420
        0
176
     1
 90
       50
176
     1
 90
        3
176
     1
 62
     5
420
      255
176
     1
290
     0
176
     1
 90
       50
176
     1
 90
       50
176
     1
 90
       50
176
     1
290
     0
176
     1
 90
       50
176
     1
 62
   256
176
     0
 40
1.0
176
     0
 90
        2
176
     1
  1
strokes_ogs.tif
176
     1
290
     0
176
     1
 40
1.0
176
     1
 40
1.0
176
     1
  0
VISUALSTYLE
  5
630
102
{ACAD_REACTORS
330
61A
102
}
330
61A
100
AcDbVisualStyle
  2
JitterOff
 70
    20
177
     3
291
     1
 70
    58
 90
        2
176
     0
 90
        2
176
     0
 90
        0
176
     0
 90
        0
176
     0
 40
0.6
176
     0
 40
30.0
176
     0
 62
     7
420
 16777215
176
     0
 90
        1
176
     0
 90
        4
176
     0
 62
     7
176
     0
 62
   257
176
     0
 90
        1
176
     0
 90
        1
176
     0
 40
1.0
176
     0
 90
       10
176
     2
 62
     7
176
     0
 40
1.0
176
     0
 90
        1
176
     0
 90
        6
176
     0
 90
        2
176
     0
 62
     7
176
     0
 90
        5
176
     0
 90
        0
176
     0
 90
        0
176
     0
290
     0
176
     0
 90
        1
176
     0
 40
0.0
176
     0
 90
        0
176
     0
290
     0
176
     0
290
     1
176
     0
290
     1
176
     0
290
     0
176
     0
290
     0
176
     0
290
     0
176
     0
290
     0
176
     0
290
     0
176
     0
290
     0
176
     0
 90
       50
176
     0
 40
0.0
176
     0
 40
1.0
176
     0
 90
        0
176
     0
 62
    18
420
        0
176
     0
 90
       50
176
     0
 90
        3
176
     0
 62
     5
420
      255
176
     0
290
     0
176
     0
 90
       50
176
     0
 90
       50
176
     0
 90
       50
176
     0
290
     0
176
     0
 90
       50
176
     0
 62
   256
176
     0
 40
1.0
176
     0
 90
        2
176
     0
  1
strokes_ogs.tif
176
     0
290
     0
176
     0
 40
1.0
176
     0
 40
1.0
176
     0
  0
VISUALSTYLE
  5
628
102
{ACAD_REACTORS
330
61A
102
}
330
61A
100
AcDbVisualStyle
  2
Linepattern
 70
    14
177
     3
291
     1
 70
    58
 90
        2
176
     1
 90
        2
176
     1
 90
        0
176
     1
 90
        0
176
     1
 40
0.6
176
     1
 40
30.0
176
     1
 62
     7
420
 16777215
176
     1
 90
        1
176
     1
 90
        4
176
     1
 62
     7
176
     1
 62
   257
176
     1
 90
        7
176
     1
 90
        7
176
     1
 40
1.0
176
     1
 90
        8
176
     1
 62
     7
176
     1
 40
1.0
176
     1
 90
        1
176
     1
 90
        6
176
     1
 90
        2
176
     1
 62
     7
176
     1
 90
        5
176
     1
 90
        0
176
     1
 90
        0
176
     1
290
     0
176
     1
 90
        1
176
     1
 40
0.0
176
     1
 90
        0
176
     1
290
     0
176
     1
290
     1
176
     1
290
     1
176
     1
290
     0
176
     1
290
     0
176
     1
290
     0
176
     1
290
     0
176
     1
290
     0
176
     1
290
     0
176
     1
 90
       50
176
     1
 40
0.0
176
     1
 40
1.0
176
     1
 90
        0
176
     1
 62
    18
420
        0
176
     1
 90
       50
176
     1
 90
        3
176
     1
 62
     5
420
      255
176
     1
290
     0
176
     1
 90
       50
176
     1
 90
       50
176
     1
 90
       50
176
     1
290
     0
176
     1
 90
       50
176
     1
 62
   256
176
     0
 40
1.0
176
     0
 90
        2
176
     1
  1
strokes_ogs.tif
176
     1
290
     0
176
     1
 40
1.0
176
     1
 40
1.0
176
     1
  0
VISUALSTYLE
  5
631
102
{ACAD_REACTORS
330
61A
102
}
330
61A
100
AcDbVisualStyle
  2
OverhangOff
 70
    21
177
     3
291
     1
 70
    58
 90
        2
176
     0
 90
        2
176
     0
 90
        0
176
     0
 90
        0
176
     0
 40
0.6
176
     0
 40
30.0
176
     0
 62
     7
420
 16777215
176
     0
 90
        1
176
     0
 90
        4
176
     0
 62
     7
176
     0
 62
   257
176
     0
 90
        1
176
     0
 90
        1
176
     0
 40
1.0
176
     0
 90
        9
176
     2
 62
     7
176
     0
 40
1.0
176
     0
 90
        1
176
     0
 90
        6
176
     0
 90
        2
176
     0
 62
     7
176
     0
 90
        5
176
     0
 90
        0
176
     0
 90
        0
176
     0
290
     0
176
     0
 90
        1
176
     0
 40
0.0
176
     0
 90
        0
176
     0
290
     0
176
     0
290
     1
176
     0
290
     1
176
     0
290
     0
176
     0
290
     0
176
     0
290
     0
176
     0
290
     0
176
     0
290
     0
176
     0
290
     0
176
     0
 90
       50
176
     0
 40
0.0
176
     0
 40
1.0
176
     0
 90
        0
176
     0
 62
    18
420
        0
176
     0
 90
       50
176
     0
 90
        3
176
     0
 62
     5
420
      255
176
     0
290
     0
176
     0
 90
       50
176
     0
 90
       50
176
     0
 90
       50
176
     0
290
     0
176
     0
 90
       50
176
     0
 62
   256
176
     0
 40
1.0
176
     0
 90
        2
176
     0
  1
strokes_ogs.tif
176
     0
290
     0
176
     0
 40
1.0
176
     0
 40
1.0
176
     0
  0
VISUALSTYLE
  5
624
102
{ACAD_REACTORS
330
61A
102
}
330
61A
100
AcDbVisualStyle
  2
Realistic
 70
     8
177
     3
291
     0
 70
    58
 90
        2
176
     1
 90
        3
176
     1
 90
        0
176
     1
 90
        2
176
     1
 40
0.6
176
     1
 40
30.0
176
     1
 62
     7
420
 16777215
176
     1
 90
        0
176
     1
 90
        0
176
     1
 62
     7
176
     1
 62
   257
176
     1
 90
        1
176
     1
 90
        1
176
     1
 40
1.0
176
     1
 90
        8
176
     1
 62
   257
176
     1
 40
1.0
176
     1
 90
        1
176
     1
 90
        6
176
     1
 90
        2
176
     1
 62
     7
176
     1
 90
        3
176
     1
 90
        0
176
     1
 90
        0
176
     1
290
     0
176
     1
 90
       13
176
     1
 40
0.0
176
     1
 90
        0
176
     1
290
     0
176
     1
290
     1
176
     1
290
     1
176
     1
290
     0
176
     1
290
     0
176
     1
290
     0
176
     1
290
     0
176
     1
290
     0
176
     1
290
     0
176
     1
 90
       50
176
     1
 40
0.0
176
     1
 40
1.0
176
     1
 90
        0
176
     1
 62
    18
420
        0
176
     1
 90
       50
176
     1
 90
        3
176
     1
 62
     5
420
      255
176
     1
290
     0
176
     1
 90
       50
176
     1
 90
       50
176
     1
 90
       50
176
     1
290
     0
176
     1
 90
       50
176
     1
 62
   256
176
     0
 40
1.0
176
     0
 90
        2
176
     1
  1
strokes_ogs.tif
176
     1
290
     0
176
     1
 40
1.0
176
     1
 40
1.0
176
     1
  0
VISUALSTYLE
  5
62F
102
{ACAD_REACTORS
330
61A
102
}
330
61A
100
AcDbVisualStyle
  2
Shaded
 70
    27
177
     3
291
     0
 70
    58
 90
        2
176
     1
 90
        2
176
     1
 90
        1
176
     1
 90
        2
176
     1
 40
0.6
176
     1
 40
30.0
176
     1
 62
     7
420
 16777215
176
     1
 90
        0
176
     1
 90
        4
176
     1
 62
     7
176
     1
 62
   257
176
     1
 90
        1
176
     1
 90
        1
176
     1
 40
1.0
176
     1
 90
        8
176
     1
 62
   257
176
     1
 40
1.0
176
     1
 90
        1
176
     1
 90
        6
176
     1
 90
        2
176
     1
 62
     8
420
  7895160
176
     1
 90
        3
176
     1
 90
        0
176
     1
 90
        0
176
     1
290
     0
176
     1
 90
        5
176
     1
 40
0.0
176
     1
 90
        0
176
     1
290
     0
176
     1
290
     1
176
     1
290
     1
176
     1
290
     0
176
     1
290
     0
176
     1
290
     0
176
     1
290
     0
176
     1
290
     0
176
     1
290
     0
176
     1
 90
       50
176
     1
 40
0.0
176
     1
 40
1.0
176
     1
 90
        0
176
     1
 62
    18
420
        0
176
     1
 90
       50
176
     1
 90
        3
176
     1
 62
     5
420
      255
176
     1
290
     0
176
     1
 90
       50
176
     1
 90
       50
176
     1
 90
       50
176
     1
290
     0
176
     1
 90
       50
176
     1
 62
   256
176
     0
 40
1.0
176
     0
 90
        2
176
     1
  1
strokes_ogs.tif
176
     1
290
     0
176
     1
 40
1.0
176
     1
 40
1.0
176
     1
  0
VISUALSTYLE
  5
62E
102
{ACAD_REACTORS
330
61A
102
}
330
61A
100
AcDbVisualStyle
  2
Shaded with edges
 70
    26
177
     3
291
     0
 70
    58
 90
        2
176
     1
 90
        2
176
     1
 90
        1
176
     1
 90
        2
176
     1
 40
0.6
176
     1
 40
30.0
176
     1
 62
     7
420
 16777215
176
     1
 90
        1
176
     1
 90
        2
176
     1
 62
     7
176
     1
 62
   257
176
     1
 90
        2
176
     1
 90
        1
176
     1
 40
1.0
176
     1
 90
        8
176
     1
 62
   257
176
     1
 40
1.0
176
     1
 90
        1
176
     1
 90
        6
176
     1
 90
        2
176
     1
 62
     7
176
     1
 90
        3
176
     1
 90
        0
176
     1
 90
        0
176
     1
290
     0
176
     1
 90
        5
176
     1
 40
0.0
176
     1
 90
        0
176
     1
290
     0
176
     1
290
     1
176
     1
290
     1
176
     1
290
     0
176
     1
290
     0
176
     1
290
     0
176
     1
290
     0
176
     1
290
     0
176
     1
290
     0
176
     1
 90
       50
176
     1
 40
0.0
176
     1
 40
1.0
176
     1
 90
        0
176
     1
 62
    18
420
        0
176
     1
 90
       50
176
     1
 90
        3
176
     1
 62
     5
420
      255
176
     1
290
     0
176
     1
 90
       50
176
     1
 90
       50
176
     1
 90
       50
176
     1
290
     0
176
     1
 90
       50
176
     1
 62
   256
176
     0
 40
1.0
176
     0
 90
        2
176
     1
  1
strokes_ogs.tif
176
     1
290
     0
176
     1
 40
1.0
176
     1
 40
1.0
176
     1
  0
VISUALSTYLE
  5
62B
102
{ACAD_REACTORS
330
61A
102
}
330
61A
100
AcDbVisualStyle
  2
Shades of Gray
 70
    23
177
     3
291
     0
 70
    58
 90
        2
176
     1
 90
        2
176
     1
 90
        3
176
     1
 90
        0
176
     1
 40
0.6
176
     1
 40
30.0
176
     1
 62
     7
420
 16777215
176
     1
 90
        2
176
     1
 90
        2
176
     1
 62
     7
176
     1
 62
     7
176
     1
 90
        1
176
     1
 90
        1
176
     1
 40
40.0
176
     1
 90
        8
176
     1
 62
     7
176
     1
 40
1.0
176
     1
 90
        1
176
     1
 90
        6
176
     1
 90
        2
176
     1
 62
     7
176
     1
 90
        3
176
     1
 90
        0
176
     1
 90
        0
176
     1
290
     0
176
     1
 90
        1
176
     1
 40
0.0
176
     1
 90
        0
176
     1
290
     0
176
     1
290
     1
176
     1
290
     1
176
     1
290
     0
176
     1
290
     0
176
     1
290
     0
176
     1
290
     0
176
     1
290
     0
176
     1
290
     0
176
     1
 90
       50
176
     1
 40
0.0
176
     1
 40
1.0
176
     1
 90
        0
176
     1
 62
    18
420
        0
176
     1
 90
       50
176
     1
 90
        3
176
     1
 62
     5
420
      255
176
     1
290
     0
176
     1
 90
       50
176
     1
 90
       50
176
     1
 90
       50
176
     1
290
     0
176
     1
 90
       50
176
     1
 62
   256
176
     0
 40
1.0
176
     0
 90
        2
176
     1
  1
strokes_ogs.tif
176
     1
290
     0
176
     1
 40
1.0
176
     1
 40
1.0
176
     1
  0
VISUALSTYLE
  5
62C
102
{ACAD_REACTORS
330
61A
102
}
330
61A
100
AcDbVisualStyle
  2
Sketchy
 70
    24
177
     3
291
     0
 70
    58
 90
        1
176
     1
 90
        2
176
     1
 90
        2
176
     1
 90
        0
176
     1
 40
0.6
176
     1
 40
30.0
176
     1
 62
     7
420
 16777215
176
     1
 90
        2
176
     1
 90
        2
176
     1
 62
     7
176
     1
 62
     7
176
     1
 90
        1
176
     1
 90
        1
176
     1
 40
40.0
176
     1
 90
       11
176
     1
 62
     7
176
     1
 40
1.0
176
     1
 90
        1
176
     1
 90
        6
176
     1
 90
        2
176
     1
 62
     7
176
     1
 90
        6
176
     1
 90
        0
176
     1
 90
        0
176
     1
290
     0
176
     1
 90
        1
176
     1
 40
0.0
176
     1
 90
        0
176
     1
290
     0
176
     1
290
     1
176
     1
290
     1
176
     1
290
     0
176
     1
290
     0
176
     1
290
     0
176
     1
290
     0
176
     1
290
     0
176
     1
290
     0
176
     1
 90
       50
176
     1
 40
0.0
176
     1
 40
1.0
176
     1
 90
        0
176
     1
 62
    18
420
        0
176
     1
 90
       50
176
     1
 90
        3
176
     1
 62
     5
420
      255
176
     1
290
     0
176
     1
 90
       50
176
     1
 90
       50
176
     1
 90
       50
176
     1
290
     0
176
     1
 90
       50
176
     1
 62
   256
176
     0
 40
1.0
176
     0
 90
        2
176
     1
  1
strokes_ogs.tif
176
     1
290
     0
176
     1
 40
1.0
176
     1
 40
1.0
176
     1
  0
VISUALSTYLE
  5
627
102
{ACAD_REACTORS
330
61A
102
}
330
61A
100
AcDbVisualStyle
  2
Thicken
 70
    13
177
     3
291
     1
 70
    58
 90
        2
176
     1
 90
        2
176
     1
 90
        0
176
     1
 90
        0
176
     1
 40
0.6
176
     1
 40
30.0
176
     1
 62
     7
420
 16777215
176
     1
 90
        1
176
     1
 90
        4
176
     1
 62
     7
176
     1
 62
   257
176
     1
 90
        1
176
     1
 90
        1
176
     1
 40
1.0
176
     1
 90
       12
176
     1
 62
     7
176
     1
 40
1.0
176
     1
 90
        1
176
     1
 90
        6
176
     1
 90
        2
176
     1
 62
     7
176
     1
 90
        5
176
     1
 90
        0
176
     1
 90
        0
176
     1
290
     0
176
     1
 90
        1
176
     1
 40
0.0
176
     1
 90
        0
176
     1
290
     0
176
     1
290
     1
176
     1
290
     1
176
     1
290
     0
176
     1
290
     0
176
     1
290
     0
176
     1
290
     0
176
     1
290
     0
176
     1
290
     0
176
     1
 90
       50
176
     1
 40
0.0
176
     1
 40
1.0
176
     1
 90
        0
176
     1
 62
    18
420
        0
176
     1
 90
       50
176
     1
 90
        3
176
     1
 62
     5
420
      255
176
     1
290
     0
176
     1
 90
       50
176
     1
 90
       50
176
     1
 90
       50
176
     1
290
     0
176
     1
 90
       50
176
     1
 62
   256
176
     0
 40
1.0
176
     0
 90
        2
176
     1
  1
strokes_ogs.tif
176
     1
290
     0
176
     1
 40
1.0
176
     1
 40
1.0
176
     1
  0
VISUALSTYLE
  5
621
102
{ACAD_REACTORS
330
61A
102
}
330
61A
100
AcDbVisualStyle
  2
Wireframe
 70
     5
177
     3
291
     0
 70
    58
 90
        0
176
     1
 90
        2
176
     1
 90
        0
176
     1
 90
        0
176
     1
 40
0.6
176
     1
 40
30.0
176
     1
 62
     7
420
 16777215
176
     1
 90
        1
176
     1
 90
        4
176
     1
 62
     7
176
     1
 62
   257
176
     1
 90
        1
176
     1
 90
        1
176
     1
 40
1.0
176
     1
 90
        0
176
     1
 62
   257
176
     1
 40
1.0
176
     1
 90
        1
176
     1
 90
        6
176
     1
 90
        2
176
     1
 62
     7
176
     1
 90
        3
176
     1
 90
        0
176
     1
 90
        0
176
     1
290
     0
176
     1
 90
        1
176
     1
 40
0.0
176
     1
 90
        0
176
     1
290
     0
176
     1
290
     1
176
     1
290
     1
176
     1
290
     0
176
     1
290
     0
176
     1
290
     0
176
     1
290
     0
176
     1
290
     0
176
     1
290
     0
176
     1
 90
       50
176
     1
 40
0.0
176
     1
 40
1.0
176
     1
 90
        0
176
     1
 62
    18
420
        0
176
     1
 90
       50
176
     1
 90
        3
176
     1
 62
     5
420
      255
176
     1
290
     0
176
     1
 90
       50
176
     1
 90
       50
176
     1
 90
       50
176
     1
290
     0
176
     1
 90
       50
176
     1
 62
   256
176
     0
 40
1.0
176
     0
 90
        2
176
     1
  1
strokes_ogs.tif
176
     1
290
     0
176
     1
 40
1.0
176
     1
 40
1.0
176
     1
  0
VISUALSTYLE
  5
62D
102
{ACAD_REACTORS
330
61A
102
}
330
61A
100
AcDbVisualStyle
  2
X-Ray
 70
    25
177
     3
291
     0
 70
    58
 90
        2
176
     1
 90
        2
176
     1
 90
        1
176
     1
 90
        1
176
     1
 40
0.5
176
     1
 40
30.0
176
     1
 62
     7
420
 16777215
176
     1
 90
        1
176
     1
 90
        0
176
     1
 62
     7
176
     1
 62
   257
176
     1
 90
        1
176
     1
 90
        1
176
     1
 40
1.0
176
     1
 90
        8
176
     1
 62
     7
176
     1
 40
1.0
176
     1
 90
        1
176
     1
 90
        6
176
     1
 90
        2
176
     1
 62
     7
176
     1
 90
        3
176
     1
 90
        0
176
     1
 90
        0
176
     1
290
     0
176
     1
 90
       13
176
     1
 40
0.0
176
     1
 90
        0
176
     1
290
     0
176
     1
290
     1
176
     1
290
     1
176
     1
290
     0
176
     1
290
     0
176
     1
290
     0
176
     1
290
     0
176
     1
290
     0
176
     1
290
     0
176
     1
 90
       50
176
     1
 40
0.0
176
     1
 40
1.0
176
     1
 90
        0
176
     1
 62
    18
420
        0
176
     1
 90
       50
176
     1
 90
        3
176
     1
 62
     5
420
      255
176
     1
290
     0
176
     1
 90
       50
176
     1
 90
       50
176
     1
 90
       50
176
     1
290
     0
176
     1
 90
       50
176
     1
 62
   256
176
     0
 40
1.0
176
     0
 90
        2
176
     1
  1
strokes_ogs.tif
176
     1
290
     0
176
     1
 40
1.0
176
     1
 40
1.0
176
     1
  0
DICTIONARYVAR
  5
6E2
102
{ACAD_REACTORS
330
6DC
102
}
330
6DC
100
DictionaryVariables
280
     0
  1
1:1
  0
DICTIONARYVAR
  5
6DE
102
{ACAD_REACTORS
330
6DC
102
}
330
6DC
100
DictionaryVariables
280
     0
  1
STANDARD
  0
DICTIONARYVAR
  5
6DD
102
{ACAD_REACTORS
330
6DC
102
}
330
6DC
100
DictionaryVariables
280
     0
  1
STANDARD
  0
DICTIONARYVAR
  5
6DF
102
{ACAD_REACTORS
330
6DC
102
}
330
6DC
100
DictionaryVariables
280
     0
  1
Metric50
  0
DICTIONARYVAR
  5
6E0
102
{ACAD_REACTORS
330
6DC
102
}
330
6DC
100
DictionaryVariables
280
     0
  1
Metric50
  0
DICTIONARYVAR
  5
6E4
102
{ACAD_REACTORS
330
6DC
102
}
330
6DC
100
DictionaryVariables
280
     0
  1
1
  0
DICTIONARYVAR
  5
6E5
102
{ACAD_REACTORS
330
6DC
102
}
330
6DC
100
DictionaryVariables
280
     0
  1
15
  0
DICTIONARYVAR
  5
6E3
102
{ACAD_REACTORS
330
6DC
102
}
330
6DC
100
DictionaryVariables
280
     0
  1
0
  0
DICTIONARYVAR
  5
6E1
102
{ACAD_REACTORS
330
6DC
102
}
330
6DC
100
DictionaryVariables
280
     0
  1
0
  0
DICTIONARY
  5
60B
330
60A
100
AcDbDictionary
280
     1
281
     1
  3
BUMPTILE
360
60D
  3
DIFFUSETILE
360
60C
  3
OPACITYTILE
360
610
  3
REFLECTIONTILE
360
60F
  3
REFRACTIONTILE
360
611
  3
SPECULARTILE
360
60E
  0
DICTIONARY
  5
603
330
602
100
AcDbDictionary
280
     1
281
     1
  3
BUMPTILE
360
605
  3
DIFFUSETILE
360
604
  3
OPACITYTILE
360
608
  3
REFLECTIONTILE
360
607
  3
REFRACTIONTILE
360
609
  3
SPECULARTILE
360
606
  0
DICTIONARY
  5
613
330
612
100
AcDbDictionary
280
     1
281
     1
  3
BUMPTILE
360
615
  3
DIFFUSETILE
360
614
  3
OPACITYTILE
360
618
  3
REFLECTIONTILE
360
617
  3
REFRACTIONTILE
360
619
  3
SPECULARTILE
360
616
  0
DICTIONARY
  5
6F3
330
635
100
AcDbDictionary
280
     1
281
     1
  3
ACAD_ROUNDTRIP_2008_TABLESTYLE_CELLSTYLEMAP
360
6F4
  0
XRECORD
  5
60D
102
{ACAD_REACTORS
330
60B
102
}
330
60B
100
AcDbXrecord
280
     1
270
     1
271
     1
  0
XRECORD
  5
60C
102
{ACAD_REACTORS
330
60B
102
}
330
60B
100
AcDbXrecord
280
     1
270
     1
271
     1
  0
XRECORD
  5
610
102
{ACAD_REACTORS
330
60B
102
}
330
60B
100
AcDbXrecord
280
     1
270
     1
271
     1
  0
XRECORD
  5
60F
102
{ACAD_REACTORS
330
60B
102
}
330
60B
100
AcDbXrecord
280
     1
270
     1
271
     1
  0
XRECORD
  5
611
102
{ACAD_REACTORS
330
60B
102
}
330
60B
100
AcDbXrecord
280
     1
270
     1
271
     1
  0
XRECORD
  5
60E
102
{ACAD_REACTORS
330
60B
102
}
330
60B
100
AcDbXrecord
280
     1
270
     1
271
     1
  0
XRECORD
  5
605
102
{ACAD_REACTORS
330
603
102
}
330
603
100
AcDbXrecord
280
     1
270
     1
271
     1
  0
XRECORD
  5
604
102
{ACAD_REACTORS
330
603
102
}
330
603
100
AcDbXrecord
280
     1
270
     1
271
     1
  0
XRECORD
  5
608
102
{ACAD_REACTORS
330
603
102
}
330
603
100
AcDbXrecord
280
     1
270
     1
271
     1
  0
XRECORD
  5
607
102
{ACAD_REACTORS
330
603
102
}
330
603
100
AcDbXrecord
280
     1
270
     1
271
     1
  0
XRECORD
  5
609
102
{ACAD_REACTORS
330
603
102
}
330
603
100
AcDbXrecord
280
     1
270
     1
271
     1
  0
XRECORD
  5
606
102
{ACAD_REACTORS
330
603
102
}
330
603
100
AcDbXrecord
280
     1
270
     1
271
     1
  0
XRECORD
  5
615
102
{ACAD_REACTORS
330
613
102
}
330
613
100
AcDbXrecord
280
     1
270
     1
271
     1
  0
XRECORD
  5
614
102
{ACAD_REACTORS
330
613
102
}
330
613
100
AcDbXrecord
280
     1
270
     1
271
     1
  0
XRECORD
  5
618
102
{ACAD_REACTORS
330
613
102
}
330
613
100
AcDbXrecord
280
     1
270
     1
271
     1
  0
XRECORD
  5
617
102
{ACAD_REACTORS
330
613
102
}
330
613
100
AcDbXrecord
280
     1
270
     1
271
     1
  0
XRECORD
  5
619
102
{ACAD_REACTORS
330
613
102
}
330
613
100
AcDbXrecord
280
     1
270
     1
271
     1
  0
XRECORD
  5
616
102
{ACAD_REACTORS
330
613
102
}
330
613
100
AcDbXrecord
280
     1
270
     1
271
     1
  0
CELLSTYLEMAP
  5
6F4
102
{ACAD_REACTORS
330
6F3
102
}
330
6F3
100
AcDbCellStyleMap
 90
        3
300
CELLSTYLE
  1
TABLEFORMAT_BEGIN
 90
        5
170
     1
 91
        0
 92
    32768
 62
   257
 93
        1
300
CONTENTFORMAT
  1
CONTENTFORMAT_BEGIN
 90
        0
 91
        0
 92
      512
 93
        0
300

 40
0.0
140
1.0
 94
        5
 62
     0
340
11
144
6.0
309
CONTENTFORMAT_END
171
     1
301
MARGIN
  1
CELLMARGIN_BEGIN
 40
1.5
 40
1.5
 40
1.5
 40
1.5
 40
4.5
 40
4.5
309
CELLMARGIN_END
 94
        6
 95
        1
302
GRIDFORMAT
  1
GRIDFORMAT_BEGIN
 90
        0
 91
        1
 62
     0
 92
       -2
340
0
 93
        0
 40
1.125
309
GRIDFORMAT_END
 95
        2
302
GRIDFORMAT
  1
GRIDFORMAT_BEGIN
 90
        0
 91
        1
 62
     0
 92
       -2
340
0
 93
        0
 40
1.125
309
GRIDFORMAT_END
 95
        4
302
GRIDFORMAT
  1
GRIDFORMAT_BEGIN
 90
        0
 91
        1
 62
     0
 92
       -2
340
0
 93
        0
 40
1.125
309
GRIDFORMAT_END
 95
        8
302
GRIDFORMAT
  1
GRIDFORMAT_BEGIN
 90
        0
 91
        1
 62
     0
 92
       -2
340
0
 93
        0
 40
1.125
309
GRIDFORMAT_END
 95
       16
302
GRIDFORMAT
  1
GRIDFORMAT_BEGIN
 90
        0
 91
        1
 62
     0
 92
       -2
340
0
 93
        0
 40
1.125
309
GRIDFORMAT_END
 95
       32
302
GRIDFORMAT
  1
GRIDFORMAT_BEGIN
 90
        0
 91
        1
 62
     0
 92
       -2
340
0
 93
        0
 40
1.125
309
GRIDFORMAT_END
309
TABLEFORMAT_END
  1
CELLSTYLE_BEGIN
 90
        1
 91
        1
300
_TITLE
309
CELLSTYLE_END
300
CELLSTYLE
  1
TABLEFORMAT_BEGIN
 90
        5
170
     1
 91
        0
 92
        0
 62
   257
 93
        1
300
CONTENTFORMAT
  1
CONTENTFORMAT_BEGIN
 90
        0
 91
        0
 92
      512
 93
        0
300

 40
0.0
140
1.0
 94
        5
 62
     0
340
11
144
4.5
309
CONTENTFORMAT_END
171
     1
301
MARGIN
  1
CELLMARGIN_BEGIN
 40
1.5
 40
1.5
 40
1.5
 40
1.5
 40
4.5
 40
4.5
309
CELLMARGIN_END
 94
        6
 95
        1
302
GRIDFORMAT
  1
GRIDFORMAT_BEGIN
 90
        0
 91
        1
 62
     0
 92
       -2
340
0
 93
        0
 40
1.125
309
GRIDFORMAT_END
 95
        2
302
GRIDFORMAT
  1
GRIDFORMAT_BEGIN
 90
        0
 91
        1
 62
     0
 92
       -2
340
0
 93
        0
 40
1.125
309
GRIDFORMAT_END
 95
        4
302
GRIDFORMAT
  1
GRIDFORMAT_BEGIN
 90
        0
 91
        1
 62
     0
 92
       -2
340
0
 93
        0
 40
1.125
309
GRIDFORMAT_END
 95
        8
302
GRIDFORMAT
  1
GRIDFORMAT_BEGIN
 90
        0
 91
        1
 62
     0
 92
       -2
340
0
 93
        0
 40
1.125
309
GRIDFORMAT_END
 95
       16
302
GRIDFORMAT
  1
GRIDFORMAT_BEGIN
 90
        0
 91
        1
 62
     0
 92
       -2
340
0
 93
        0
 40
1.125
309
GRIDFORMAT_END
 95
       32
302
GRIDFORMAT
  1
GRIDFORMAT_BEGIN
 90
        0
 91
        1
 62
     0
 92
       -2
340
0
 93
        0
 40
1.125
309
GRIDFORMAT_END
309
TABLEFORMAT_END
  1
CELLSTYLE_BEGIN
 90
        2
 91
        1
300
_HEADER
309
CELLSTYLE_END
300
CELLSTYLE
  1
TABLEFORMAT_BEGIN
 90
        5
170
     1
 91
        0
 92
        0
 62
   257
 93
        1
300
CONTENTFORMAT
  1
CONTENTFORMAT_BEGIN
 90
        0
 91
        0
 92
      512
 93
        0
300

 40
0.0
140
1.0
 94
        2
 62
     0
340
11
144
4.5
309
CONTENTFORMAT_END
171
     1
301
MARGIN
  1
CELLMARGIN_BEGIN
 40
1.5
 40
1.5
 40
1.5
 40
1.5
 40
4.5
 40
4.5
309
CELLMARGIN_END
 94
        6
 95
        1
302
GRIDFORMAT
  1
GRIDFORMAT_BEGIN
 90
        0
 91
        1
 62
     0
 92
       -2
340
0
 93
        0
 40
1.125
309
GRIDFORMAT_END
 95
        2
302
GRIDFORMAT
  1
GRIDFORMAT_BEGIN
 90
        0
 91
        1
 62
     0
 92
       -2
340
0
 93
        0
 40
1.125
309
GRIDFORMAT_END
 95
        4
302
GRIDFORMAT
  1
GRIDFORMAT_BEGIN
 90
        0
 91
        1
 62
     0
 92
       -2
340
0
 93
        0
 40
1.125
309
GRIDFORMAT_END
 95
        8
302
GRIDFORMAT
  1
GRIDFORMAT_BEGIN
 90
        0
 91
        1
 62
     0
 92
       -2
340
0
 93
        0
 40
1.125
309
GRIDFORMAT_END
 95
       16
302
GRIDFORMAT
  1
GRIDFORMAT_BEGIN
 90
        0
 91
        1
 62
     0
 92
       -2
340
0
 93
        0
 40
1.125
309
GRIDFORMAT_END
 95
       32
302
GRIDFORMAT
  1
GRIDFORMAT_BEGIN
 90
        0
 91
        1
 62
     0
 92
       -2
340
0
 93
        0
 40
1.125
309
GRIDFORMAT_END
309
TABLEFORMAT_END
  1
CELLSTYLE_BEGIN
 90
        3
 91
        2
300
_DATA
309
CELLSTYLE_END
  0
ENDSEC
  0
SECTION
  2
ACDSDATA
 70
     2
 71
     8
  0
ACDSSCHEMA
 90
        0
  1
AcDb_Thumbnail_Schema
  2
AcDbDs::ID
280
    10
 91
        8
  2
Thumbnail_Data
280
    15
 91
        0
101
ACDSRECORD
 95
        0
 90
        1
  2
AcDbDs::TreatedAsObjectData
280
     1
291
     1
101
ACDSRECORD
 95
        0
 90
        2
  2
AcDbDs::Legacy
280
     1
291
     1
101
ACDSRECORD
  1
AcDbDs::ID
 90
        3
  2
AcDs:Indexable
280
     1
291
     1
101
ACDSRECORD
  1
AcDbDs::ID
 90
        4
  2
AcDbDs::HandleAttribute
280
     7
282
     1
  0
ACDSSCHEMA
 90
        1
  1
AcDbDs::TreatedAsObjectDataSchema
  2
AcDbDs::TreatedAsObjectData
280
     1
 91
        0
  0
ACDSSCHEMA
 90
        2
  1
AcDbDs::LegacySchema
  2
AcDbDs::Legacy
280
     1
 91
        0
  0
ACDSSCHEMA
 90
        3
  1
AcDbDs::IndexedPropertySchema
  2
AcDs:Indexable
280
     1
 91
        0
  0
ACDSSCHEMA
 90
        4
  1
AcDbDs::HandleAttributeSchema
  2
AcDbDs::HandleAttribute
280
     7
 91
        1
284
     1
  0
ACDSRECORD
 90
        0
  2
AcDbDs::ID
280
    10
320
22
  2
Thumbnail_Data
280
    15
 94
     1633
310
89504E470D0A1A0A0000000D49484452000001000000006F08030000003479EE6F00000300504C5445212830FFFFFF2128300000000000000000000000000000000000000000000000000000330000660000990000CC0000FF0033000033330033660033990033CC0033FF0066000066330066660066990066CC0066FF0099
310
000099330099660099990099CC0099FF00CC0000CC3300CC6600CC9900CCCC00CCFF00FF0000FF3300FF6600FF9900FFCC00FFFF3300003300333300663300993300CC3300FF3333003333333333663333993333CC3333FF3366003366333366663366993366CC3366FF3399003399333399663399993399CC3399FF33CC00
310
33CC3333CC6633CC9933CCCC33CCFF33FF0033FF3333FF6633FF9933FFCC33FFFF6600006600336600666600996600CC6600FF6633006633336633666633996633CC6633FF6666006666336666666666996666CC6666FF6699006699336699666699996699CC6699FF66CC0066CC3366CC6666CC9966CCCC66CCFF66FF0066
310
FF3366FF6666FF9966FFCC66FFFF9900009900339900669900999900CC9900FF9933009933339933669933999933CC9933FF9966009966339966669966999966CC9966FF9999009999339999669999999999CC9999FF99CC0099CC3399CC6699CC9999CCCC99CCFF99FF0099FF3399FF6699FF9999FFCC99FFFFCC0000CC00
310
33CC0066CC0099CC00CCCC00FFCC3300CC3333CC3366CC3399CC33CCCC33FFCC6600CC6633CC6666CC6699CC66CCCC66FFCC9900CC9933CC9966CC9999CC99CCCC99FFCCCC00CCCC33CCCC66CCCC99CCCCCCCCCCFFCCFF00CCFF33CCFF66CCFF99CCFFCCCCFFFFFF0000FF0033FF0066FF0099FF00CCFF00FFFF3300FF3333
310
FF3366FF3399FF33CCFF33FFFF6600FF6633FF6666FF6699FF66CCFF66FFFF9900FF9933FF9966FF9999FF99CCFF99FFFFCC00FFCC33FFCC66FFCC99FFCCCCFFCCFFFFFF00FFFF33FFFF66FFFF99FFFFCCFFFFFF0000000D0D0D1A1A1A2828283535354343435050505D5D5D6B6B6B787878868686939393A1A1A1AEAEAEBB
310
BBBBC9C9C9D6D6D6E4E4E4F1F1F1FFFFFF0000000000000000000000000000000000000000000000000000000000002E4550F1000001F34944415478DAED9CDB6E02310C44FDFFFF3BEF95607365B3052D3CC4734E2BA0A15A91913D719C6D23000000000000000000003E42BFC44280AB6BEF21C0CB0FE3D0A0553CBED48D
310
E617A08D3DBF8FA7329C4080AB39D4207FF9A54C025C7CD0C7BB5A0A208F083032C1B54035E2879CC822804E3E6D191B3DA064442A0F5847C173CD532C23203245C062069A978429F32D3CC0C204B578E34EB5BF93005A543AD172BEAD06DD580601A4F308984AC163EE652DC824C0550AC82002FE4F01070F786712D52FDF
310
9D58B63AE0F36BA7A804AD05908900BF9A0402EC52082DB7C371AFB59DA323440A3809707D2E90D8034A5DFBE5E3AD7DDAE2C37C5BDFEFF6B5374981A3E06B511027ADAFEC11106322C4570E78B78A80E3CC53EA9F7CF602FDFCBB2C088B08A8911F31F8E1DDCDF07ECBA0B3005D6F54D517C24B809202513CC02602A29E84
310
D6C0EF1702043012C0D603C6FB00D46E8C3113409A574579A580E6B2201C05183C406EABC0E401322B845C2360D8FA9F3DF808605A08B5CD5FEB02D4571E2658373E1A3CC06633D44FF6CC12D2A7400BF7F12F210C23A06B023A7584A2B3C1B60BB231C1A89BA0727778D906292CBAC2BD10C510A22F084C04889605EDA440
310
4611D02D81F36B1B01B6BA360220000220000220000220000220C0FD7E80F73F5101000000000000000000D8873FC9810F29EFAA51350000000049454E44AE426082D10347487B818115A04FD7B2C571540635D2A069A6895408393C18C9B924D26428DB81E71E8DE567833EF393A193A152CF7FFE70748B1D5E9D53431F8E
310
1A001F3E1E17E8EE82800AA83A1F3A5A64D40E121480345A7ED0DD24E4DB3E7BB32E31D300B1769BDC3A7D82C5E0E9DE3A1780235758E6EF163F5400E6EE157EAB149699DBE5BFFACAC86D5E9AD2031DF9E2D04D5E9BB3AF8BD9F9312607A03A84B359282AF241303980F2A0DBCC8F504C34AC01A0A9005C99016E730B687B
310
BC8A016302D07783A08A018D2C808BDFA4E62F4810C00D7E42830A2000022000022000022000026025480510000110000110000110000B212A800008800008800008800008E0FCF84EF69FC5AE04E10300044000043031801F5B3F0ADCEA167AF50000000049454E44AE426082
  0
ENDSEC
  0
EOF
