  0
SECTION
  2
HEADER
  9
$ACADVER
  1
AC1015
  9
$ACADMAINTVER
 70
     6
  9
$DWGCODEPAGE
  3
ANSI_1252
  9
$INSBASE
 10
0.0
 20
0.0
 30
0.0
  9
$EXTMIN
 10
0.0
 20
0.0
 30
0.0
  9
$EXTMAX
 10
609.6
 20
457.2
 30
0.0
  9
$LIMMIN
 10
0.0
 20
0.0
  9
$LIMMAX
 10
609.6
 20
457.2
  9
$ORTHOMODE
 70
     0
  9
$REGENMODE
 70
     1
  9
$FILLMODE
 70
     1
  9
$QTEXTMODE
 70
     0
  9
$MIRRTEXT
 70
     1
  9
$LTSCALE
 40
1.0
  9
$ATTMODE
 70
     1
  9
$TEXTSIZE
 40
3.5
  9
$TRACEWID
 40
1.0
  9
$TEXTSTYLE
  7
Standard
  9
$CLAYER
  8
0
  9
$CELTYPE
  6
ByLayer
  9
$CECOLOR
 62
   256
  9
$CELTSCALE
 40
1.0
  9
$DISPSILH
 70
     0
  9
$DIMSCALE
 40
1.0
  9
$DIMASZ
 40
2.29
  9
$DIMEXO
 40
0.76
  9
$DIMDLI
 40
3.75
  9
$DIMRND
 40
0.0
  9
$DIMDLE
 40
0.0
  9
$DIMEXE
 40
1.52
  9
$DIMTP
 40
0.0
  9
$DIMTM
 40
0.0
  9
$DIMTXT
 40
4.9388888889
  9
$DIMCEN
 40
2.5
  9
$DIMTSZ
 40
0.0
  9
$DIMTOL
 70
     0
  9
$DIMLIM
 70
     0
  9
$DIMTIH
 70
     1
  9
$DIMTOH
 70
     1
  9
$DIMSE1
 70
     0
  9
$DIMSE2
 70
     0
  9
$DIMTAD
 70
     0
  9
$DIMZIN
 70
     1
  9
$DIMBLK
  1

  9
$DIMASO
 70
     1
  9
$DIMSHO
 70
     1
  9
$DIMPOST
  1

  9
$DIMAPOST
  1

  9
$DIMALT
 70
     0
  9
$DIMALTD
 70
     3
  9
$DIMALTF
 40
0.0393700787
  9
$DIMLFAC
 40
1.0
  9
$DIMTOFL
 70
     1
  9
$DIMTVP
 40
0.0
  9
$DIMTIX
 70
     0
  9
$DIMSOXD
 70
     0
  9
$DIMSAH
 70
     0
  9
$DIMBLK1
  1

  9
$DIMBLK2
  1

  9
$DIMSTYLE
  2
ISO-25
  9
$DIMCLRD
 70
     0
  9
$DIMCLRE
 70
     0
  9
$DIMCLRT
 70
     0
  9
$DIMTFAC
 40
1.0
  9
$DIMGAP
 40
1.524
  9
$DIMJUST
 70
     0
  9
$DIMSD1
 70
     0
  9
$DIMSD2
 70
     0
  9
$DIMTOLJ
 70
     0
  9
$DIMTZIN
 70
     1
  9
$DIMALTZ
 70
     0
  9
$DIMALTTZ
 70
     0
  9
$DIMUPT
 70
     0
  9
$DIMDEC
 70
     0
  9
$DIMTDEC
 70
     2
  9
$DIMALTU
 70
     2
  9
$DIMALTTD
 70
     3
  9
$DIMTXSTY
  7
Standard
  9
$DIMAUNIT
 70
     0
  9
$DIMADEC
 70
     0
  9
$DIMALTRND
 40
0.0
  9
$DIMAZIN
 70
     0
  9
$DIMDSEP
 70
    44
  9
$DIMATFIT
 70
     3
  9
$DIMFRAC
 70
     0
  9
$DIMLDRBLK
  1

  9
$DIMLUNIT
 70
     2
  9
$DIMLWD
 70
    -2
  9
$DIMLWE
 70
    -2
  9
$DIMTMOVE
 70
     0
  9
$LUNITS
 70
     2
  9
$LUPREC
 70
     2
  9
$SKETCHINC
 40
1.0
  9
$FILLETRAD
 40
0.0
  9
$AUNITS
 70
     0
  9
$AUPREC
 70
     0
  9
$MENU
  1
.
  9
$ELEVATION
 40
0.0
  9
$PELEVATION
 40
0.0
  9
$THICKNESS
 40
0.0
  9
$LIMCHECK
 70
     0
  9
$CHAMFERA
 40
0.0
  9
$CHAMFERB
 40
0.0
  9
$CHAMFERC
 40
0.0
  9
$CHAMFERD
 40
0.0
  9
$SKPOLY
 70
     0
  9
$TDCREATE
 40
2460056.598591053
  9
$TDUCREATE
 40
2460056.76525772
  9
$TDUPDATE
 40
2460056.598593461
  9
$TDUUPDATE
 40
2460056.765260127
  9
$TDINDWG
 40
0.0000000116
  9
$TDUSRTIMER
 40
0.0000000116
  9
$USRTIMER
 70
     1
  9
$ANGBASE
 50
0.0
  9
$ANGDIR
 70
     0
  9
$PDMODE
 70
     0
  9
$PDSIZE
 40
-1.0
  9
$PLINEWID
 40
0.0
  9
$SPLFRAME
 70
     0
  9
$SPLINETYPE
 70
     6
  9
$SPLINESEGS
 70
     8
  9
$HANDSEED
  5
4EF
  9
$SURFTAB1
 70
     6
  9
$SURFTAB2
 70
     6
  9
$SURFTYPE
 70
     6
  9
$SURFU
 70
     6
  9
$SURFV
 70
     6
  9
$UCSBASE
  2

  9
$UCSNAME
  2

  9
$UCSORG
 10
0.0
 20
0.0
 30
0.0
  9
$UCSXDIR
 10
1.0
 20
0.0
 30
0.0
  9
$UCSYDIR
 10
0.0
 20
1.0
 30
0.0
  9
$UCSORTHOREF
  2

  9
$UCSORTHOVIEW
 70
     0
  9
$UCSORGTOP
 10
0.0
 20
0.0
 30
0.0
  9
$UCSORGBOTTOM
 10
0.0
 20
0.0
 30
0.0
  9
$UCSORGLEFT
 10
0.0
 20
0.0
 30
0.0
  9
$UCSORGRIGHT
 10
0.0
 20
0.0
 30
0.0
  9
$UCSORGFRONT
 10
0.0
 20
0.0
 30
0.0
  9
$UCSORGBACK
 10
0.0
 20
0.0
 30
0.0
  9
$PUCSBASE
  2

  9
$PUCSNAME
  2

  9
$PUCSORG
 10
0.0
 20
0.0
 30
0.0
  9
$PUCSXDIR
 10
1.0
 20
0.0
 30
0.0
  9
$PUCSYDIR
 10
0.0
 20
1.0
 30
0.0
  9
$PUCSORTHOREF
  2

  9
$PUCSORTHOVIEW
 70
     0
  9
$PUCSORGTOP
 10
0.0
 20
0.0
 30
0.0
  9
$PUCSORGBOTTOM
 10
0.0
 20
0.0
 30
0.0
  9
$PUCSORGLEFT
 10
0.0
 20
0.0
 30
0.0
  9
$PUCSORGRIGHT
 10
0.0
 20
0.0
 30
0.0
  9
$PUCSORGFRONT
 10
0.0
 20
0.0
 30
0.0
  9
$PUCSORGBACK
 10
0.0
 20
0.0
 30
0.0
  9
$USERI1
 70
     0
  9
$USERI2
 70
     0
  9
$USERI3
 70
     0
  9
$USERI4
 70
     0
  9
$USERI5
 70
     0
  9
$USERR1
 40
0.0
  9
$USERR2
 40
0.0
  9
$USERR3
 40
0.0
  9
$USERR4
 40
0.0
  9
$USERR5
 40
0.0
  9
$WORLDVIEW
 70
     1
  9
$SHADEDGE
 70
     3
  9
$SHADEDIF
 70
    70
  9
$TILEMODE
 70
     0
  9
$MAXACTVP
 70
    64
  9
$PINSBASE
 10
0.0
 20
0.0
 30
0.0
  9
$PLIMCHECK
 70
     0
  9
$PEXTMIN
 10
0.0
 20
0.0
 30
0.0
  9
$PEXTMAX
 10
609.6
 20
457.2
 30
0.0
  9
$PLIMMIN
 10
0.0
 20
0.0
  9
$PLIMMAX
 10
609.6
 20
457.2
  9
$UNITMODE
 70
     0
  9
$VISRETAIN
 70
     1
  9
$PLINEGEN
 70
     0
  9
$PSLTSCALE
 70
     1
  9
$TREEDEPTH
 70
  3020
  9
$CMLSTYLE
  2
Standard
  9
$CMLJUST
 70
     0
  9
$CMLSCALE
 40
20.0
  9
$PROXYGRAPHICS
 70
     1
  9
$MEASUREMENT
 70
     1
  9
$CELWEIGHT
370
    -1
  9
$ENDCAPS
280
     0
  9
$JOINSTYLE
280
     0
  9
$LWDISPLAY
290
     1
  9
$INSUNITS
 70
     4
  9
$HYPERLINKBASE
  1

  9
$STYLESHEET
  1

  9
$XEDIT
290
     1
  9
$CEPSNTYPE
380
     0
  9
$PSTYLEMODE
290
     1
  9
$FINGERPRINTGUID
  2
{b0cdc4c0-db1f-4214-b6a9-64f3729e76bb}
  9
$VERSIONGUID
  2
{FAEB1C32-E019-11D5-929B-00C0DF256EC4}
  9
$EXTNAMES
290
     1
  9
$PSVPSCALE
 40
0.0
  9
$OLESTARTUP
290
     0
  0
ENDSEC
  0
SECTION
  2
CLASSES
  0
CLASS
  1
ACDBDICTIONARYWDFLT
  2
AcDbDictionaryWithDefault
  3
ObjectDBX Classes
 90
        0
280
     0
281
     0
  0
CLASS
  1
VISUALSTYLE
  2
AcDbVisualStyle
  3
ObjectDBX Classes
 90
     4095
280
     0
281
     0
  0
CLASS
  1
MATERIAL
  2
AcDbMaterial
  3
ObjectDBX Classes
 90
     1153
280
     0
281
     0
  0
CLASS
  1
SCALE
  2
AcDbScale
  3
ObjectDBX Classes
 90
     1153
280
     0
281
     0
  0
CLASS
  1
TABLESTYLE
  2
AcDbTableStyle
  3
ObjectDBX Classes
 90
     4095
280
     0
281
     0
  0
CLASS
  1
MLEADERSTYLE
  2
AcDbMLeaderStyle
  3
ACDB_MLEADERSTYLE_CLASS
 90
     4095
280
     0
281
     0
  0
CLASS
  1
SUN
  2
AcDbSun
  3
SCENEOE
 90
     1153
280
     0
281
     0
  0
CLASS
  1
ACDBPLACEHOLDER
  2
AcDbPlaceHolder
  3
ObjectDBX Classes
 90
        0
280
     0
281
     0
  0
CLASS
  1
LAYOUT
  2
AcDbLayout
  3
ObjectDBX Classes
 90
        0
280
     0
281
     0
  0
ENDSEC
  0
SECTION
  2
TABLES
  0
TABLE
  2
VPORT
  5
8
330
0
100
AcDbSymbolTable
 70
     1
  0
VPORT
  5
29
330
8
100
AcDbSymbolTableRecord
100
AcDbViewportTableRecord
  2
*Active
 70
     0
 10
0.0
 20
0.0
 11
1.0
 21
1.0
 12
304.8
 22
228.6
 13
0.0
 23
0.0
 14
10.0
 24
10.0
 15
10.0
 25
10.0
 16
0.0
 26
0.0
 36
1.0
 17
0.0
 27
0.0
 37
0.0
 40
457.2
 41
1.3333333333
 42
50.0
 43
0.0
 44
0.0
 50
0.0
 51
0.0
 71
     0
 72
  2000
 73
     1
 74
     3
 75
     0
 76
     0
 77
     0
 78
     0
281
     0
 65
     1
110
0.0
120
0.0
130
0.0
111
1.0
121
0.0
131
0.0
112
0.0
122
1.0
132
0.0
 79
     0
146
0.0
  0
ENDTAB
  0
TABLE
  2
LTYPE
  5
5
330
0
100
AcDbSymbolTable
 70
     6
  0
LTYPE
  5
14
330
5
100
AcDbSymbolTableRecord
100
AcDbLinetypeTableRecord
  2
ByBlock
 70
     0
  3

 72
    65
 73
     0
 40
0.0
  0
LTYPE
  5
15
330
5
100
AcDbSymbolTableRecord
100
AcDbLinetypeTableRecord
  2
ByLayer
 70
     0
  3

 72
    65
 73
     0
 40
0.0
  0
LTYPE
  5
16
330
5
100
AcDbSymbolTableRecord
100
AcDbLinetypeTableRecord
  2
Continuous
 70
     0
  3
Solid line
 72
    65
 73
     0
 40
0.0
  0
LTYPE
  5
5E
330
5
100
AcDbSymbolTableRecord
100
AcDbLinetypeTableRecord
  2
HIDDEN
 70
     0
  3
Hidden __ __ __ __ __ __ __ __ __ __ __ __ __ __
 72
    65
 73
     2
 40
1.905
 49
1.27
 74
     0
 49
-0.635
 74
     0
  0
LTYPE
  5
5F
330
5
100
AcDbSymbolTableRecord
100
AcDbLinetypeTableRecord
  2
PHANTOM
 70
     0
  3
Phantom ______  __  __  ______  __  __  ______
 72
    65
 73
     6
 40
12.7
 49
6.35
 74
     0
 49
-1.27
 74
     0
 49
1.27
 74
     0
 49
-1.27
 74
     0
 49
1.27
 74
     0
 49
-1.27
 74
     0
  0
LTYPE
  5
60
330
5
100
AcDbSymbolTableRecord
100
AcDbLinetypeTableRecord
  2
CENTER
 70
     0
  3
Center ____ _ ____ _ ____ _ ____ _ ____ _ ____
 72
    65
 73
     4
 40
10.16
 49
6.35
 74
     0
 49
-1.27
 74
     0
 49
1.27
 74
     0
 49
-1.27
 74
     0
  0
LTYPE
  5
61
330
5
100
AcDbSymbolTableRecord
100
AcDbLinetypeTableRecord
  2
CENTERX2
 70
     0
  3
Center (2x) ________  __  ________  __  _____
 72
    65
 73
     4
 40
20.32
 49
12.7
 74
     0
 49
-2.54
 74
     0
 49
2.54
 74
     0
 49
-2.54
 74
     0
  0
LTYPE
  5
62
330
5
100
AcDbSymbolTableRecord
100
AcDbLinetypeTableRecord
  2
DOT2
 70
     0
  3
Dot (.5x) ........................................
 72
    65
 73
     2
 40
0.635
 49
0.0
 74
     0
 49
-0.635
 74
     0
  0
ENDTAB
  0
TABLE
  2
LAYER
  5
2
330
0
100
AcDbSymbolTable
 70
     5
  0
LAYER
  5
10
330
2
100
AcDbSymbolTableRecord
100
AcDbLayerTableRecord
  2
0
 70
     0
 62
     7
  6
Continuous
370
    -3
390
F
  0
LAYER
  5
63
330
2
100
AcDbSymbolTableRecord
100
AcDbLayerTableRecord
  2
BORDER
 70
     0
 62
     7
  6
Continuous
370
    25
390
F
  0
LAYER
  5
64
330
2
100
AcDbSymbolTableRecord
100
AcDbLayerTableRecord
  2
MODÈLE
 70
     0
 62
   116
  6
Continuous
370
    -3
390
F
  0
LAYER
  5
65
330
2
100
AcDbSymbolTableRecord
100
AcDbLayerTableRecord
  2
DIM
 70
     0
 62
    -7
  6
Continuous
290
     0
370
    -3
390
F
  0
LAYER
  5
66
330
2
100
AcDbSymbolTableRecord
100
AcDbLayerTableRecord
  2
FRANCAIS
 70
     0
 62
     5
  6
Continuous
370
    -3
390
F
  0
ENDTAB
  0
TABLE
  2
STYLE
  5
3
330
0
100
AcDbSymbolTable
 70
     2
  0
STYLE
  5
11
330
3
100
AcDbSymbolTableRecord
100
AcDbTextStyleTableRecord
  2
Standard
 70
     0
 40
0.0
 41
1.0
 50
0.0
 71
     0
 42
3.5
  3
txt
  4

  0
STYLE
  5
2BC
330
3
100
AcDbSymbolTableRecord
100
AcDbTextStyleTableRecord
  2
SLDTEXTSTYLE0
 70
     0
 40
0.0
 41
0.7
 50
0.0
 71
     0
 42
3.5
  3
TXT
  4

  0
ENDTAB
  0
TABLE
  2
VIEW
  5
6
330
0
100
AcDbSymbolTable
 70
     0
  0
ENDTAB
  0
TABLE
  2
UCS
  5
7
330
0
100
AcDbSymbolTable
 70
     0
  0
ENDTAB
  0
TABLE
  2
APPID
  5
9
330
0
100
AcDbSymbolTable
 70
     1
  0
APPID
  5
12
330
9
100
AcDbSymbolTableRecord
100
AcDbRegAppTableRecord
  2
ACAD
 70
     0
  0
ENDTAB
  0
TABLE
  2
DIMSTYLE
  5
A
330
0
100
AcDbSymbolTable
 70
     1
100
AcDbDimStyleTable
  0
DIMSTYLE
105
27
330
A
100
AcDbSymbolTableRecord
100
AcDbDimStyleTableRecord
  2
ISO-25
 70
     0
 41
2.5
 42
0.625
 43
3.75
 44
1.25
 73
     0
 74
     0
 77
     1
 78
     8
140
2.5
141
2.5
143
0.0393700787
147
0.625
171
     3
172
     1
178
     0
271
     2
272
     2
274
     3
278
    44
283
     0
284
     8
340
11
  0
ENDTAB
  0
TABLE
  2
BLOCK_RECORD
  5
1
330
0
100
AcDbSymbolTable
 70
     0
  0
BLOCK_RECORD
  5
1F
330
1
100
AcDbSymbolTableRecord
100
AcDbBlockTableRecord
  2
*Model_Space
340
22
  0
BLOCK_RECORD
  5
1B
330
1
100
AcDbSymbolTableRecord
100
AcDbBlockTableRecord
  2
*Paper_Space
340
1E
  0
ENDTAB
  0
ENDSEC
  0
SECTION
  2
BLOCKS
  0
BLOCK
  5
20
330
1F
100
AcDbEntity
  8
0
100
AcDbBlockBegin
  2
*Model_Space
 70
     0
 10
0.0
 20
0.0
 30
0.0
  3
*Model_Space
  1

  0
ENDBLK
  5
21
330
1F
100
AcDbEntity
  8
0
100
AcDbBlockEnd
  0
BLOCK
  5
1C
330
1B
100
AcDbEntity
 67
     1
  8
0
100
AcDbBlockBegin
  2
*Paper_Space
 70
     0
 10
0.0
 20
0.0
 30
0.0
  3
*Paper_Space
  1

  0
ENDBLK
  5
1D
330
1B
100
AcDbEntity
 67
     1
  8
0
100
AcDbBlockEnd
  0
ENDSEC
  0
SECTION
  2
ENTITIES
  0
LINE
  5
67
330
1F
100
AcDbEntity
  8
DIM
100
AcDbLine
 10
270.2222654037
 20
18.4677585056
 30
0.0
 11
271.07895959
 21
7.7788905317
 31
0.0
  0
LINE
  5
68
330
1F
100
AcDbEntity
  8
DIM
100
AcDbLine
 10
252.1801457246
 20
9.9586584952
 30
0.0
 11
268.7501458
 21
9.9586584952
 31
0.0
  0
LINE
  5
69
330
1F
100
AcDbEntity
  8
DIM
100
AcDbLine
 10
234.4001457246
 20
9.9586584952
 30
0.0
 11
249.6801457246
 21
9.9586584952
 31
0.0
  0
LINE
  5
6A
330
1F
100
AcDbEntity
  8
DIM
100
AcDbLine
 10
214.6389457246
 20
9.9586584952
 30
0.0
 11
231.9001457246
 21
9.9586584952
 31
0.0
  0
LINE
  5
6B
330
1F
100
AcDbEntity
  8
DIM
100
AcDbLine
 10
175.2412632389
 20
9.9586584952
 30
0.0
 11
212.1389457246
 21
9.9586584952
 31
0.0
  0
LINE
  5
6C
330
1F
100
AcDbEntity
  8
DIM
100
AcDbLine
 10
149.7357635616
 20
9.9586584952
 30
0.0
 11
172.7412632389
 21
9.9586584952
 31
0.0
  0
LINE
  5
6D
330
1F
100
AcDbEntity
  8
DIM
100
AcDbLine
 10
149.7357635616
 20
9.9586584952
 30
0.0
 11
172.7412632389
 21
9.9586584952
 31
0.0
  0
LINE
  5
6E
330
1F
100
AcDbEntity
  8
0
  6
Continuous
 62
     7
370
    70
100
AcDbLine
 10
323.6635570951
 20
333.5751692308
 30
0.0
 11
318.4235570951
 21
333.5751692308
 31
0.0
  0
LINE
  5
6F
330
1F
100
AcDbEntity
  8
0
  6
Continuous
 62
     7
370
    70
100
AcDbLine
 10
323.6635570951
 20
324.5751692308
 30
0.0
 11
323.6635570951
 21
333.5751692308
 31
0.0
  0
LINE
  5
70
330
1F
100
AcDbEntity
  8
0
  6
Continuous
 62
     7
370
    70
100
AcDbLine
 10
323.6635570951
 20
324.5751692308
 30
0.0
 11
318.4235570951
 21
324.5751692308
 31
0.0
  0
ARC
  5
71
330
1F
100
AcDbEntity
  8
0
  6
Continuous
 62
     7
370
    70
100
AcDbCircle
 10
318.4235570951
 20
323.8251692308
 30
0.0
 40
0.7500000000000568
100
AcDbArc
 50
90.0
 51
270.0
  0
LINE
  5
72
330
1F
100
AcDbEntity
  8
0
  6
Continuous
 62
     7
370
    70
100
AcDbLine
 10
318.4235570951
 20
323.0751692308
 30
0.0
 11
318.4235570951
 21
277.0751692308
 31
0.0
  0
ARC
  5
73
330
1F
100
AcDbEntity
  8
0
  6
Continuous
 62
     7
370
    70
100
AcDbCircle
 10
318.4235570951
 20
276.3251692308
 30
0.0
 40
0.75
100
AcDbArc
 50
90.0
 51
270.0
  0
LINE
  5
74
330
1F
100
AcDbEntity
  8
0
  6
Continuous
 62
     7
370
    70
100
AcDbLine
 10
318.4235570951
 20
275.5751692308
 30
0.0
 11
323.6635570951
 21
275.5751692308
 31
0.0
  0
LINE
  5
75
330
1F
100
AcDbEntity
  8
0
  6
Continuous
 62
     7
370
    70
100
AcDbLine
 10
323.6635570951
 20
275.5751692308
 30
0.0
 11
323.6635570951
 21
266.5751692308
 31
0.0
  0
LINE
  5
76
330
1F
100
AcDbEntity
  8
0
  6
Continuous
 62
     7
370
    70
100
AcDbLine
 10
318.4235570951
 20
266.5751692308
 30
0.0
 11
323.6635570951
 21
266.5751692308
 31
0.0
  0
ARC
  5
77
330
1F
100
AcDbEntity
  8
0
  6
Continuous
 62
     7
370
    70
100
AcDbCircle
 10
318.4235570951
 20
265.8251692308
 30
0.0
 40
0.75
100
AcDbArc
 50
90.0
 51
270.0
  0
LINE
  5
78
330
1F
100
AcDbEntity
  8
0
  6
Continuous
 62
     7
370
    70
100
AcDbLine
 10
318.4235570951
 20
265.0751692308
 30
0.0
 11
318.4235570951
 21
262.9975692308
 31
0.0
  0
LINE
  5
79
330
1F
100
AcDbEntity
  8
0
  6
Continuous
 62
     7
370
    70
100
AcDbLine
 10
312.9548070951
 20
262.9975692308
 30
0.0
 11
318.4235570951
 21
262.9975692308
 31
0.0
  0
LINE
  5
7A
330
1F
100
AcDbEntity
  8
0
  6
Continuous
 62
     7
370
    70
100
AcDbLine
 10
312.9548070951
 20
264.0001692308
 30
0.0
 11
312.9548070951
 21
262.9975692308
 31
0.0
  0
ARC
  5
7B
330
1F
100
AcDbEntity
  8
0
  6
Continuous
 62
     7
370
    70
100
AcDbCircle
 10
312.9548070951
 20
264.7501692308
 30
0.0
 40
0.75
100
AcDbArc
 50
270.0
 51
180.0
  0
LINE
  5
7C
330
1F
100
AcDbEntity
  8
0
  6
Continuous
 62
     7
370
    70
100
AcDbLine
 10
311.3235570951
 20
264.7501692308
 30
0.0
 11
312.2048070951
 21
264.7501692308
 31
0.0
  0
ARC
  5
7D
330
1F
100
AcDbEntity
  8
0
  6
Continuous
 62
     7
370
    70
100
AcDbCircle
 10
310.5735570951
 20
264.7501692308
 30
0.0
 40
0.7499999999999432
100
AcDbArc
 50
0.0
 51
270.0
  0
LINE
  5
7E
330
1F
100
AcDbEntity
  8
0
  6
Continuous
 62
     7
370
    70
100
AcDbLine
 10
310.5735570951
 20
262.9975692308
 30
0.0
 11
310.5735570951
 21
264.0001692308
 31
0.0
  0
LINE
  5
7F
330
1F
100
AcDbEntity
  8
0
  6
Continuous
 62
     7
370
    70
100
AcDbLine
 10
309.3235570951
 20
262.9975692308
 30
0.0
 11
310.5735570951
 21
262.9975692308
 31
0.0
  0
ARC
  5
80
330
1F
100
AcDbEntity
  8
0
  6
Continuous
 62
     7
370
    70
100
AcDbCircle
 10
308.5735570951
 20
262.9975692308
 30
0.0
 40
0.7499999999999432
100
AcDbArc
 50
0.0
 51
270.0
  0
LINE
  5
81
330
1F
100
AcDbEntity
  8
0
  6
Continuous
 62
     7
370
    70
100
AcDbLine
 10
308.5735570951
 20
260.9027692308
 30
0.0
 11
308.5735570951
 21
262.2475692308
 31
0.0
  0
ARC
  5
82
330
1F
100
AcDbEntity
  8
0
  6
Continuous
 62
     7
370
    70
100
AcDbCircle
 10
308.5735570951
 20
260.1527692308
 30
0.0
 40
0.75
100
AcDbArc
 50
90.0
 51
0.0
  0
LINE
  5
83
330
1F
100
AcDbEntity
  8
0
  6
Continuous
 62
     7
370
    70
100
AcDbLine
 10
310.5735570951
 20
260.1527692308
 30
0.0
 11
309.3235570951
 21
260.1527692308
 31
0.0
  0
LINE
  5
84
330
1F
100
AcDbEntity
  8
0
  6
Continuous
 62
     7
370
    70
100
AcDbLine
 10
310.5735570951
 20
259.1501692308
 30
0.0
 11
310.5735570951
 21
260.1527692308
 31
0.0
  0
ARC
  5
85
330
1F
100
AcDbEntity
  8
0
  6
Continuous
 62
     7
370
    70
100
AcDbCircle
 10
310.5735570951
 20
258.4001692308
 30
0.0
 40
0.7500000000000568
100
AcDbArc
 50
90.0
 51
0.0
  0
LINE
  5
86
330
1F
100
AcDbEntity
  8
0
  6
Continuous
 62
     7
370
    70
100
AcDbLine
 10
312.2048070951
 20
258.4001692308
 30
0.0
 11
311.3235570951
 21
258.4001692308
 31
0.0
  0
ARC
  5
87
330
1F
100
AcDbEntity
  8
0
  6
Continuous
 62
     7
370
    70
100
AcDbCircle
 10
312.9548070951
 20
258.4001692308
 30
0.0
 40
0.7500000000000568
100
AcDbArc
 50
180.0
 51
90.0
  0
LINE
  5
88
330
1F
100
AcDbEntity
  8
0
  6
Continuous
 62
     7
370
    70
100
AcDbLine
 10
312.9548070951
 20
260.1527692308
 30
0.0
 11
312.9548070951
 21
259.1501692308
 31
0.0
  0
LINE
  5
89
330
1F
100
AcDbEntity
  8
0
  6
Continuous
 62
     7
370
    70
100
AcDbLine
 10
318.4235570951
 20
260.1527692308
 30
0.0
 11
312.9548070951
 21
260.1527692308
 31
0.0
  0
LINE
  5
8A
330
1F
100
AcDbEntity
  8
0
  6
Continuous
 62
     7
370
    70
100
AcDbLine
 10
318.4235570951
 20
260.1527692308
 30
0.0
 11
318.4235570951
 21
258.0751692308
 31
0.0
  0
ARC
  5
8B
330
1F
100
AcDbEntity
  8
0
  6
Continuous
 62
     7
370
    70
100
AcDbCircle
 10
318.4235570951
 20
257.3251692308
 30
0.0
 40
0.75
100
AcDbArc
 50
90.0
 51
270.0
  0
LINE
  5
8C
330
1F
100
AcDbEntity
  8
0
  6
Continuous
 62
     7
370
    70
100
AcDbLine
 10
318.4235570951
 20
256.5751692308
 30
0.0
 11
323.6635570951
 21
256.5751692308
 31
0.0
  0
LINE
  5
8D
330
1F
100
AcDbEntity
  8
0
  6
Continuous
 62
     7
370
    70
100
AcDbLine
 10
323.6635570951
 20
247.5751692308
 30
0.0
 11
323.6635570951
 21
256.5751692308
 31
0.0
  0
LINE
  5
8E
330
1F
100
AcDbEntity
  8
0
  6
Continuous
 62
     7
370
    70
100
AcDbLine
 10
318.4235570951
 20
247.5751692308
 30
0.0
 11
323.6635570951
 21
247.5751692308
 31
0.0
  0
ARC
  5
8F
330
1F
100
AcDbEntity
  8
0
  6
Continuous
 62
     7
370
    70
100
AcDbCircle
 10
318.4235570951
 20
246.8251692308
 30
0.0
 40
0.7500000000000284
100
AcDbArc
 50
90.0
 51
270.0
  0
LINE
  5
90
330
1F
100
AcDbEntity
  8
0
  6
Continuous
 62
     7
370
    70
100
AcDbLine
 10
318.4235570951
 20
246.0751692308
 30
0.0
 11
318.4235570951
 21
242.5751692308
 31
0.0
  0
LINE
  5
91
330
1F
100
AcDbEntity
  8
0
  6
Continuous
 62
     7
370
    70
100
AcDbLine
 10
299.4235570951
 20
242.5751692308
 30
0.0
 11
318.4235570951
 21
242.5751692308
 31
0.0
  0
ARC
  5
92
330
1F
100
AcDbEntity
  8
0
  6
Continuous
 62
     7
370
    70
100
AcDbCircle
 10
299.4235570951
 20
248.5751692308
 30
0.0
 40
6.000000000000028
100
AcDbArc
 50
180.0
 51
270.0
  0
LINE
  5
93
330
1F
100
AcDbEntity
  8
0
  6
Continuous
 62
     7
370
    70
100
AcDbLine
 10
293.4235570951
 20
391.5751692308
 30
0.0
 11
293.4235570951
 21
248.5751692308
 31
0.0
  0
ARC
  5
94
330
1F
100
AcDbEntity
  8
0
  6
Continuous
 62
     7
370
    70
100
AcDbCircle
 10
299.4235570951
 20
391.5751692308
 30
0.0
 40
6.0
100
AcDbArc
 50
90.0
 51
180.0
  0
LINE
  5
95
330
1F
100
AcDbEntity
  8
0
  6
Continuous
 62
     7
370
    70
100
AcDbLine
 10
299.4235570951
 20
397.5751692308
 30
0.0
 11
318.4235570951
 21
397.5751692308
 31
0.0
  0
LINE
  5
96
330
1F
100
AcDbEntity
  8
0
  6
Continuous
 62
     7
370
    70
100
AcDbLine
 10
318.4235570951
 20
397.5751692308
 30
0.0
 11
318.4235570951
 21
392.5751692308
 31
0.0
  0
LINE
  5
97
330
1F
100
AcDbEntity
  8
0
  6
Continuous
 62
     7
370
    70
100
AcDbLine
 10
312.9548070951
 20
392.5751692308
 30
0.0
 11
318.4235570951
 21
392.5751692308
 31
0.0
  0
LINE
  5
98
330
1F
100
AcDbEntity
  8
0
  6
Continuous
 62
     7
370
    70
100
AcDbLine
 10
312.9548070951
 20
393.5777692308
 30
0.0
 11
312.9548070951
 21
392.5751692308
 31
0.0
  0
ARC
  5
99
330
1F
100
AcDbEntity
  8
0
  6
Continuous
 62
     7
370
    70
100
AcDbCircle
 10
312.9548070951
 20
394.3277692308
 30
0.0
 40
0.7500000000000568
100
AcDbArc
 50
270.0
 51
180.0
  0
LINE
  5
9A
330
1F
100
AcDbEntity
  8
0
  6
Continuous
 62
     7
370
    70
100
AcDbLine
 10
311.3235570951
 20
394.3277692308
 30
0.0
 11
312.2048070951
 21
394.3277692308
 31
0.0
  0
ARC
  5
9B
330
1F
100
AcDbEntity
  8
0
  6
Continuous
 62
     7
370
    70
100
AcDbCircle
 10
310.5735570951
 20
394.3277692308
 30
0.0
 40
0.7499999999999432
100
AcDbArc
 50
0.0
 51
270.0
  0
LINE
  5
9C
330
1F
100
AcDbEntity
  8
0
  6
Continuous
 62
     7
370
    70
100
AcDbLine
 10
310.5735570951
 20
392.5751692308
 30
0.0
 11
310.5735570951
 21
393.5777692308
 31
0.0
  0
LINE
  5
9D
330
1F
100
AcDbEntity
  8
0
  6
Continuous
 62
     7
370
    70
100
AcDbLine
 10
309.3235570951
 20
392.5751692308
 30
0.0
 11
310.5735570951
 21
392.5751692308
 31
0.0
  0
ARC
  5
9E
330
1F
100
AcDbEntity
  8
0
  6
Continuous
 62
     7
370
    70
100
AcDbCircle
 10
308.5735570951
 20
392.5751692308
 30
0.0
 40
0.7499999999999432
100
AcDbArc
 50
0.0
 51
270.0
  0
LINE
  5
9F
330
1F
100
AcDbEntity
  8
0
  6
Continuous
 62
     7
370
    70
100
AcDbLine
 10
308.5735570951
 20
390.4803692308
 30
0.0
 11
308.5735570951
 21
391.8251692308
 31
0.0
  0
ARC
  5
A0
330
1F
100
AcDbEntity
  8
0
  6
Continuous
 62
     7
370
    70
100
AcDbCircle
 10
308.5735570951
 20
389.7303692308
 30
0.0
 40
0.7499999999999432
100
AcDbArc
 50
90.0
 51
0.0
  0
LINE
  5
A1
330
1F
100
AcDbEntity
  8
0
  6
Continuous
 62
     7
370
    70
100
AcDbLine
 10
310.5735570951
 20
389.7303692308
 30
0.0
 11
309.3235570951
 21
389.7303692308
 31
0.0
  0
LINE
  5
A2
330
1F
100
AcDbEntity
  8
0
  6
Continuous
 62
     7
370
    70
100
AcDbLine
 10
310.5735570951
 20
388.7277692308
 30
0.0
 11
310.5735570951
 21
389.7303692308
 31
0.0
  0
ARC
  5
A3
330
1F
100
AcDbEntity
  8
0
  6
Continuous
 62
     7
370
    70
100
AcDbCircle
 10
310.5735570951
 20
387.9777692308
 30
0.0
 40
0.75
100
AcDbArc
 50
90.0
 51
0.0
  0
LINE
  5
A4
330
1F
100
AcDbEntity
  8
0
  6
Continuous
 62
     7
370
    70
100
AcDbLine
 10
312.2048070951
 20
387.9777692308
 30
0.0
 11
311.3235570951
 21
387.9777692308
 31
0.0
  0
ARC
  5
A5
330
1F
100
AcDbEntity
  8
0
  6
Continuous
 62
     7
370
    70
100
AcDbCircle
 10
312.9548070951
 20
387.9777692308
 30
0.0
 40
0.75
100
AcDbArc
 50
180.0
 51
90.0
  0
LINE
  5
A6
330
1F
100
AcDbEntity
  8
0
  6
Continuous
 62
     7
370
    70
100
AcDbLine
 10
312.9548070951
 20
389.7303692308
 30
0.0
 11
312.9548070951
 21
388.7277692308
 31
0.0
  0
LINE
  5
A7
330
1F
100
AcDbEntity
  8
0
  6
Continuous
 62
     7
370
    70
100
AcDbLine
 10
318.4235570951
 20
389.7303692308
 30
0.0
 11
312.9548070951
 21
389.7303692308
 31
0.0
  0
LINE
  5
A8
330
1F
100
AcDbEntity
  8
0
  6
Continuous
 62
     7
370
    70
100
AcDbLine
 10
318.4235570951
 20
389.7303692308
 30
0.0
 11
318.4235570951
 21
387.6527692308
 31
0.0
  0
ARC
  5
A9
330
1F
100
AcDbEntity
  8
0
  6
Continuous
 62
     7
370
    70
100
AcDbCircle
 10
318.4235570951
 20
386.9027692308
 30
0.0
 40
0.7500000000000568
100
AcDbArc
 50
90.0
 51
270.0
  0
LINE
  5
AA
330
1F
100
AcDbEntity
  8
0
  6
Continuous
 62
     7
370
    70
100
AcDbLine
 10
318.4235570951
 20
386.1527692308
 30
0.0
 11
323.6635570951
 21
386.1527692308
 31
0.0
  0
LINE
  5
AB
330
1F
100
AcDbEntity
  8
0
  6
Continuous
 62
     7
370
    70
100
AcDbLine
 10
323.6635570951
 20
377.1527692308
 30
0.0
 11
323.6635570951
 21
386.1527692308
 31
0.0
  0
LINE
  5
AC
330
1F
100
AcDbEntity
  8
0
  6
Continuous
 62
     7
370
    70
100
AcDbLine
 10
318.4235570951
 20
377.1527692308
 30
0.0
 11
323.6635570951
 21
377.1527692308
 31
0.0
  0
ARC
  5
AD
330
1F
100
AcDbEntity
  8
0
  6
Continuous
 62
     7
370
    70
100
AcDbCircle
 10
318.4235570951
 20
376.4027692308
 30
0.0
 40
0.75
100
AcDbArc
 50
90.0
 51
270.0
  0
LINE
  5
AE
330
1F
100
AcDbEntity
  8
0
  6
Continuous
 62
     7
370
    70
100
AcDbLine
 10
318.4235570951
 20
375.6527692308
 30
0.0
 11
318.4235570951
 21
354.0751692308
 31
0.0
  0
ARC
  5
AF
330
1F
100
AcDbEntity
  8
0
  6
Continuous
 62
     7
370
    70
100
AcDbCircle
 10
318.4235570951
 20
353.3251692308
 30
0.0
 40
0.7500000000000568
100
AcDbArc
 50
90.0
 51
270.0
  0
LINE
  5
B0
330
1F
100
AcDbEntity
  8
0
  6
Continuous
 62
     7
370
    70
100
AcDbLine
 10
323.6635570951
 20
352.5751692308
 30
0.0
 11
318.4235570951
 21
352.5751692308
 31
0.0
  0
LINE
  5
B1
330
1F
100
AcDbEntity
  8
0
  6
Continuous
 62
     7
370
    70
100
AcDbLine
 10
323.6635570951
 20
343.5751692308
 30
0.0
 11
323.6635570951
 21
352.5751692308
 31
0.0
  0
LINE
  5
B2
330
1F
100
AcDbEntity
  8
0
  6
Continuous
 62
     7
370
    70
100
AcDbLine
 10
323.6635570951
 20
343.5751692308
 30
0.0
 11
318.4235570951
 21
343.5751692308
 31
0.0
  0
ARC
  5
B3
330
1F
100
AcDbEntity
  8
0
  6
Continuous
 62
     7
370
    70
100
AcDbCircle
 10
318.4235570951
 20
342.8251692308
 30
0.0
 40
0.75
100
AcDbArc
 50
90.0
 51
270.0
  0
LINE
  5
B4
330
1F
100
AcDbEntity
  8
0
  6
Continuous
 62
     7
370
    70
100
AcDbLine
 10
318.4235570951
 20
342.0751692308
 30
0.0
 11
318.4235570951
 21
339.9975692308
 31
0.0
  0
LINE
  5
B5
330
1F
100
AcDbEntity
  8
0
  6
Continuous
 62
     7
370
    70
100
AcDbLine
 10
312.9548070951
 20
339.9975692308
 30
0.0
 11
318.4235570951
 21
339.9975692308
 31
0.0
  0
LINE
  5
B6
330
1F
100
AcDbEntity
  8
0
  6
Continuous
 62
     7
370
    70
100
AcDbLine
 10
312.9548070951
 20
341.0001692308
 30
0.0
 11
312.9548070951
 21
339.9975692308
 31
0.0
  0
ARC
  5
B7
330
1F
100
AcDbEntity
  8
0
  6
Continuous
 62
     7
370
    70
100
AcDbCircle
 10
312.9548070951
 20
341.7501692308
 30
0.0
 40
0.7500000000000568
100
AcDbArc
 50
270.0
 51
180.0
  0
LINE
  5
B8
330
1F
100
AcDbEntity
  8
0
  6
Continuous
 62
     7
370
    70
100
AcDbLine
 10
311.3235570951
 20
341.7501692308
 30
0.0
 11
312.2048070951
 21
341.7501692308
 31
0.0
  0
ARC
  5
B9
330
1F
100
AcDbEntity
  8
0
  6
Continuous
 62
     7
370
    70
100
AcDbCircle
 10
310.5735570951
 20
341.7501692308
 30
0.0
 40
0.7500000000000568
100
AcDbArc
 50
0.0
 51
270.0
  0
LINE
  5
BA
330
1F
100
AcDbEntity
  8
0
  6
Continuous
 62
     7
370
    70
100
AcDbLine
 10
310.5735570951
 20
339.9975692308
 30
0.0
 11
310.5735570951
 21
341.0001692308
 31
0.0
  0
LINE
  5
BB
330
1F
100
AcDbEntity
  8
0
  6
Continuous
 62
     7
370
    70
100
AcDbLine
 10
309.3235570951
 20
339.9975692308
 30
0.0
 11
310.5735570951
 21
339.9975692308
 31
0.0
  0
ARC
  5
BC
330
1F
100
AcDbEntity
  8
0
  6
Continuous
 62
     7
370
    70
100
AcDbCircle
 10
308.5735570951
 20
339.9975692308
 30
0.0
 40
0.75
100
AcDbArc
 50
0.0
 51
270.0
  0
LINE
  5
BD
330
1F
100
AcDbEntity
  8
0
  6
Continuous
 62
     7
370
    70
100
AcDbLine
 10
308.5735570951
 20
337.9027692308
 30
0.0
 11
308.5735570951
 21
339.2475692308
 31
0.0
  0
ARC
  5
BE
330
1F
100
AcDbEntity
  8
0
  6
Continuous
 62
     7
370
    70
100
AcDbCircle
 10
308.5735570951
 20
337.1527692308
 30
0.0
 40
0.7500000000000568
100
AcDbArc
 50
90.0
 51
0.0
  0
LINE
  5
BF
330
1F
100
AcDbEntity
  8
0
  6
Continuous
 62
     7
370
    70
100
AcDbLine
 10
310.5735570951
 20
337.1527692308
 30
0.0
 11
309.3235570951
 21
337.1527692308
 31
0.0
  0
LINE
  5
C0
330
1F
100
AcDbEntity
  8
0
  6
Continuous
 62
     7
370
    70
100
AcDbLine
 10
310.5735570951
 20
336.1501692308
 30
0.0
 11
310.5735570951
 21
337.1527692308
 31
0.0
  0
ARC
  5
C1
330
1F
100
AcDbEntity
  8
0
  6
Continuous
 62
     7
370
    70
100
AcDbCircle
 10
310.5735570951
 20
335.4001692308
 30
0.0
 40
0.75
100
AcDbArc
 50
90.0
 51
0.0
  0
LINE
  5
C2
330
1F
100
AcDbEntity
  8
0
  6
Continuous
 62
     7
370
    70
100
AcDbLine
 10
312.2048070951
 20
335.4001692308
 30
0.0
 11
311.3235570951
 21
335.4001692308
 31
0.0
  0
ARC
  5
C3
330
1F
100
AcDbEntity
  8
0
  6
Continuous
 62
     7
370
    70
100
AcDbCircle
 10
312.9548070951
 20
335.4001692308
 30
0.0
 40
0.75
100
AcDbArc
 50
180.0
 51
90.0
  0
LINE
  5
C4
330
1F
100
AcDbEntity
  8
0
  6
Continuous
 62
     7
370
    70
100
AcDbLine
 10
312.9548070951
 20
337.1527692308
 30
0.0
 11
312.9548070951
 21
336.1501692308
 31
0.0
  0
LINE
  5
C5
330
1F
100
AcDbEntity
  8
0
  6
Continuous
 62
     7
370
    70
100
AcDbLine
 10
318.4235570951
 20
337.1527692308
 30
0.0
 11
312.9548070951
 21
337.1527692308
 31
0.0
  0
LINE
  5
C6
330
1F
100
AcDbEntity
  8
0
  6
Continuous
 62
     7
370
    70
100
AcDbLine
 10
318.4235570951
 20
337.1527692308
 30
0.0
 11
318.4235570951
 21
335.0751692308
 31
0.0
  0
ARC
  5
C7
330
1F
100
AcDbEntity
  8
0
  6
Continuous
 62
     7
370
    70
100
AcDbCircle
 10
318.4235570951
 20
334.3251692308
 30
0.0
 40
0.75
100
AcDbArc
 50
90.0
 51
270.0
  0
ARC
  5
C8
330
1F
100
AcDbEntity
  8
0
  6
Continuous
 62
     7
370
    70
100
AcDbCircle
 10
303.4235570951
 20
351.5751692308
 30
0.0
 40
3.0
100
AcDbArc
 50
180.0
 51
270.0
  0
LINE
  5
C9
330
1F
100
AcDbEntity
  8
0
  6
Continuous
 62
     7
370
    70
100
AcDbLine
 10
303.4235570951
 20
348.5751692308
 30
0.0
 11
309.4235570951
 21
348.5751692308
 31
0.0
  0
ARC
  5
CA
330
1F
100
AcDbEntity
  8
0
  6
Continuous
 62
     7
370
    70
100
AcDbCircle
 10
309.4235570951
 20
351.5751692308
 30
0.0
 40
3.0
100
AcDbArc
 50
270.0
 51
0.0
  0
LINE
  5
CB
330
1F
100
AcDbEntity
  8
0
  6
Continuous
 62
     7
370
    70
100
AcDbLine
 10
312.4235570951
 20
351.5751692308
 30
0.0
 11
312.4235570951
 21
375.5751692308
 31
0.0
  0
ARC
  5
CC
330
1F
100
AcDbEntity
  8
0
  6
Continuous
 62
     7
370
    70
100
AcDbCircle
 10
309.4235570951
 20
375.5751692308
 30
0.0
 40
3.0
100
AcDbArc
 50
0.0
 51
90.0
  0
LINE
  5
CD
330
1F
100
AcDbEntity
  8
0
  6
Continuous
 62
     7
370
    70
100
AcDbLine
 10
309.4235570951
 20
378.5751692308
 30
0.0
 11
303.4235570951
 21
378.5751692308
 31
0.0
  0
ARC
  5
CE
330
1F
100
AcDbEntity
  8
0
  6
Continuous
 62
     7
370
    70
100
AcDbCircle
 10
303.4235570951
 20
375.5751692308
 30
0.0
 40
3.0
100
AcDbArc
 50
90.0
 51
180.0
  0
LINE
  5
CF
330
1F
100
AcDbEntity
  8
0
  6
Continuous
 62
     7
370
    70
100
AcDbLine
 10
300.4235570951
 20
375.5751692308
 30
0.0
 11
300.4235570951
 21
351.5751692308
 31
0.0
  0
ARC
  5
D0
330
1F
100
AcDbEntity
  8
0
  6
Continuous
 62
     7
370
    70
100
AcDbCircle
 10
309.4235570951
 20
278.5751692308
 30
0.0
 40
3.0
100
AcDbArc
 50
270.0
 51
0.0
  0
LINE
  5
D1
330
1F
100
AcDbEntity
  8
0
  6
Continuous
 62
     7
370
    70
100
AcDbLine
 10
312.4235570951
 20
278.5751692308
 30
0.0
 11
312.4235570951
 21
309.5751692308
 31
0.0
  0
ARC
  5
D2
330
1F
100
AcDbEntity
  8
0
  6
Continuous
 62
     7
370
    70
100
AcDbCircle
 10
309.4235570951
 20
309.5751692308
 30
0.0
 40
3.0
100
AcDbArc
 50
0.0
 51
90.0
  0
LINE
  5
D3
330
1F
100
AcDbEntity
  8
0
  6
Continuous
 62
     7
370
    70
100
AcDbLine
 10
309.4235570951
 20
312.5751692308
 30
0.0
 11
303.4235570951
 21
312.5751692308
 31
0.0
  0
ARC
  5
D4
330
1F
100
AcDbEntity
  8
0
  6
Continuous
 62
     7
370
    70
100
AcDbCircle
 10
303.4235570951
 20
309.5751692308
 30
0.0
 40
3.0
100
AcDbArc
 50
90.0
 51
180.0
  0
LINE
  5
D5
330
1F
100
AcDbEntity
  8
0
  6
Continuous
 62
     7
370
    70
100
AcDbLine
 10
300.4235570951
 20
309.5751692308
 30
0.0
 11
300.4235570951
 21
278.5751692308
 31
0.0
  0
ARC
  5
D6
330
1F
100
AcDbEntity
  8
0
  6
Continuous
 62
     7
370
    70
100
AcDbCircle
 10
303.4235570951
 20
278.5751692308
 30
0.0
 40
3.0
100
AcDbArc
 50
180.0
 51
270.0
  0
LINE
  5
D7
330
1F
100
AcDbEntity
  8
0
  6
Continuous
 62
     7
370
    70
100
AcDbLine
 10
303.4235570951
 20
275.5751692308
 30
0.0
 11
309.4235570951
 21
275.5751692308
 31
0.0
  0
CIRCLE
  5
D8
330
1F
100
AcDbEntity
  8
0
  6
Continuous
 62
     7
370
    70
100
AcDbCircle
 10
299.4235570951
 20
248.5751692308
 30
0.0
 40
2.318000000000012
  0
ARC
  5
D9
330
1F
100
AcDbEntity
  8
0
  6
Continuous
 62
     7
370
    70
100
AcDbCircle
 10
296.4235570951
 20
325.3151692308
 30
0.0
 40
0.75
100
AcDbArc
 50
53.7562795042
 51
270.0
  0
ARC
  5
DA
330
1F
100
AcDbEntity
  8
0
  6
Continuous
 62
     7
370
    70
100
AcDbCircle
 10
296.4235570951
 20
320.0751692308
 30
0.0
 40
0.75
100
AcDbArc
 50
90.0
 51
306.2437204958
  0
ARC
  5
DB
330
1F
100
AcDbEntity
  8
0
  6
Continuous
 62
     7
370
    70
100
AcDbCircle
 10
299.1735570951
 20
316.3237803419
 30
0.0
 40
3.901388888888887
100
AcDbArc
 50
53.7562795042
 51
126.2437204958
  0
ARC
  5
DC
330
1F
100
AcDbEntity
  8
0
  6
Continuous
 62
     7
370
    70
100
AcDbCircle
 10
301.9235570951
 20
320.0751692308
 30
0.0
 40
0.7499999999999859
100
AcDbArc
 50
233.7562795042
 51
90.0
  0
LINE
  5
DD
330
1F
100
AcDbEntity
  8
0
  6
Continuous
 62
     7
370
    70
100
AcDbLine
 10
301.9235570951
 20
320.8251692308
 30
0.0
 11
301.9235570951
 21
324.5651692308
 31
0.0
  0
ARC
  5
DE
330
1F
100
AcDbEntity
  8
0
  6
Continuous
 62
     7
370
    70
100
AcDbCircle
 10
301.9235570951
 20
325.3151692308
 30
0.0
 40
0.75
100
AcDbArc
 50
270.0
 51
126.2437204958
  0
ARC
  5
DF
330
1F
100
AcDbEntity
  8
0
  6
Continuous
 62
     7
370
    70
100
AcDbCircle
 10
299.1735570951
 20
329.0665581197
 30
0.0
 40
3.901388888888887
100
AcDbArc
 50
233.7562795042
 51
306.2437204958
  0
ARC
  5
E0
330
1F
100
AcDbEntity
  8
0
  6
Continuous
 62
     7
370
    70
100
AcDbCircle
 10
309.9235570951
 20
325.3151692308
 30
0.0
 40
0.75
100
AcDbArc
 50
53.7562795042
 51
270.0
  0
LINE
  5
E1
330
1F
100
AcDbEntity
  8
0
  6
Continuous
 62
     7
370
    70
100
AcDbLine
 10
309.9235570951
 20
324.5651692308
 30
0.0
 11
309.9235570951
 21
320.8251692308
 31
0.0
  0
ARC
  5
E2
330
1F
100
AcDbEntity
  8
0
  6
Continuous
 62
     7
370
    70
100
AcDbCircle
 10
309.9235570951
 20
320.0751692308
 30
0.0
 40
0.75
100
AcDbArc
 50
90.0
 51
306.2437204958
  0
ARC
  5
E3
330
1F
100
AcDbEntity
  8
0
  6
Continuous
 62
     7
370
    70
100
AcDbCircle
 10
312.6735570951
 20
316.3237803419
 30
0.0
 40
3.901388888888887
100
AcDbArc
 50
53.7562795042
 51
126.2437204958
  0
ARC
  5
E4
330
1F
100
AcDbEntity
  8
0
  6
Continuous
 62
     7
370
    70
100
AcDbCircle
 10
315.4235570951
 20
320.0751692308
 30
0.0
 40
0.7499999999999859
100
AcDbArc
 50
233.7562795042
 51
90.0
  0
LINE
  5
E5
330
1F
100
AcDbEntity
  8
0
  6
Continuous
 62
     7
370
    70
100
AcDbLine
 10
315.4235570951
 20
320.8251692308
 30
0.0
 11
315.4235570951
 21
324.5651692308
 31
0.0
  0
ARC
  5
E6
330
1F
100
AcDbEntity
  8
0
  6
Continuous
 62
     7
370
    70
100
AcDbCircle
 10
315.4235570951
 20
325.3151692308
 30
0.0
 40
0.75
100
AcDbArc
 50
270.0
 51
126.2437204958
  0
ARC
  5
E7
330
1F
100
AcDbEntity
  8
0
  6
Continuous
 62
     7
370
    70
100
AcDbCircle
 10
312.6735570951
 20
329.0665581197
 30
0.0
 40
3.901388888888887
100
AcDbArc
 50
233.7562795042
 51
306.2437204958
  0
CIRCLE
  5
E8
330
1F
100
AcDbEntity
  8
0
  6
Continuous
 62
     7
370
    70
100
AcDbCircle
 10
305.9235570951
 20
322.6951692308
 30
0.0
 40
1.422399999999982
  0
LINE
  5
E9
330
1F
100
AcDbEntity
  8
0
  6
Continuous
 62
     7
370
    70
100
AcDbLine
 10
296.4235570951
 20
324.5651692308
 30
0.0
 11
296.4235570951
 21
320.8251692308
 31
0.0
  0
LINE
  5
EA
330
1F
100
AcDbEntity
  8
0
  6
Continuous
 62
     7
370
    70
100
AcDbLine
 10
27.1450812231
 20
337.1527692308
 30
0.0
 11
27.1450812231
 21
335.0751692308
 31
0.0
  0
LINE
  5
EB
330
1F
100
AcDbEntity
  8
0
  6
Continuous
 62
     7
370
    70
100
AcDbLine
 10
27.1450812231
 20
337.1527692308
 30
0.0
 11
32.6138312231
 21
337.1527692308
 31
0.0
  0
LINE
  5
EC
330
1F
100
AcDbEntity
  8
0
  6
Continuous
 62
     7
370
    70
100
AcDbLine
 10
32.6138312231
 20
337.1527692308
 30
0.0
 11
32.6138312231
 21
336.1501692308
 31
0.0
  0
ARC
  5
ED
330
1F
100
AcDbEntity
  8
0
  6
Continuous
 62
     7
370
    70
100
AcDbCircle
 10
32.6138312231
 20
335.4001692308
 30
0.0
 40
0.75
100
AcDbArc
 50
90.0
 51
0.0
  0
LINE
  5
EE
330
1F
100
AcDbEntity
  8
0
  6
Continuous
 62
     7
370
    70
100
AcDbLine
 10
33.3638312231
 20
335.4001692308
 30
0.0
 11
34.2450812231
 21
335.4001692308
 31
0.0
  0
ARC
  5
EF
330
1F
100
AcDbEntity
  8
0
  6
Continuous
 62
     7
370
    70
100
AcDbCircle
 10
34.9950812231
 20
335.4001692308
 30
0.0
 40
0.75
100
AcDbArc
 50
180.0
 51
90.0
  0
LINE
  5
F0
330
1F
100
AcDbEntity
  8
0
  6
Continuous
 62
     7
370
    70
100
AcDbLine
 10
34.9950812231
 20
336.1501692308
 30
0.0
 11
34.9950812231
 21
337.1527692308
 31
0.0
  0
LINE
  5
F1
330
1F
100
AcDbEntity
  8
0
  6
Continuous
 62
     7
370
    70
100
AcDbLine
 10
34.9950812231
 20
337.1527692308
 30
0.0
 11
36.2450812231
 21
337.1527692308
 31
0.0
  0
ARC
  5
F2
330
1F
100
AcDbEntity
  8
0
  6
Continuous
 62
     7
370
    70
100
AcDbCircle
 10
36.9950812231
 20
337.1527692308
 30
0.0
 40
0.7500000000000568
100
AcDbArc
 50
180.0
 51
90.0
  0
LINE
  5
F3
330
1F
100
AcDbEntity
  8
0
  6
Continuous
 62
     7
370
    70
100
AcDbLine
 10
36.9950812231
 20
337.9027692308
 30
0.0
 11
36.9950812231
 21
339.2475692308
 31
0.0
  0
ARC
  5
F4
330
1F
100
AcDbEntity
  8
0
  6
Continuous
 62
     7
370
    70
100
AcDbCircle
 10
36.9950812231
 20
339.9975692308
 30
0.0
 40
0.75
100
AcDbArc
 50
270.0
 51
180.0
  0
LINE
  5
F5
330
1F
100
AcDbEntity
  8
0
  6
Continuous
 62
     7
370
    70
100
AcDbLine
 10
36.2450812231
 20
339.9975692308
 30
0.0
 11
34.9950812231
 21
339.9975692308
 31
0.0
  0
LINE
  5
F6
330
1F
100
AcDbEntity
  8
0
  6
Continuous
 62
     7
370
    70
100
AcDbLine
 10
34.9950812231
 20
339.9975692308
 30
0.0
 11
34.9950812231
 21
341.0001692308
 31
0.0
  0
ARC
  5
F7
330
1F
100
AcDbEntity
  8
0
  6
Continuous
 62
     7
370
    70
100
AcDbCircle
 10
34.9950812231
 20
341.7501692308
 30
0.0
 40
0.7500000000000568
100
AcDbArc
 50
270.0
 51
180.0
  0
LINE
  5
F8
330
1F
100
AcDbEntity
  8
0
  6
Continuous
 62
     7
370
    70
100
AcDbLine
 10
34.2450812231
 20
341.7501692308
 30
0.0
 11
33.3638312231
 21
341.7501692308
 31
0.0
  0
ARC
  5
F9
330
1F
100
AcDbEntity
  8
0
  6
Continuous
 62
     7
370
    70
100
AcDbCircle
 10
32.6138312231
 20
341.7501692308
 30
0.0
 40
0.7500000000000568
100
AcDbArc
 50
0.0
 51
270.0
  0
LINE
  5
FA
330
1F
100
AcDbEntity
  8
0
  6
Continuous
 62
     7
370
    70
100
AcDbLine
 10
32.6138312231
 20
341.0001692308
 30
0.0
 11
32.6138312231
 21
339.9975692308
 31
0.0
  0
LINE
  5
FB
330
1F
100
AcDbEntity
  8
0
  6
Continuous
 62
     7
370
    70
100
AcDbLine
 10
32.6138312231
 20
339.9975692308
 30
0.0
 11
27.1450812231
 21
339.9975692308
 31
0.0
  0
LINE
  5
FC
330
1F
100
AcDbEntity
  8
0
  6
Continuous
 62
     7
370
    70
100
AcDbLine
 10
27.1450812231
 20
342.0751692308
 30
0.0
 11
27.1450812231
 21
339.9975692308
 31
0.0
  0
ARC
  5
FD
330
1F
100
AcDbEntity
  8
0
  6
Continuous
 62
     7
370
    70
100
AcDbCircle
 10
27.1450812231
 20
342.8251692308
 30
0.0
 40
0.75
100
AcDbArc
 50
270.0
 51
90.0
  0
LINE
  5
FE
330
1F
100
AcDbEntity
  8
0
  6
Continuous
 62
     7
370
    70
100
AcDbLine
 10
21.9050812231
 20
343.5751692308
 30
0.0
 11
27.1450812231
 21
343.5751692308
 31
0.0
  0
LINE
  5
FF
330
1F
100
AcDbEntity
  8
0
  6
Continuous
 62
     7
370
    70
100
AcDbLine
 10
21.9050812231
 20
343.5751692308
 30
0.0
 11
21.9050812231
 21
352.5751692308
 31
0.0
  0
LINE
  5
100
330
1F
100
AcDbEntity
  8
0
  6
Continuous
 62
     7
370
    70
100
AcDbLine
 10
21.9050812231
 20
352.5751692308
 30
0.0
 11
27.1450812231
 21
352.5751692308
 31
0.0
  0
ARC
  5
101
330
1F
100
AcDbEntity
  8
0
  6
Continuous
 62
     7
370
    70
100
AcDbCircle
 10
27.1450812231
 20
353.3251692308
 30
0.0
 40
0.7500000000000568
100
AcDbArc
 50
270.0
 51
90.0
  0
LINE
  5
102
330
1F
100
AcDbEntity
  8
0
  6
Continuous
 62
     7
370
    70
100
AcDbLine
 10
27.1450812231
 20
375.6527692308
 30
0.0
 11
27.1450812231
 21
354.0751692308
 31
0.0
  0
ARC
  5
103
330
1F
100
AcDbEntity
  8
0
  6
Continuous
 62
     7
370
    70
100
AcDbCircle
 10
27.1450812231
 20
376.4027692308
 30
0.0
 40
0.75
100
AcDbArc
 50
270.0
 51
90.0
  0
LINE
  5
104
330
1F
100
AcDbEntity
  8
0
  6
Continuous
 62
     7
370
    70
100
AcDbLine
 10
27.1450812231
 20
377.1527692308
 30
0.0
 11
21.9050812231
 21
377.1527692308
 31
0.0
  0
LINE
  5
105
330
1F
100
AcDbEntity
  8
0
  6
Continuous
 62
     7
370
    70
100
AcDbLine
 10
21.9050812231
 20
377.1527692308
 30
0.0
 11
21.9050812231
 21
386.1527692308
 31
0.0
  0
LINE
  5
106
330
1F
100
AcDbEntity
  8
0
  6
Continuous
 62
     7
370
    70
100
AcDbLine
 10
27.1450812231
 20
386.1527692308
 30
0.0
 11
21.9050812231
 21
386.1527692308
 31
0.0
  0
ARC
  5
107
330
1F
100
AcDbEntity
  8
0
  6
Continuous
 62
     7
370
    70
100
AcDbCircle
 10
27.1450812231
 20
386.9027692308
 30
0.0
 40
0.7500000000000568
100
AcDbArc
 50
270.0
 51
90.0
  0
LINE
  5
108
330
1F
100
AcDbEntity
  8
0
  6
Continuous
 62
     7
370
    70
100
AcDbLine
 10
27.1450812231
 20
389.7303692308
 30
0.0
 11
27.1450812231
 21
387.6527692308
 31
0.0
  0
LINE
  5
109
330
1F
100
AcDbEntity
  8
0
  6
Continuous
 62
     7
370
    70
100
AcDbLine
 10
27.1450812231
 20
389.7303692308
 30
0.0
 11
32.6138312231
 21
389.7303692308
 31
0.0
  0
LINE
  5
10A
330
1F
100
AcDbEntity
  8
0
  6
Continuous
 62
     7
370
    70
100
AcDbLine
 10
32.6138312231
 20
389.7303692308
 30
0.0
 11
32.6138312231
 21
388.7277692308
 31
0.0
  0
ARC
  5
10B
330
1F
100
AcDbEntity
  8
0
  6
Continuous
 62
     7
370
    70
100
AcDbCircle
 10
32.6138312231
 20
387.9777692308
 30
0.0
 40
0.7500000000000426
100
AcDbArc
 50
90.0
 51
0.0
  0
LINE
  5
10C
330
1F
100
AcDbEntity
  8
0
  6
Continuous
 62
     7
370
    70
100
AcDbLine
 10
33.3638312231
 20
387.9777692308
 30
0.0
 11
34.2450812231
 21
387.9777692308
 31
0.0
  0
ARC
  5
10D
330
1F
100
AcDbEntity
  8
0
  6
Continuous
 62
     7
370
    70
100
AcDbCircle
 10
34.9950812231
 20
387.9777692308
 30
0.0
 40
0.75
100
AcDbArc
 50
180.0
 51
90.0
  0
LINE
  5
10E
330
1F
100
AcDbEntity
  8
0
  6
Continuous
 62
     7
370
    70
100
AcDbLine
 10
34.9950812231
 20
388.7277692308
 30
0.0
 11
34.9950812231
 21
389.7303692308
 31
0.0
  0
LINE
  5
10F
330
1F
100
AcDbEntity
  8
0
  6
Continuous
 62
     7
370
    70
100
AcDbLine
 10
34.9950812231
 20
389.7303692308
 30
0.0
 11
36.2450812231
 21
389.7303692308
 31
0.0
  0
ARC
  5
110
330
1F
100
AcDbEntity
  8
0
  6
Continuous
 62
     7
370
    70
100
AcDbCircle
 10
36.9950812231
 20
389.7303692308
 30
0.0
 40
0.7499999999999645
100
AcDbArc
 50
180.0
 51
90.0
  0
LINE
  5
111
330
1F
100
AcDbEntity
  8
0
  6
Continuous
 62
     7
370
    70
100
AcDbLine
 10
36.9950812231
 20
390.4803692308
 30
0.0
 11
36.9950812231
 21
391.8251692308
 31
0.0
  0
ARC
  5
112
330
1F
100
AcDbEntity
  8
0
  6
Continuous
 62
     7
370
    70
100
AcDbCircle
 10
36.9950812231
 20
392.5751692308
 30
0.0
 40
0.7499999999999645
100
AcDbArc
 50
270.0
 51
180.0
  0
LINE
  5
113
330
1F
100
AcDbEntity
  8
0
  6
Continuous
 62
     7
370
    70
100
AcDbLine
 10
36.2450812231
 20
392.5751692308
 30
0.0
 11
34.9950812231
 21
392.5751692308
 31
0.0
  0
LINE
  5
114
330
1F
100
AcDbEntity
  8
0
  6
Continuous
 62
     7
370
    70
100
AcDbLine
 10
34.9950812231
 20
392.5751692308
 30
0.0
 11
34.9950812231
 21
393.5777692308
 31
0.0
  0
ARC
  5
115
330
1F
100
AcDbEntity
  8
0
  6
Continuous
 62
     7
370
    70
100
AcDbCircle
 10
34.9950812231
 20
394.3277692308
 30
0.0
 40
0.7499999999999716
100
AcDbArc
 50
270.0
 51
180.0
  0
LINE
  5
116
330
1F
100
AcDbEntity
  8
0
  6
Continuous
 62
     7
370
    70
100
AcDbLine
 10
34.2450812231
 20
394.3277692308
 30
0.0
 11
33.3638312231
 21
394.3277692308
 31
0.0
  0
ARC
  5
117
330
1F
100
AcDbEntity
  8
0
  6
Continuous
 62
     7
370
    70
100
AcDbCircle
 10
32.6138312231
 20
394.3277692308
 30
0.0
 40
0.7500000000000355
100
AcDbArc
 50
0.0
 51
270.0
  0
LINE
  5
118
330
1F
100
AcDbEntity
  8
0
  6
Continuous
 62
     7
370
    70
100
AcDbLine
 10
32.6138312231
 20
393.5777692308
 30
0.0
 11
32.6138312231
 21
392.5751692308
 31
0.0
  0
LINE
  5
119
330
1F
100
AcDbEntity
  8
0
  6
Continuous
 62
     7
370
    70
100
AcDbLine
 10
32.6138312231
 20
392.5751692308
 30
0.0
 11
27.1450812231
 21
392.5751692308
 31
0.0
  0
LINE
  5
11A
330
1F
100
AcDbEntity
  8
0
  6
Continuous
 62
     7
370
    70
100
AcDbLine
 10
27.1450812231
 20
397.5751692308
 30
0.0
 11
27.1450812231
 21
392.5751692308
 31
0.0
  0
LINE
  5
11B
330
1F
100
AcDbEntity
  8
0
  6
Continuous
 62
     7
370
    70
100
AcDbLine
 10
46.1450812231
 20
397.5751692308
 30
0.0
 11
27.1450812231
 21
397.5751692308
 31
0.0
  0
ARC
  5
11C
330
1F
100
AcDbEntity
  8
0
  6
Continuous
 62
     7
370
    70
100
AcDbCircle
 10
46.1450812231
 20
391.5751692308
 30
0.0
 40
6.0
100
AcDbArc
 50
0.0
 51
90.0
  0
LINE
  5
11D
330
1F
100
AcDbEntity
  8
0
  6
Continuous
 62
     7
370
    70
100
AcDbLine
 10
52.1450812231
 20
391.5751692308
 30
0.0
 11
52.1450812231
 21
248.5751692308
 31
0.0
  0
ARC
  5
11E
330
1F
100
AcDbEntity
  8
0
  6
Continuous
 62
     7
370
    70
100
AcDbCircle
 10
46.1450812231
 20
248.5751692308
 30
0.0
 40
6.000000000000028
100
AcDbArc
 50
270.0
 51
0.0
  0
LINE
  5
11F
330
1F
100
AcDbEntity
  8
0
  6
Continuous
 62
     7
370
    70
100
AcDbLine
 10
46.1450812231
 20
242.5751692308
 30
0.0
 11
27.1450812231
 21
242.5751692308
 31
0.0
  0
LINE
  5
120
330
1F
100
AcDbEntity
  8
0
  6
Continuous
 62
     7
370
    70
100
AcDbLine
 10
27.1450812231
 20
246.0751692308
 30
0.0
 11
27.1450812231
 21
242.5751692308
 31
0.0
  0
ARC
  5
121
330
1F
100
AcDbEntity
  8
0
  6
Continuous
 62
     7
370
    70
100
AcDbCircle
 10
27.1450812231
 20
246.8251692308
 30
0.0
 40
0.7500000000000284
100
AcDbArc
 50
270.0
 51
90.0
  0
LINE
  5
122
330
1F
100
AcDbEntity
  8
0
  6
Continuous
 62
     7
370
    70
100
AcDbLine
 10
27.1450812231
 20
247.5751692308
 30
0.0
 11
21.9050812231
 21
247.5751692308
 31
0.0
  0
LINE
  5
123
330
1F
100
AcDbEntity
  8
0
  6
Continuous
 62
     7
370
    70
100
AcDbLine
 10
21.9050812231
 20
247.5751692308
 30
0.0
 11
21.9050812231
 21
256.5751692308
 31
0.0
  0
LINE
  5
124
330
1F
100
AcDbEntity
  8
0
  6
Continuous
 62
     7
370
    70
100
AcDbLine
 10
27.1450812231
 20
256.5751692308
 30
0.0
 11
21.9050812231
 21
256.5751692308
 31
0.0
  0
ARC
  5
125
330
1F
100
AcDbEntity
  8
0
  6
Continuous
 62
     7
370
    70
100
AcDbCircle
 10
27.1450812231
 20
257.3251692308
 30
0.0
 40
0.75
100
AcDbArc
 50
270.0
 51
90.0
  0
LINE
  5
126
330
1F
100
AcDbEntity
  8
0
  6
Continuous
 62
     7
370
    70
100
AcDbLine
 10
27.1450812231
 20
260.1527692308
 30
0.0
 11
27.1450812231
 21
258.0751692308
 31
0.0
  0
LINE
  5
127
330
1F
100
AcDbEntity
  8
0
  6
Continuous
 62
     7
370
    70
100
AcDbLine
 10
27.1450812231
 20
260.1527692308
 30
0.0
 11
32.6138312231
 21
260.1527692308
 31
0.0
  0
LINE
  5
128
330
1F
100
AcDbEntity
  8
0
  6
Continuous
 62
     7
370
    70
100
AcDbLine
 10
32.6138312231
 20
260.1527692308
 30
0.0
 11
32.6138312231
 21
259.1501692308
 31
0.0
  0
ARC
  5
129
330
1F
100
AcDbEntity
  8
0
  6
Continuous
 62
     7
370
    70
100
AcDbCircle
 10
32.6138312231
 20
258.4001692308
 30
0.0
 40
0.7500000000000568
100
AcDbArc
 50
90.0
 51
0.0
  0
LINE
  5
12A
330
1F
100
AcDbEntity
  8
0
  6
Continuous
 62
     7
370
    70
100
AcDbLine
 10
33.3638312231
 20
258.4001692308
 30
0.0
 11
34.2450812231
 21
258.4001692308
 31
0.0
  0
ARC
  5
12B
330
1F
100
AcDbEntity
  8
0
  6
Continuous
 62
     7
370
    70
100
AcDbCircle
 10
34.9950812231
 20
258.4001692308
 30
0.0
 40
0.7500000000000568
100
AcDbArc
 50
180.0
 51
90.0
  0
LINE
  5
12C
330
1F
100
AcDbEntity
  8
0
  6
Continuous
 62
     7
370
    70
100
AcDbLine
 10
34.9950812231
 20
259.1501692308
 30
0.0
 11
34.9950812231
 21
260.1527692308
 31
0.0
  0
LINE
  5
12D
330
1F
100
AcDbEntity
  8
0
  6
Continuous
 62
     7
370
    70
100
AcDbLine
 10
34.9950812231
 20
260.1527692308
 30
0.0
 11
36.2450812231
 21
260.1527692308
 31
0.0
  0
ARC
  5
12E
330
1F
100
AcDbEntity
  8
0
  6
Continuous
 62
     7
370
    70
100
AcDbCircle
 10
36.9950812231
 20
260.1527692308
 30
0.0
 40
0.75
100
AcDbArc
 50
180.0
 51
90.0
  0
LINE
  5
12F
330
1F
100
AcDbEntity
  8
0
  6
Continuous
 62
     7
370
    70
100
AcDbLine
 10
36.9950812231
 20
260.9027692308
 30
0.0
 11
36.9950812231
 21
262.2475692308
 31
0.0
  0
ARC
  5
130
330
1F
100
AcDbEntity
  8
0
  6
Continuous
 62
     7
370
    70
100
AcDbCircle
 10
36.9950812231
 20
262.9975692308
 30
0.0
 40
0.75
100
AcDbArc
 50
270.0
 51
180.0
  0
LINE
  5
131
330
1F
100
AcDbEntity
  8
0
  6
Continuous
 62
     7
370
    70
100
AcDbLine
 10
36.2450812231
 20
262.9975692308
 30
0.0
 11
34.9950812231
 21
262.9975692308
 31
0.0
  0
LINE
  5
132
330
1F
100
AcDbEntity
  8
0
  6
Continuous
 62
     7
370
    70
100
AcDbLine
 10
34.9950812231
 20
262.9975692308
 30
0.0
 11
34.9950812231
 21
264.0001692308
 31
0.0
  0
ARC
  5
133
330
1F
100
AcDbEntity
  8
0
  6
Continuous
 62
     7
370
    70
100
AcDbCircle
 10
34.9950812231
 20
264.7501692308
 30
0.0
 40
0.7500000000000071
100
AcDbArc
 50
270.0
 51
180.0
  0
LINE
  5
134
330
1F
100
AcDbEntity
  8
0
  6
Continuous
 62
     7
370
    70
100
AcDbLine
 10
34.2450812231
 20
264.7501692308
 30
0.0
 11
33.3638312231
 21
264.7501692308
 31
0.0
  0
ARC
  5
135
330
1F
100
AcDbEntity
  8
0
  6
Continuous
 62
     7
370
    70
100
AcDbCircle
 10
32.6138312231
 20
264.7501692308
 30
0.0
 40
0.75
100
AcDbArc
 50
0.0
 51
270.0
  0
LINE
  5
136
330
1F
100
AcDbEntity
  8
0
  6
Continuous
 62
     7
370
    70
100
AcDbLine
 10
32.6138312231
 20
264.0001692308
 30
0.0
 11
32.6138312231
 21
262.9975692308
 31
0.0
  0
LINE
  5
137
330
1F
100
AcDbEntity
  8
0
  6
Continuous
 62
     7
370
    70
100
AcDbLine
 10
32.6138312231
 20
262.9975692308
 30
0.0
 11
27.1450812231
 21
262.9975692308
 31
0.0
  0
LINE
  5
138
330
1F
100
AcDbEntity
  8
0
  6
Continuous
 62
     7
370
    70
100
AcDbLine
 10
27.1450812231
 20
265.0751692308
 30
0.0
 11
27.1450812231
 21
262.9975692308
 31
0.0
  0
ARC
  5
139
330
1F
100
AcDbEntity
  8
0
  6
Continuous
 62
     7
370
    70
100
AcDbCircle
 10
27.1450812231
 20
265.8251692308
 30
0.0
 40
0.75
100
AcDbArc
 50
270.0
 51
90.0
  0
LINE
  5
13A
330
1F
100
AcDbEntity
  8
0
  6
Continuous
 62
     7
370
    70
100
AcDbLine
 10
27.1450812231
 20
266.5751692308
 30
0.0
 11
21.9050812231
 21
266.5751692308
 31
0.0
  0
LINE
  5
13B
330
1F
100
AcDbEntity
  8
0
  6
Continuous
 62
     7
370
    70
100
AcDbLine
 10
21.9050812231
 20
275.5751692308
 30
0.0
 11
21.9050812231
 21
266.5751692308
 31
0.0
  0
LINE
  5
13C
330
1F
100
AcDbEntity
  8
0
  6
Continuous
 62
     7
370
    70
100
AcDbLine
 10
27.1450812231
 20
275.5751692308
 30
0.0
 11
21.9050812231
 21
275.5751692308
 31
0.0
  0
ARC
  5
13D
330
1F
100
AcDbEntity
  8
0
  6
Continuous
 62
     7
370
    70
100
AcDbCircle
 10
27.1450812231
 20
276.3251692308
 30
0.0
 40
0.75
100
AcDbArc
 50
270.0
 51
90.0
  0
LINE
  5
13E
330
1F
100
AcDbEntity
  8
0
  6
Continuous
 62
     7
370
    70
100
AcDbLine
 10
27.1450812231
 20
323.0751692308
 30
0.0
 11
27.1450812231
 21
277.0751692308
 31
0.0
  0
ARC
  5
13F
330
1F
100
AcDbEntity
  8
0
  6
Continuous
 62
     7
370
    70
100
AcDbCircle
 10
27.1450812231
 20
323.8251692308
 30
0.0
 40
0.7500000000000568
100
AcDbArc
 50
270.0
 51
90.0
  0
LINE
  5
140
330
1F
100
AcDbEntity
  8
0
  6
Continuous
 62
     7
370
    70
100
AcDbLine
 10
21.9050812231
 20
324.5751692308
 30
0.0
 11
27.1450812231
 21
324.5751692308
 31
0.0
  0
LINE
  5
141
330
1F
100
AcDbEntity
  8
0
  6
Continuous
 62
     7
370
    70
100
AcDbLine
 10
21.9050812231
 20
324.5751692308
 30
0.0
 11
21.9050812231
 21
333.5751692308
 31
0.0
  0
LINE
  5
142
330
1F
100
AcDbEntity
  8
0
  6
Continuous
 62
     7
370
    70
100
AcDbLine
 10
21.9050812231
 20
333.5751692308
 30
0.0
 11
27.1450812231
 21
333.5751692308
 31
0.0
  0
ARC
  5
143
330
1F
100
AcDbEntity
  8
0
  6
Continuous
 62
     7
370
    70
100
AcDbCircle
 10
27.1450812231
 20
334.3251692308
 30
0.0
 40
0.75
100
AcDbArc
 50
270.0
 51
90.0
  0
ARC
  5
144
330
1F
100
AcDbEntity
  8
0
  6
Continuous
 62
     7
370
    70
100
AcDbCircle
 10
42.1450812231
 20
375.5751692308
 30
0.0
 40
3.000000000000007
100
AcDbArc
 50
0.0
 51
90.0
  0
LINE
  5
145
330
1F
100
AcDbEntity
  8
0
  6
Continuous
 62
     7
370
    70
100
AcDbLine
 10
36.1450812231
 20
378.5751692308
 30
0.0
 11
42.1450812231
 21
378.5751692308
 31
0.0
  0
ARC
  5
146
330
1F
100
AcDbEntity
  8
0
  6
Continuous
 62
     7
370
    70
100
AcDbCircle
 10
36.1450812231
 20
375.5751692308
 30
0.0
 40
3.000000000000007
100
AcDbArc
 50
90.0
 51
180.0
  0
LINE
  5
147
330
1F
100
AcDbEntity
  8
0
  6
Continuous
 62
     7
370
    70
100
AcDbLine
 10
33.1450812231
 20
351.5751692308
 30
0.0
 11
33.1450812231
 21
375.5751692308
 31
0.0
  0
ARC
  5
148
330
1F
100
AcDbEntity
  8
0
  6
Continuous
 62
     7
370
    70
100
AcDbCircle
 10
36.1450812231
 20
351.5751692308
 30
0.0
 40
3.0
100
AcDbArc
 50
180.0
 51
270.0
  0
LINE
  5
149
330
1F
100
AcDbEntity
  8
0
  6
Continuous
 62
     7
370
    70
100
AcDbLine
 10
42.1450812231
 20
348.5751692308
 30
0.0
 11
36.1450812231
 21
348.5751692308
 31
0.0
  0
ARC
  5
14A
330
1F
100
AcDbEntity
  8
0
  6
Continuous
 62
     7
370
    70
100
AcDbCircle
 10
42.1450812231
 20
351.5751692308
 30
0.0
 40
3.0
100
AcDbArc
 50
270.0
 51
0.0
  0
LINE
  5
14B
330
1F
100
AcDbEntity
  8
0
  6
Continuous
 62
     7
370
    70
100
AcDbLine
 10
45.1450812231
 20
375.5751692308
 30
0.0
 11
45.1450812231
 21
351.5751692308
 31
0.0
  0
ARC
  5
14C
330
1F
100
AcDbEntity
  8
0
  6
Continuous
 62
     7
370
    70
100
AcDbCircle
 10
42.1450812231
 20
278.5751692308
 30
0.0
 40
3.0
100
AcDbArc
 50
270.0
 51
0.0
  0
LINE
  5
14D
330
1F
100
AcDbEntity
  8
0
  6
Continuous
 62
     7
370
    70
100
AcDbLine
 10
45.1450812231
 20
309.5751692308
 30
0.0
 11
45.1450812231
 21
278.5751692308
 31
0.0
  0
ARC
  5
14E
330
1F
100
AcDbEntity
  8
0
  6
Continuous
 62
     7
370
    70
100
AcDbCircle
 10
42.1450812231
 20
309.5751692308
 30
0.0
 40
3.0
100
AcDbArc
 50
0.0
 51
90.0
  0
LINE
  5
14F
330
1F
100
AcDbEntity
  8
0
  6
Continuous
 62
     7
370
    70
100
AcDbLine
 10
36.1450812231
 20
312.5751692308
 30
0.0
 11
42.1450812231
 21
312.5751692308
 31
0.0
  0
ARC
  5
150
330
1F
100
AcDbEntity
  8
0
  6
Continuous
 62
     7
370
    70
100
AcDbCircle
 10
36.1450812231
 20
309.5751692308
 30
0.0
 40
3.0
100
AcDbArc
 50
90.0
 51
180.0
  0
LINE
  5
151
330
1F
100
AcDbEntity
  8
0
  6
Continuous
 62
     7
370
    70
100
AcDbLine
 10
33.1450812231
 20
278.5751692308
 30
0.0
 11
33.1450812231
 21
309.5751692308
 31
0.0
  0
ARC
  5
152
330
1F
100
AcDbEntity
  8
0
  6
Continuous
 62
     7
370
    70
100
AcDbCircle
 10
36.1450812231
 20
278.5751692308
 30
0.0
 40
3.0
100
AcDbArc
 50
180.0
 51
270.0
  0
LINE
  5
153
330
1F
100
AcDbEntity
  8
0
  6
Continuous
 62
     7
370
    70
100
AcDbLine
 10
42.1450812231
 20
275.5751692308
 30
0.0
 11
36.1450812231
 21
275.5751692308
 31
0.0
  0
CIRCLE
  5
154
330
1F
100
AcDbEntity
  8
0
  6
Continuous
 62
     7
370
    70
100
AcDbCircle
 10
46.1450812231
 20
248.5751692308
 30
0.0
 40
2.318000000000012
  0
ARC
  5
155
330
1F
100
AcDbEntity
  8
0
  6
Continuous
 62
     7
370
    70
100
AcDbCircle
 10
43.6450812231
 20
325.3151692308
 30
0.0
 40
0.75
100
AcDbArc
 50
53.7562795042
 51
270.0
  0
LINE
  5
156
330
1F
100
AcDbEntity
  8
0
  6
Continuous
 62
     7
370
    70
100
AcDbLine
 10
43.6450812231
 20
320.8251692308
 30
0.0
 11
43.6450812231
 21
324.5651692308
 31
0.0
  0
ARC
  5
157
330
1F
100
AcDbEntity
  8
0
  6
Continuous
 62
     7
370
    70
100
AcDbCircle
 10
43.6450812231
 20
320.0751692308
 30
0.0
 40
0.7499999999999817
100
AcDbArc
 50
90.0
 51
306.2437204958
  0
ARC
  5
158
330
1F
100
AcDbEntity
  8
0
  6
Continuous
 62
     7
370
    70
100
AcDbCircle
 10
46.3950812231
 20
316.3237803419
 30
0.0
 40
3.901388888888891
100
AcDbArc
 50
53.7562795042
 51
126.2437204958
  0
ARC
  5
159
330
1F
100
AcDbEntity
  8
0
  6
Continuous
 62
     7
370
    70
100
AcDbCircle
 10
49.1450812231
 20
320.0751692308
 30
0.0
 40
0.75
100
AcDbArc
 50
233.7562795042
 51
90.0
  0
ARC
  5
15A
330
1F
100
AcDbEntity
  8
0
  6
Continuous
 62
     7
370
    70
100
AcDbCircle
 10
49.1450812231
 20
325.3151692308
 30
0.0
 40
0.75
100
AcDbArc
 50
270.0
 51
126.2437204958
  0
ARC
  5
15B
330
1F
100
AcDbEntity
  8
0
  6
Continuous
 62
     7
370
    70
100
AcDbCircle
 10
46.3950812231
 20
329.0665581197
 30
0.0
 40
3.901388888888891
100
AcDbArc
 50
233.7562795042
 51
306.2437204958
  0
ARC
  5
15C
330
1F
100
AcDbEntity
  8
0
  6
Continuous
 62
     7
370
    70
100
AcDbCircle
 10
30.1450812231
 20
325.3151692308
 30
0.0
 40
0.75
100
AcDbArc
 50
53.7562795042
 51
270.0
  0
LINE
  5
15D
330
1F
100
AcDbEntity
  8
0
  6
Continuous
 62
     7
370
    70
100
AcDbLine
 10
30.1450812231
 20
320.8251692308
 30
0.0
 11
30.1450812231
 21
324.5651692308
 31
0.0
  0
ARC
  5
15E
330
1F
100
AcDbEntity
  8
0
  6
Continuous
 62
     7
370
    70
100
AcDbCircle
 10
30.1450812231
 20
320.0751692308
 30
0.0
 40
0.7499999999999796
100
AcDbArc
 50
90.0
 51
306.2437204958
  0
ARC
  5
15F
330
1F
100
AcDbEntity
  8
0
  6
Continuous
 62
     7
370
    70
100
AcDbCircle
 10
32.8950812231
 20
316.3237803419
 30
0.0
 40
3.901388888888891
100
AcDbArc
 50
53.7562795042
 51
126.2437204958
  0
ARC
  5
160
330
1F
100
AcDbEntity
  8
0
  6
Continuous
 62
     7
370
    70
100
AcDbCircle
 10
35.6450812231
 20
320.0751692308
 30
0.0
 40
0.75
100
AcDbArc
 50
233.7562795042
 51
90.0
  0
LINE
  5
161
330
1F
100
AcDbEntity
  8
0
  6
Continuous
 62
     7
370
    70
100
AcDbLine
 10
35.6450812231
 20
324.5651692308
 30
0.0
 11
35.6450812231
 21
320.8251692308
 31
0.0
  0
ARC
  5
162
330
1F
100
AcDbEntity
  8
0
  6
Continuous
 62
     7
370
    70
100
AcDbCircle
 10
35.6450812231
 20
325.3151692308
 30
0.0
 40
0.75
100
AcDbArc
 50
270.0
 51
126.2437204958
  0
ARC
  5
163
330
1F
100
AcDbEntity
  8
0
  6
Continuous
 62
     7
370
    70
100
AcDbCircle
 10
32.8950812231
 20
329.0665581197
 30
0.0
 40
3.901388888888891
100
AcDbArc
 50
233.7562795042
 51
306.2437204958
  0
CIRCLE
  5
164
330
1F
100
AcDbEntity
  8
0
  6
Continuous
 62
     7
370
    70
100
AcDbCircle
 10
39.6450812231
 20
322.6951692308
 30
0.0
 40
1.422399999999982
  0
LINE
  5
165
330
1F
100
AcDbEntity
  8
0
  6
Continuous
 62
     7
370
    70
100
AcDbLine
 10
49.1450812231
 20
324.5651692308
 30
0.0
 11
49.1450812231
 21
320.8251692308
 31
0.0
  0
LINE
  5
166
330
1F
100
AcDbEntity
  8
0
  6
Continuous
 62
     7
370
    70
100
AcDbLine
 10
172.2402945055
 20
215.2127460344
 30
0.0
 11
172.2402945055
 21
217.7127460344
 31
0.0
  0
ARC
  5
167
330
1F
100
AcDbEntity
  8
0
  6
Continuous
 62
     7
370
    70
100
AcDbCircle
 10
171.2402945055
 20
217.7127460344
 30
0.0
 40
1.0
100
AcDbArc
 50
0.0
 51
90.0
  0
LINE
  5
168
330
1F
100
AcDbEntity
  8
0
  6
Continuous
 62
     7
370
    70
100
AcDbLine
 10
166.2402945055
 20
218.7127460344
 30
0.0
 11
171.2402945055
 21
218.7127460344
 31
0.0
  0
ARC
  5
169
330
1F
100
AcDbEntity
  8
0
  6
Continuous
 62
     7
370
    70
100
AcDbCircle
 10
166.2402945055
 20
217.7127460344
 30
0.0
 40
1.0
100
AcDbArc
 50
90.0
 51
180.0
  0
LINE
  5
16A
330
1F
100
AcDbEntity
  8
0
  6
Continuous
 62
     7
370
    70
100
AcDbLine
 10
165.2402945055
 20
215.2127460344
 30
0.0
 11
165.2402945055
 21
217.7127460344
 31
0.0
  0
LINE
  5
16B
330
1F
100
AcDbEntity
  8
0
  6
Continuous
 62
     7
370
    70
100
AcDbLine
 10
165.2402945055
 20
215.2127460344
 30
0.0
 11
141.1042945055
 21
215.2127460344
 31
0.0
  0
LINE
  5
16C
330
1F
100
AcDbEntity
  8
0
  6
Continuous
 62
     7
370
    70
100
AcDbLine
 10
141.1042945055
 20
215.2127460344
 30
0.0
 11
141.1042945055
 21
207.0847460344
 31
0.0
  0
LINE
  5
16D
330
1F
100
AcDbEntity
  8
0
  6
Continuous
 62
     7
370
    70
100
AcDbLine
 10
121.2802945055
 20
207.0847460344
 30
0.0
 11
141.1042945055
 21
207.0847460344
 31
0.0
  0
LINE
  5
16E
330
1F
100
AcDbEntity
  8
0
  6
Continuous
 62
     7
370
    70
100
AcDbLine
 10
121.2802945055
 20
202.3447460344
 30
0.0
 11
121.2802945055
 21
207.0847460344
 31
0.0
  0
LINE
  5
16F
330
1F
100
AcDbEntity
  8
0
  6
Continuous
 62
     7
370
    70
100
AcDbLine
 10
121.2802945055
 20
202.3447460344
 30
0.0
 11
112.2802945055
 21
202.3447460344
 31
0.0
  0
LINE
  5
170
330
1F
100
AcDbEntity
  8
0
  6
Continuous
 62
     7
370
    70
100
AcDbLine
 10
112.2802945055
 20
202.3447460344
 30
0.0
 11
112.2802945055
 21
207.0847460344
 31
0.0
  0
LINE
  5
171
330
1F
100
AcDbEntity
  8
0
  6
Continuous
 62
     7
370
    70
100
AcDbLine
 10
102.2802945055
 20
207.0847460344
 30
0.0
 11
112.2802945055
 21
207.0847460344
 31
0.0
  0
LINE
  5
172
330
1F
100
AcDbEntity
  8
0
  6
Continuous
 62
     7
370
    70
100
AcDbLine
 10
102.2802945055
 20
202.3447460344
 30
0.0
 11
102.2802945055
 21
207.0847460344
 31
0.0
  0
LINE
  5
173
330
1F
100
AcDbEntity
  8
0
  6
Continuous
 62
     7
370
    70
100
AcDbLine
 10
102.2802945055
 20
202.3447460344
 30
0.0
 11
93.2802945055
 21
202.3447460344
 31
0.0
  0
LINE
  5
174
330
1F
100
AcDbEntity
  8
0
  6
Continuous
 62
     7
370
    70
100
AcDbLine
 10
93.2802945055
 20
202.3447460344
 30
0.0
 11
93.2802945055
 21
207.0847460344
 31
0.0
  0
LINE
  5
175
330
1F
100
AcDbEntity
  8
0
  6
Continuous
 62
     7
370
    70
100
AcDbLine
 10
72.2802945055
 20
207.0847460344
 30
0.0
 11
93.2802945055
 21
207.0847460344
 31
0.0
  0
LINE
  5
176
330
1F
100
AcDbEntity
  8
0
  6
Continuous
 62
     7
370
    70
100
AcDbLine
 10
72.2802945055
 20
209.0847460344
 30
0.0
 11
72.2802945055
 21
207.0847460344
 31
0.0
  0
ARC
  5
177
330
1F
100
AcDbEntity
  8
0
  6
Continuous
 62
     7
370
    70
100
AcDbCircle
 10
72.2802945055
 20
209.5847460344
 30
0.0
 40
0.5000000000000853
100
AcDbArc
 50
270.0
 51
90.0
  0
LINE
  5
178
330
1F
100
AcDbEntity
  8
0
  6
Continuous
 62
     7
370
    70
100
AcDbLine
 10
72.2802945055
 20
210.0847460344
 30
0.0
 11
67.0402945055
 21
210.0847460344
 31
0.0
  0
LINE
  5
179
330
1F
100
AcDbEntity
  8
0
  6
Continuous
 62
     7
370
    70
100
AcDbLine
 10
67.0402945055
 20
210.0847460344
 30
0.0
 11
67.0402945055
 21
215.5847460344
 31
0.0
  0
LINE
  5
17A
330
1F
100
AcDbEntity
  8
0
  6
Continuous
 62
     7
370
    70
100
AcDbLine
 10
72.2802945055
 20
215.5847460344
 30
0.0
 11
67.0402945055
 21
215.5847460344
 31
0.0
  0
ARC
  5
17B
330
1F
100
AcDbEntity
  8
0
  6
Continuous
 62
     7
370
    70
100
AcDbCircle
 10
72.2802945055
 20
216.0847460344
 30
0.0
 40
0.5
100
AcDbArc
 50
270.0
 51
90.0
  0
LINE
  5
17C
330
1F
100
AcDbEntity
  8
0
  6
Continuous
 62
     7
370
    70
100
AcDbLine
 10
72.2802945055
 20
218.1623460344
 30
0.0
 11
72.2802945055
 21
216.5847460344
 31
0.0
  0
LINE
  5
17D
330
1F
100
AcDbEntity
  8
0
  6
Continuous
 62
     7
370
    70
100
AcDbLine
 10
72.2802945055
 20
218.1623460344
 30
0.0
 11
77.7490445055
 21
218.1623460344
 31
0.0
  0
LINE
  5
17E
330
1F
100
AcDbEntity
  8
0
  6
Continuous
 62
     7
370
    70
100
AcDbLine
 10
77.7490445055
 20
218.1623460344
 30
0.0
 11
77.7490445055
 21
216.9097460344
 31
0.0
  0
ARC
  5
17F
330
1F
100
AcDbEntity
  8
0
  6
Continuous
 62
     7
370
    70
100
AcDbCircle
 10
77.7490445055
 20
216.4097460344
 30
0.0
 40
0.5000000000000284
100
AcDbArc
 50
90.0
 51
0.0
  0
LINE
  5
180
330
1F
100
AcDbEntity
  8
0
  6
Continuous
 62
     7
370
    70
100
AcDbLine
 10
78.2490445055
 20
216.4097460344
 30
0.0
 11
79.6302945055
 21
216.4097460344
 31
0.0
  0
ARC
  5
181
330
1F
100
AcDbEntity
  8
0
  6
Continuous
 62
     7
370
    70
100
AcDbCircle
 10
80.1302945055
 20
216.4097460344
 30
0.0
 40
0.5000000000000284
100
AcDbArc
 50
180.0
 51
90.0
  0
LINE
  5
182
330
1F
100
AcDbEntity
  8
0
  6
Continuous
 62
     7
370
    70
100
AcDbLine
 10
80.1302945055
 20
216.9097460344
 30
0.0
 11
80.1302945055
 21
218.1623460344
 31
0.0
  0
LINE
  5
183
330
1F
100
AcDbEntity
  8
0
  6
Continuous
 62
     7
370
    70
100
AcDbLine
 10
80.1302945055
 20
218.1623460344
 30
0.0
 11
81.6302945055
 21
218.1623460344
 31
0.0
  0
ARC
  5
184
330
1F
100
AcDbEntity
  8
0
  6
Continuous
 62
     7
370
    70
100
AcDbCircle
 10
82.1302945055
 20
218.1623460344
 30
0.0
 40
0.5000000000000284
100
AcDbArc
 50
180.0
 51
90.0
  0
LINE
  5
185
330
1F
100
AcDbEntity
  8
0
  6
Continuous
 62
     7
370
    70
100
AcDbLine
 10
82.1302945055
 20
218.6623460344
 30
0.0
 11
82.1302945055
 21
220.5071460344
 31
0.0
  0
ARC
  5
186
330
1F
100
AcDbEntity
  8
0
  6
Continuous
 62
     7
370
    70
100
AcDbCircle
 10
82.1302945055
 20
221.0071460344
 30
0.0
 40
0.5
100
AcDbArc
 50
270.0
 51
180.0
  0
LINE
  5
187
330
1F
100
AcDbEntity
  8
0
  6
Continuous
 62
     7
370
    70
100
AcDbLine
 10
81.6302945055
 20
221.0071460344
 30
0.0
 11
80.1302945055
 21
221.0071460344
 31
0.0
  0
LINE
  5
188
330
1F
100
AcDbEntity
  8
0
  6
Continuous
 62
     7
370
    70
100
AcDbLine
 10
80.1302945055
 20
221.0071460344
 30
0.0
 11
80.1302945055
 21
222.2597460344
 31
0.0
  0
ARC
  5
189
330
1F
100
AcDbEntity
  8
0
  6
Continuous
 62
     7
370
    70
100
AcDbCircle
 10
80.1302945055
 20
222.7597460344
 30
0.0
 40
0.5
100
AcDbArc
 50
270.0
 51
180.0
  0
LINE
  5
18A
330
1F
100
AcDbEntity
  8
0
  6
Continuous
 62
     7
370
    70
100
AcDbLine
 10
79.6302945055
 20
222.7597460344
 30
0.0
 11
78.2490445055
 21
222.7597460344
 31
0.0
  0
ARC
  5
18B
330
1F
100
AcDbEntity
  8
0
  6
Continuous
 62
     7
370
    70
100
AcDbCircle
 10
77.7490445055
 20
222.7597460344
 30
0.0
 40
0.5000000000000853
100
AcDbArc
 50
0.0
 51
270.0
  0
LINE
  5
18C
330
1F
100
AcDbEntity
  8
0
  6
Continuous
 62
     7
370
    70
100
AcDbLine
 10
77.7490445055
 20
222.2597460344
 30
0.0
 11
77.7490445055
 21
221.0071460344
 31
0.0
  0
LINE
  5
18D
330
1F
100
AcDbEntity
  8
0
  6
Continuous
 62
     7
370
    70
100
AcDbLine
 10
77.7490445055
 20
221.0071460344
 30
0.0
 11
72.2802945055
 21
221.0071460344
 31
0.0
  0
LINE
  5
18E
330
1F
100
AcDbEntity
  8
0
  6
Continuous
 62
     7
370
    70
100
AcDbLine
 10
72.2802945055
 20
222.5847460344
 30
0.0
 11
72.2802945055
 21
221.0071460344
 31
0.0
  0
ARC
  5
18F
330
1F
100
AcDbEntity
  8
0
  6
Continuous
 62
     7
370
    70
100
AcDbCircle
 10
72.2802945055
 20
223.0847460344
 30
0.0
 40
0.5
100
AcDbArc
 50
270.0
 51
90.0
  0
LINE
  5
190
330
1F
100
AcDbEntity
  8
0
  6
Continuous
 62
     7
370
    70
100
AcDbLine
 10
72.2802945055
 20
223.5847460344
 30
0.0
 11
67.0402945055
 21
223.5847460344
 31
0.0
  0
LINE
  5
191
330
1F
100
AcDbEntity
  8
0
  6
Continuous
 62
     7
370
    70
100
AcDbLine
 10
67.0402945055
 20
229.0847460344
 30
0.0
 11
67.0402945055
 21
223.5847460344
 31
0.0
  0
LINE
  5
192
330
1F
100
AcDbEntity
  8
0
  6
Continuous
 62
     7
370
    70
100
AcDbLine
 10
72.2802945055
 20
229.0847460344
 30
0.0
 11
67.0402945055
 21
229.0847460344
 31
0.0
  0
ARC
  5
193
330
1F
100
AcDbEntity
  8
0
  6
Continuous
 62
     7
370
    70
100
AcDbCircle
 10
72.2802945055
 20
229.5847460344
 30
0.0
 40
0.5000000000000568
100
AcDbArc
 50
270.0
 51
90.0
  0
LINE
  5
194
330
1F
100
AcDbEntity
  8
0
  6
Continuous
 62
     7
370
    70
100
AcDbLine
 10
72.2802945055
 20
232.0847460344
 30
0.0
 11
72.2802945055
 21
230.0847460344
 31
0.0
  0
LINE
  5
195
330
1F
100
AcDbEntity
  8
0
  6
Continuous
 62
     7
370
    70
100
AcDbLine
 10
72.2802945055
 20
232.0847460344
 30
0.0
 11
97.0402945055
 21
232.0847460344
 31
0.0
  0
ARC
  5
196
330
1F
100
AcDbEntity
  8
0
  6
Continuous
 62
     7
370
    70
100
AcDbCircle
 10
97.0402945055
 20
229.0847460344
 30
0.0
 40
3.0
100
AcDbArc
 50
0.0
 51
90.0
  0
LINE
  5
197
330
1F
100
AcDbEntity
  8
0
  6
Continuous
 62
     7
370
    70
100
AcDbLine
 10
100.0402945055
 20
229.0847460344
 30
0.0
 11
100.0402945055
 21
227.8447460344
 31
0.0
  0
ARC
  5
198
330
1F
100
AcDbEntity
  8
0
  6
Continuous
 62
     7
370
    70
100
AcDbCircle
 10
103.0402945055
 20
227.8447460344
 30
0.0
 40
3.0
100
AcDbArc
 50
180.0
 51
270.0
  0
LINE
  5
199
330
1F
100
AcDbEntity
  8
0
  6
Continuous
 62
     7
370
    70
100
AcDbLine
 10
103.0402945055
 20
224.8447460344
 30
0.0
 11
234.4402945055
 21
224.8447460344
 31
0.0
  0
ARC
  5
19A
330
1F
100
AcDbEntity
  8
0
  6
Continuous
 62
     7
370
    70
100
AcDbCircle
 10
234.4402945055
 20
227.8447460344
 30
0.0
 40
3.0
100
AcDbArc
 50
270.0
 51
0.0
  0
LINE
  5
19B
330
1F
100
AcDbEntity
  8
0
  6
Continuous
 62
     7
370
    70
100
AcDbLine
 10
237.4402945055
 20
229.0847460344
 30
0.0
 11
237.4402945055
 21
227.8447460344
 31
0.0
  0
ARC
  5
19C
330
1F
100
AcDbEntity
  8
0
  6
Continuous
 62
     7
370
    70
100
AcDbCircle
 10
240.4402945055
 20
229.0847460344
 30
0.0
 40
3.0
100
AcDbArc
 50
90.0
 51
180.0
  0
LINE
  5
19D
330
1F
100
AcDbEntity
  8
0
  6
Continuous
 62
     7
370
    70
100
AcDbLine
 10
240.4402945055
 20
232.0847460344
 30
0.0
 11
265.2002945055
 21
232.0847460344
 31
0.0
  0
LINE
  5
19E
330
1F
100
AcDbEntity
  8
0
  6
Continuous
 62
     7
370
    70
100
AcDbLine
 10
265.2002945055
 20
232.0847460344
 30
0.0
 11
265.2002945055
 21
230.0847460344
 31
0.0
  0
ARC
  5
19F
330
1F
100
AcDbEntity
  8
0
  6
Continuous
 62
     7
370
    70
100
AcDbCircle
 10
265.2002945055
 20
229.5847460344
 30
0.0
 40
0.5000000000000568
100
AcDbArc
 50
90.0
 51
270.0
  0
LINE
  5
1A0
330
1F
100
AcDbEntity
  8
0
  6
Continuous
 62
     7
370
    70
100
AcDbLine
 10
265.2002945055
 20
229.0847460344
 30
0.0
 11
270.4402945055
 21
229.0847460344
 31
0.0
  0
LINE
  5
1A1
330
1F
100
AcDbEntity
  8
0
  6
Continuous
 62
     7
370
    70
100
AcDbLine
 10
270.4402945055
 20
229.0847460344
 30
0.0
 11
270.4402945055
 21
223.5847460344
 31
0.0
  0
LINE
  5
1A2
330
1F
100
AcDbEntity
  8
0
  6
Continuous
 62
     7
370
    70
100
AcDbLine
 10
265.2002945055
 20
223.5847460344
 30
0.0
 11
270.4402945055
 21
223.5847460344
 31
0.0
  0
ARC
  5
1A3
330
1F
100
AcDbEntity
  8
0
  6
Continuous
 62
     7
370
    70
100
AcDbCircle
 10
265.2002945055
 20
223.0847460344
 30
0.0
 40
0.5
100
AcDbArc
 50
90.0
 51
270.0
  0
LINE
  5
1A4
330
1F
100
AcDbEntity
  8
0
  6
Continuous
 62
     7
370
    70
100
AcDbLine
 10
265.2002945055
 20
222.5847460344
 30
0.0
 11
265.2002945055
 21
221.0071460344
 31
0.0
  0
LINE
  5
1A5
330
1F
100
AcDbEntity
  8
0
  6
Continuous
 62
     7
370
    70
100
AcDbLine
 10
259.7315445055
 20
221.0071460344
 30
0.0
 11
265.2002945055
 21
221.0071460344
 31
0.0
  0
LINE
  5
1A6
330
1F
100
AcDbEntity
  8
0
  6
Continuous
 62
     7
370
    70
100
AcDbLine
 10
259.7315445055
 20
222.2597460344
 30
0.0
 11
259.7315445055
 21
221.0071460344
 31
0.0
  0
ARC
  5
1A7
330
1F
100
AcDbEntity
  8
0
  6
Continuous
 62
     7
370
    70
100
AcDbCircle
 10
259.7315445055
 20
222.7597460344
 30
0.0
 40
0.5000000000000853
100
AcDbArc
 50
270.0
 51
180.0
  0
LINE
  5
1A8
330
1F
100
AcDbEntity
  8
0
  6
Continuous
 62
     7
370
    70
100
AcDbLine
 10
257.8502945055
 20
222.7597460344
 30
0.0
 11
259.2315445055
 21
222.7597460344
 31
0.0
  0
ARC
  5
1A9
330
1F
100
AcDbEntity
  8
0
  6
Continuous
 62
     7
370
    70
100
AcDbCircle
 10
257.3502945055
 20
222.7597460344
 30
0.0
 40
0.5000000000000568
100
AcDbArc
 50
0.0
 51
270.0
  0
LINE
  5
1AA
330
1F
100
AcDbEntity
  8
0
  6
Continuous
 62
     7
370
    70
100
AcDbLine
 10
257.3502945055
 20
221.0071460344
 30
0.0
 11
257.3502945055
 21
222.2597460344
 31
0.0
  0
LINE
  5
1AB
330
1F
100
AcDbEntity
  8
0
  6
Continuous
 62
     7
370
    70
100
AcDbLine
 10
255.8502945055
 20
221.0071460344
 30
0.0
 11
257.3502945055
 21
221.0071460344
 31
0.0
  0
ARC
  5
1AC
330
1F
100
AcDbEntity
  8
0
  6
Continuous
 62
     7
370
    70
100
AcDbCircle
 10
255.3502945055
 20
221.0071460344
 30
0.0
 40
0.5000000000000568
100
AcDbArc
 50
0.0
 51
270.0
  0
LINE
  5
1AD
330
1F
100
AcDbEntity
  8
0
  6
Continuous
 62
     7
370
    70
100
AcDbLine
 10
255.3502945055
 20
218.6623460344
 30
0.0
 11
255.3502945055
 21
220.5071460344
 31
0.0
  0
ARC
  5
1AE
330
1F
100
AcDbEntity
  8
0
  6
Continuous
 62
     7
370
    70
100
AcDbCircle
 10
255.3502945055
 20
218.1623460344
 30
0.0
 40
0.5000000000000568
100
AcDbArc
 50
90.0
 51
0.0
  0
LINE
  5
1AF
330
1F
100
AcDbEntity
  8
0
  6
Continuous
 62
     7
370
    70
100
AcDbLine
 10
257.3502945055
 20
218.1623460344
 30
0.0
 11
255.8502945055
 21
218.1623460344
 31
0.0
  0
LINE
  5
1B0
330
1F
100
AcDbEntity
  8
0
  6
Continuous
 62
     7
370
    70
100
AcDbLine
 10
257.3502945055
 20
216.9097460344
 30
0.0
 11
257.3502945055
 21
218.1623460344
 31
0.0
  0
ARC
  5
1B1
330
1F
100
AcDbEntity
  8
0
  6
Continuous
 62
     7
370
    70
100
AcDbCircle
 10
257.3502945055
 20
216.4097460344
 30
0.0
 40
0.5000000000000568
100
AcDbArc
 50
90.0
 51
0.0
  0
LINE
  5
1B2
330
1F
100
AcDbEntity
  8
0
  6
Continuous
 62
     7
370
    70
100
AcDbLine
 10
259.2315445055
 20
216.4097460344
 30
0.0
 11
257.8502945055
 21
216.4097460344
 31
0.0
  0
ARC
  5
1B3
330
1F
100
AcDbEntity
  8
0
  6
Continuous
 62
     7
370
    70
100
AcDbCircle
 10
259.7315445055
 20
216.4097460344
 30
0.0
 40
0.5000000000000284
100
AcDbArc
 50
180.0
 51
90.0
  0
LINE
  5
1B4
330
1F
100
AcDbEntity
  8
0
  6
Continuous
 62
     7
370
    70
100
AcDbLine
 10
259.7315445055
 20
218.1623460344
 30
0.0
 11
259.7315445055
 21
216.9097460344
 31
0.0
  0
LINE
  5
1B5
330
1F
100
AcDbEntity
  8
0
  6
Continuous
 62
     7
370
    70
100
AcDbLine
 10
265.2002945055
 20
218.1623460344
 30
0.0
 11
259.7315445055
 21
218.1623460344
 31
0.0
  0
LINE
  5
1B6
330
1F
100
AcDbEntity
  8
0
  6
Continuous
 62
     7
370
    70
100
AcDbLine
 10
265.2002945055
 20
218.1623460344
 30
0.0
 11
265.2002945055
 21
216.5847460344
 31
0.0
  0
ARC
  5
1B7
330
1F
100
AcDbEntity
  8
0
  6
Continuous
 62
     7
370
    70
100
AcDbCircle
 10
265.2002945055
 20
216.0847460344
 30
0.0
 40
0.5
100
AcDbArc
 50
90.0
 51
270.0
  0
LINE
  5
1B8
330
1F
100
AcDbEntity
  8
0
  6
Continuous
 62
     7
370
    70
100
AcDbLine
 10
265.2002945055
 20
215.5847460344
 30
0.0
 11
270.4402945055
 21
215.5847460344
 31
0.0
  0
LINE
  5
1B9
330
1F
100
AcDbEntity
  8
0
  6
Continuous
 62
     7
370
    70
100
AcDbLine
 10
270.4402945055
 20
210.0847460344
 30
0.0
 11
270.4402945055
 21
215.5847460344
 31
0.0
  0
LINE
  5
1BA
330
1F
100
AcDbEntity
  8
0
  6
Continuous
 62
     7
370
    70
100
AcDbLine
 10
265.2002945055
 20
210.0847460344
 30
0.0
 11
270.4402945055
 21
210.0847460344
 31
0.0
  0
ARC
  5
1BB
330
1F
100
AcDbEntity
  8
0
  6
Continuous
 62
     7
370
    70
100
AcDbCircle
 10
265.2002945055
 20
209.5847460344
 30
0.0
 40
0.5000000000000853
100
AcDbArc
 50
90.0
 51
270.0
  0
LINE
  5
1BC
330
1F
100
AcDbEntity
  8
0
  6
Continuous
 62
     7
370
    70
100
AcDbLine
 10
265.2002945055
 20
209.0847460344
 30
0.0
 11
265.2002945055
 21
207.0847460344
 31
0.0
  0
LINE
  5
1BD
330
1F
100
AcDbEntity
  8
0
  6
Continuous
 62
     7
370
    70
100
AcDbLine
 10
244.2002945055
 20
207.0847460344
 30
0.0
 11
265.2002945055
 21
207.0847460344
 31
0.0
  0
LINE
  5
1BE
330
1F
100
AcDbEntity
  8
0
  6
Continuous
 62
     7
370
    70
100
AcDbLine
 10
244.2002945055
 20
202.3447460344
 30
0.0
 11
244.2002945055
 21
207.0847460344
 31
0.0
  0
LINE
  5
1BF
330
1F
100
AcDbEntity
  8
0
  6
Continuous
 62
     7
370
    70
100
AcDbLine
 10
244.2002945055
 20
202.3447460344
 30
0.0
 11
235.2002945055
 21
202.3447460344
 31
0.0
  0
LINE
  5
1C0
330
1F
100
AcDbEntity
  8
0
  6
Continuous
 62
     7
370
    70
100
AcDbLine
 10
235.2002945055
 20
202.3447460344
 30
0.0
 11
235.2002945055
 21
207.0847460344
 31
0.0
  0
LINE
  5
1C1
330
1F
100
AcDbEntity
  8
0
  6
Continuous
 62
     7
370
    70
100
AcDbLine
 10
225.2002945055
 20
207.0847460344
 30
0.0
 11
235.2002945055
 21
207.0847460344
 31
0.0
  0
LINE
  5
1C2
330
1F
100
AcDbEntity
  8
0
  6
Continuous
 62
     7
370
    70
100
AcDbLine
 10
225.2002945055
 20
202.3447460344
 30
0.0
 11
225.2002945055
 21
207.0847460344
 31
0.0
  0
LINE
  5
1C3
330
1F
100
AcDbEntity
  8
0
  6
Continuous
 62
     7
370
    70
100
AcDbLine
 10
225.2002945055
 20
202.3447460344
 30
0.0
 11
216.2002945055
 21
202.3447460344
 31
0.0
  0
LINE
  5
1C4
330
1F
100
AcDbEntity
  8
0
  6
Continuous
 62
     7
370
    70
100
AcDbLine
 10
216.2002945055
 20
202.3447460344
 30
0.0
 11
216.2002945055
 21
207.0847460344
 31
0.0
  0
LINE
  5
1C5
330
1F
100
AcDbEntity
  8
0
  6
Continuous
 62
     7
370
    70
100
AcDbLine
 10
196.3794910084
 20
207.0847460344
 30
0.0
 11
216.2002945055
 21
207.0847460344
 31
0.0
  0
LINE
  5
1C6
330
1F
100
AcDbEntity
  8
0
  6
Continuous
 62
     7
370
    70
100
AcDbLine
 10
196.3794910084
 20
207.0847460344
 30
0.0
 11
196.3794910084
 21
215.2127460344
 31
0.0
  0
LINE
  5
1C7
330
1F
100
AcDbEntity
  8
0
  6
Continuous
 62
     7
370
    70
100
AcDbLine
 10
172.2402945055
 20
215.2127460344
 30
0.0
 11
196.3794910084
 21
215.2127460344
 31
0.0
  0
CIRCLE
  5
1C8
330
1F
100
AcDbEntity
  8
0
  6
Continuous
 62
     7
370
    70
100
AcDbCircle
 10
272.8821977095
 20
391.1527692308
 30
0.0
 40
1.422399999999982
  0
CIRCLE
  5
1C9
330
1F
100
AcDbEntity
  8
0
  6
Continuous
 62
     7
370
    70
100
AcDbCircle
 10
272.8821977095
 20
338.5751692308
 30
0.0
 40
1.422399999999982
  0
LINE
  5
1CA
330
1F
100
AcDbEntity
  8
0
  6
Continuous
 62
     7
370
    70
100
AcDbLine
 10
271.0121977095
 20
324.5751692308
 30
0.0
 11
274.7521977095
 21
324.5751692308
 31
0.0
  0
ARC
  5
1CB
330
1F
100
AcDbEntity
  8
0
  6
Continuous
 62
     7
370
    70
100
AcDbCircle
 10
275.5021977095
 20
324.5751692308
 30
0.0
 40
0.75
100
AcDbArc
 50
180.0
 51
22.619864948
  0
ARC
  5
1CC
330
1F
100
AcDbEntity
  8
0
  6
Continuous
 62
     7
370
    70
100
AcDbCircle
 10
286.3021977095
 20
329.0751692308
 30
0.0
 40
10.94999999999999
100
AcDbArc
 50
157.380135052
 51
202.619864948
  0
ARC
  5
1CD
330
1F
100
AcDbEntity
  8
0
  6
Continuous
 62
     7
370
    70
100
AcDbCircle
 10
275.5021977095
 20
333.5751692308
 30
0.0
 40
0.75
100
AcDbArc
 50
337.380135052
 51
180.0
  0
LINE
  5
1CE
330
1F
100
AcDbEntity
  8
0
  6
Continuous
 62
     7
370
    70
100
AcDbLine
 10
271.0121977095
 20
333.5751692308
 30
0.0
 11
274.7521977095
 21
333.5751692308
 31
0.0
  0
ARC
  5
1CF
330
1F
100
AcDbEntity
  8
0
  6
Continuous
 62
     7
370
    70
100
AcDbCircle
 10
270.2621977095
 20
333.5751692308
 30
0.0
 40
0.7500000000000437
100
AcDbArc
 50
0.0
 51
202.619864948
  0
ARC
  5
1D0
330
1F
100
AcDbEntity
  8
0
  6
Continuous
 62
     7
370
    70
100
AcDbCircle
 10
259.4621977095
 20
329.0751692308
 30
0.0
 40
10.95000000000004
100
AcDbArc
 50
337.380135052
 51
22.619864948
  0
ARC
  5
1D1
330
1F
100
AcDbEntity
  8
0
  6
Continuous
 62
     7
370
    70
100
AcDbCircle
 10
270.2621977095
 20
324.5751692308
 30
0.0
 40
0.7500000000000219
100
AcDbArc
 50
157.380135052
 51
0.0
  0
LINE
  5
1D2
330
1F
100
AcDbEntity
  8
0
  6
Continuous
 62
     7
370
    70
100
AcDbLine
 10
270.4821977095
 20
377.1527692308
 30
0.0
 11
275.2821977095
 21
377.1527692308
 31
0.0
  0
ARC
  5
1D3
330
1F
100
AcDbEntity
  8
0
  6
Continuous
 62
     7
370
    70
100
AcDbCircle
 10
275.7821977095
 20
377.1527692308
 30
0.0
 40
0.5000000000000764
100
AcDbArc
 50
180.0
 51
16.4384184978
  0
ARC
  5
1D4
330
1F
100
AcDbEntity
  8
0
  6
Continuous
 62
     7
370
    70
100
AcDbCircle
 10
291.0341207864
 20
381.6527692308
 30
0.0
 40
15.40192307692308
100
AcDbArc
 50
163.5615815022
 51
196.4384184978
  0
ARC
  5
1D5
330
1F
100
AcDbEntity
  8
0
  6
Continuous
 62
     7
370
    70
100
AcDbCircle
 10
275.7821977095
 20
386.1527692308
 30
0.0
 40
0.5000000000000764
100
AcDbArc
 50
343.5615815022
 51
180.0
  0
LINE
  5
1D6
330
1F
100
AcDbEntity
  8
0
  6
Continuous
 62
     7
370
    70
100
AcDbLine
 10
270.4821977095
 20
386.1527692308
 30
0.0
 11
275.2821977095
 21
386.1527692308
 31
0.0
  0
ARC
  5
1D7
330
1F
100
AcDbEntity
  8
0
  6
Continuous
 62
     7
370
    70
100
AcDbCircle
 10
269.9821977095
 20
386.1527692308
 30
0.0
 40
0.5000000000000219
100
AcDbArc
 50
0.0
 51
196.4384184978
  0
ARC
  5
1D8
330
1F
100
AcDbEntity
  8
0
  6
Continuous
 62
     7
370
    70
100
AcDbCircle
 10
254.7302746326
 20
381.6527692308
 30
0.0
 40
15.40192307692305
100
AcDbArc
 50
343.5615815022
 51
16.4384184978
  0
ARC
  5
1D9
330
1F
100
AcDbEntity
  8
0
  6
Continuous
 62
     7
370
    70
100
AcDbCircle
 10
269.9821977095
 20
377.1527692308
 30
0.0
 40
0.5000000000000219
100
AcDbArc
 50
163.5615815022
 51
0.0
  0
CIRCLE
  5
1DA
330
1F
100
AcDbEntity
  8
0
  6
Continuous
 62
     7
370
    70
100
AcDbCircle
 10
112.3421977095
 20
322.6951692308
 30
0.0
 40
1.422399999999982
  0
LINE
  5
1DB
330
1F
100
AcDbEntity
  8
0
  6
Continuous
 62
     7
370
    70
100
AcDbLine
 10
107.3421977095
 20
320.8251692308
 30
0.0
 11
107.3421977095
 21
324.5651692308
 31
0.0
  0
ARC
  5
1DC
330
1F
100
AcDbEntity
  8
0
  6
Continuous
 62
     7
370
    70
100
AcDbCircle
 10
107.3421977095
 20
325.3151692308
 30
0.0
 40
0.75
100
AcDbArc
 50
270.0
 51
112.619864948
  0
ARC
  5
1DD
330
1F
100
AcDbEntity
  8
0
  6
Continuous
 62
     7
370
    70
100
AcDbCircle
 10
102.8421977095
 20
336.1151692308
 30
0.0
 40
10.95000000000002
100
AcDbArc
 50
247.380135052
 51
292.619864948
  0
ARC
  5
1DE
330
1F
100
AcDbEntity
  8
0
  6
Continuous
 62
     7
370
    70
100
AcDbCircle
 10
98.3421977095
 20
325.3151692308
 30
0.0
 40
0.75
100
AcDbArc
 50
67.380135052
 51
270.0
  0
LINE
  5
1DF
330
1F
100
AcDbEntity
  8
0
  6
Continuous
 62
     7
370
    70
100
AcDbLine
 10
98.3421977095
 20
324.5651692308
 30
0.0
 11
98.3421977095
 21
320.8251692308
 31
0.0
  0
ARC
  5
1E0
330
1F
100
AcDbEntity
  8
0
  6
Continuous
 62
     7
370
    70
100
AcDbCircle
 10
98.3421977095
 20
320.0751692308
 30
0.0
 40
0.7500000000000437
100
AcDbArc
 50
90.0
 51
292.619864948
  0
ARC
  5
1E1
330
1F
100
AcDbEntity
  8
0
  6
Continuous
 62
     7
370
    70
100
AcDbCircle
 10
102.8421977095
 20
309.2751692308
 30
0.0
 40
10.94999999999992
100
AcDbArc
 50
67.380135052
 51
112.619864948
  0
ARC
  5
1E2
330
1F
100
AcDbEntity
  8
0
  6
Continuous
 62
     7
370
    70
100
AcDbCircle
 10
107.3421977095
 20
320.0751692308
 30
0.0
 40
0.7500000000000383
100
AcDbArc
 50
247.380135052
 51
90.0
  0
LINE
  5
1E3
330
1F
100
AcDbEntity
  8
0
  6
Continuous
 62
     7
370
    70
100
AcDbLine
 10
126.3421977095
 20
320.8251692308
 30
0.0
 11
126.3421977095
 21
324.5651692308
 31
0.0
  0
ARC
  5
1E4
330
1F
100
AcDbEntity
  8
0
  6
Continuous
 62
     7
370
    70
100
AcDbCircle
 10
126.3421977095
 20
325.3151692308
 30
0.0
 40
0.7500000000000022
100
AcDbArc
 50
270.0
 51
112.619864948
  0
ARC
  5
1E5
330
1F
100
AcDbEntity
  8
0
  6
Continuous
 62
     7
370
    70
100
AcDbCircle
 10
121.8421977095
 20
336.1151692308
 30
0.0
 40
10.95000000000002
100
AcDbArc
 50
247.380135052
 51
292.619864948
  0
ARC
  5
1E6
330
1F
100
AcDbEntity
  8
0
  6
Continuous
 62
     7
370
    70
100
AcDbCircle
 10
117.3421977095
 20
325.3151692308
 30
0.0
 40
0.75
100
AcDbArc
 50
67.380135052
 51
270.0
  0
LINE
  5
1E7
330
1F
100
AcDbEntity
  8
0
  6
Continuous
 62
     7
370
    70
100
AcDbLine
 10
117.3421977095
 20
324.5651692308
 30
0.0
 11
117.3421977095
 21
320.8251692308
 31
0.0
  0
ARC
  5
1E8
330
1F
100
AcDbEntity
  8
0
  6
Continuous
 62
     7
370
    70
100
AcDbCircle
 10
117.3421977095
 20
320.0751692308
 30
0.0
 40
0.7500000000000383
100
AcDbArc
 50
90.0
 51
292.619864948
  0
ARC
  5
1E9
330
1F
100
AcDbEntity
  8
0
  6
Continuous
 62
     7
370
    70
100
AcDbCircle
 10
121.8421977095
 20
309.2751692308
 30
0.0
 40
10.94999999999991
100
AcDbArc
 50
67.380135052
 51
112.619864948
  0
ARC
  5
1EA
330
1F
100
AcDbEntity
  8
0
  6
Continuous
 62
     7
370
    70
100
AcDbCircle
 10
126.3421977095
 20
320.0751692308
 30
0.0
 40
0.7500000000000547
100
AcDbArc
 50
247.380135052
 51
90.0
  0
CIRCLE
  5
1EB
330
1F
100
AcDbEntity
  8
0
  6
Continuous
 62
     7
370
    70
100
AcDbCircle
 10
74.7221977095
 20
261.5751692308
 30
0.0
 40
1.422399999999982
  0
CIRCLE
  5
1EC
330
1F
100
AcDbEntity
  8
0
  6
Continuous
 62
     7
370
    70
100
AcDbCircle
 10
74.7221977095
 20
338.5751692308
 30
0.0
 40
1.422399999999982
  0
ARC
  5
1ED
330
1F
100
AcDbEntity
  8
0
  6
Continuous
 62
     7
370
    70
100
AcDbCircle
 10
61.3021977095
 20
348.0751692308
 30
0.0
 40
10.94999999999999
100
AcDbArc
 50
337.380135052
 51
22.619864948
  0
ARC
  5
1EE
330
1F
100
AcDbEntity
  8
0
  6
Continuous
 62
     7
370
    70
100
AcDbCircle
 10
72.1021977095
 20
343.5751692308
 30
0.0
 40
0.7500000000000043
100
AcDbArc
 50
157.380135052
 51
0.0
  0
LINE
  5
1EF
330
1F
100
AcDbEntity
  8
0
  6
Continuous
 62
     7
370
    70
100
AcDbLine
 10
76.5921977095
 20
343.5751692308
 30
0.0
 11
72.8521977095
 21
343.5751692308
 31
0.0
  0
ARC
  5
1F0
330
1F
100
AcDbEntity
  8
0
  6
Continuous
 62
     7
370
    70
100
AcDbCircle
 10
77.3421977095
 20
343.5751692308
 30
0.0
 40
0.7500000000000174
100
AcDbArc
 50
180.0
 51
22.619864948
  0
ARC
  5
1F1
330
1F
100
AcDbEntity
  8
0
  6
Continuous
 62
     7
370
    70
100
AcDbCircle
 10
88.1421977095
 20
348.0751692308
 30
0.0
 40
10.94999999999998
100
AcDbArc
 50
157.380135052
 51
202.619864948
  0
ARC
  5
1F2
330
1F
100
AcDbEntity
  8
0
  6
Continuous
 62
     7
370
    70
100
AcDbCircle
 10
77.3421977095
 20
352.5751692308
 30
0.0
 40
0.75
100
AcDbArc
 50
337.380135052
 51
180.0
  0
LINE
  5
1F3
330
1F
100
AcDbEntity
  8
0
  6
Continuous
 62
     7
370
    70
100
AcDbLine
 10
76.5921977095
 20
352.5751692308
 30
0.0
 11
72.8521977095
 21
352.5751692308
 31
0.0
  0
ARC
  5
1F4
330
1F
100
AcDbEntity
  8
0
  6
Continuous
 62
     7
370
    70
100
AcDbCircle
 10
72.1021977095
 20
352.5751692308
 30
0.0
 40
0.75
100
AcDbArc
 50
0.0
 51
202.619864948
  0
ARC
  5
1F5
330
1F
100
AcDbEntity
  8
0
  6
Continuous
 62
     7
370
    70
100
AcDbCircle
 10
77.6221977095
 20
386.1527692308
 30
0.0
 40
0.5000000000000082
100
AcDbArc
 50
343.5615815022
 51
180.0
  0
LINE
  5
1F6
330
1F
100
AcDbEntity
  8
0
  6
Continuous
 62
     7
370
    70
100
AcDbLine
 10
77.1221977095
 20
386.1527692308
 30
0.0
 11
72.3221977095
 21
386.1527692308
 31
0.0
  0
ARC
  5
1F7
330
1F
100
AcDbEntity
  8
0
  6
Continuous
 62
     7
370
    70
100
AcDbCircle
 10
71.8221977095
 20
386.1527692308
 30
0.0
 40
0.5
100
AcDbArc
 50
0.0
 51
196.4384184978
  0
ARC
  5
1F8
330
1F
100
AcDbEntity
  8
0
  6
Continuous
 62
     7
370
    70
100
AcDbCircle
 10
56.5702746326
 20
381.6527692308
 30
0.0
 40
15.4019230769231
100
AcDbArc
 50
343.5615815022
 51
16.4384184978
  0
ARC
  5
1F9
330
1F
100
AcDbEntity
  8
0
  6
Continuous
 62
     7
370
    70
100
AcDbCircle
 10
71.8221977095
 20
377.1527692308
 30
0.0
 40
0.5
100
AcDbArc
 50
163.5615815022
 51
0.0
  0
LINE
  5
1FA
330
1F
100
AcDbEntity
  8
0
  6
Continuous
 62
     7
370
    70
100
AcDbLine
 10
77.1221977095
 20
377.1527692308
 30
0.0
 11
72.3221977095
 21
377.1527692308
 31
0.0
  0
ARC
  5
1FB
330
1F
100
AcDbEntity
  8
0
  6
Continuous
 62
     7
370
    70
100
AcDbCircle
 10
77.6221977095
 20
377.1527692308
 30
0.0
 40
0.5000000000000082
100
AcDbArc
 50
180.0
 51
16.4384184978
  0
ARC
  5
1FC
330
1F
100
AcDbEntity
  8
0
  6
Continuous
 62
     7
370
    70
100
AcDbCircle
 10
92.8741207864
 20
381.6527692308
 30
0.0
 40
15.40192307692308
100
AcDbArc
 50
163.5615815022
 51
196.4384184978
  0
ARC
  5
1FD
330
1F
100
AcDbEntity
  8
0
  6
Continuous
 62
     7
370
    70
100
AcDbCircle
 10
275.7421977095
 20
247.5751692308
 30
0.0
 40
5.000000000000028
100
AcDbArc
 50
270.0
 51
0.0
  0
LINE
  5
1FE
330
1F
100
AcDbEntity
  8
0
  6
Continuous
 62
     7
370
    70
100
AcDbLine
 10
71.8621977095
 20
242.5751692308
 30
0.0
 11
275.7421977095
 21
242.5751692308
 31
0.0
  0
ARC
  5
1FF
330
1F
100
AcDbEntity
  8
0
  6
Continuous
 62
     7
370
    70
100
AcDbCircle
 10
71.8621977095
 20
247.5751692308
 30
0.0
 40
5.000000000000028
100
AcDbArc
 50
180.0
 51
270.0
  0
LINE
  5
200
330
1F
100
AcDbEntity
  8
0
  6
Continuous
 62
     7
370
    70
100
AcDbLine
 10
66.8621977095
 20
392.5751692308
 30
0.0
 11
66.8621977095
 21
247.5751692308
 31
0.0
  0
ARC
  5
201
330
1F
100
AcDbEntity
  8
0
  6
Continuous
 62
     7
370
    70
100
AcDbCircle
 10
71.8621977095
 20
392.5751692308
 30
0.0
 40
5.0
100
AcDbArc
 50
90.0
 51
180.0
  0
LINE
  5
202
330
1F
100
AcDbEntity
  8
0
  6
Continuous
 62
     7
370
    70
100
AcDbLine
 10
275.7421977095
 20
397.5751692308
 30
0.0
 11
71.8621977095
 21
397.5751692308
 31
0.0
  0
ARC
  5
203
330
1F
100
AcDbEntity
  8
0
  6
Continuous
 62
     7
370
    70
100
AcDbCircle
 10
275.7421977095
 20
392.5751692308
 30
0.0
 40
5.0
100
AcDbArc
 50
0.0
 51
90.0
  0
LINE
  5
204
330
1F
100
AcDbEntity
  8
0
  6
Continuous
 62
     7
370
    70
100
AcDbLine
 10
280.7421977095
 20
247.5751692308
 30
0.0
 11
280.7421977095
 21
392.5751692308
 31
0.0
  0
ARC
  5
205
330
1F
100
AcDbEntity
  8
0
  6
Continuous
 62
     7
370
    70
100
AcDbCircle
 10
77.3421977095
 20
333.5751692308
 30
0.0
 40
0.7500000000000174
100
AcDbArc
 50
337.380135052
 51
180.0
  0
LINE
  5
206
330
1F
100
AcDbEntity
  8
0
  6
Continuous
 62
     7
370
    70
100
AcDbLine
 10
76.5921977095
 20
333.5751692308
 30
0.0
 11
72.8521977095
 21
333.5751692308
 31
0.0
  0
ARC
  5
207
330
1F
100
AcDbEntity
  8
0
  6
Continuous
 62
     7
370
    70
100
AcDbCircle
 10
72.1021977095
 20
333.5751692308
 30
0.0
 40
0.7500000000000043
100
AcDbArc
 50
0.0
 51
202.619864948
  0
ARC
  5
208
330
1F
100
AcDbEntity
  8
0
  6
Continuous
 62
     7
370
    70
100
AcDbCircle
 10
61.3021977095
 20
329.0751692308
 30
0.0
 40
10.95000000000001
100
AcDbArc
 50
337.380135052
 51
22.619864948
  0
ARC
  5
209
330
1F
100
AcDbEntity
  8
0
  6
Continuous
 62
     7
370
    70
100
AcDbCircle
 10
72.1021977095
 20
324.5751692308
 30
0.0
 40
0.75
100
AcDbArc
 50
157.380135052
 51
0.0
  0
LINE
  5
20A
330
1F
100
AcDbEntity
  8
0
  6
Continuous
 62
     7
370
    70
100
AcDbLine
 10
76.5921977095
 20
324.5751692308
 30
0.0
 11
72.8521977095
 21
324.5751692308
 31
0.0
  0
ARC
  5
20B
330
1F
100
AcDbEntity
  8
0
  6
Continuous
 62
     7
370
    70
100
AcDbCircle
 10
77.3421977095
 20
324.5751692308
 30
0.0
 40
0.75
100
AcDbArc
 50
180.0
 51
22.619864948
  0
ARC
  5
20C
330
1F
100
AcDbEntity
  8
0
  6
Continuous
 62
     7
370
    70
100
AcDbCircle
 10
88.1421977095
 20
329.0751692308
 30
0.0
 40
10.95
100
AcDbArc
 50
157.380135052
 51
202.619864948
  0
ARC
  5
20D
330
1F
100
AcDbEntity
  8
0
  6
Continuous
 62
     7
370
    70
100
AcDbCircle
 10
77.3421977095
 20
256.5751692308
 30
0.0
 40
0.7500000000000043
100
AcDbArc
 50
337.380135052
 51
180.0
  0
LINE
  5
20E
330
1F
100
AcDbEntity
  8
0
  6
Continuous
 62
     7
370
    70
100
AcDbLine
 10
76.5921977095
 20
256.5751692308
 30
0.0
 11
72.8521977095
 21
256.5751692308
 31
0.0
  0
ARC
  5
20F
330
1F
100
AcDbEntity
  8
0
  6
Continuous
 62
     7
370
    70
100
AcDbCircle
 10
72.1021977095
 20
256.5751692308
 30
0.0
 40
0.7500000000000043
100
AcDbArc
 50
0.0
 51
202.619864948
  0
ARC
  5
210
330
1F
100
AcDbEntity
  8
0
  6
Continuous
 62
     7
370
    70
100
AcDbCircle
 10
61.3021977095
 20
252.0751692308
 30
0.0
 40
10.94999999999999
100
AcDbArc
 50
337.380135052
 51
22.619864948
  0
ARC
  5
211
330
1F
100
AcDbEntity
  8
0
  6
Continuous
 62
     7
370
    70
100
AcDbCircle
 10
72.1021977095
 20
247.5751692308
 30
0.0
 40
0.7500000000000043
100
AcDbArc
 50
157.380135052
 51
0.0
  0
LINE
  5
212
330
1F
100
AcDbEntity
  8
0
  6
Continuous
 62
     7
370
    70
100
AcDbLine
 10
76.5921977095
 20
247.5751692308
 30
0.0
 11
72.8521977095
 21
247.5751692308
 31
0.0
  0
ARC
  5
213
330
1F
100
AcDbEntity
  8
0
  6
Continuous
 62
     7
370
    70
100
AcDbCircle
 10
77.3421977095
 20
247.5751692308
 30
0.0
 40
0.75
100
AcDbArc
 50
180.0
 51
22.619864948
  0
ARC
  5
214
330
1F
100
AcDbEntity
  8
0
  6
Continuous
 62
     7
370
    70
100
AcDbCircle
 10
88.1421977095
 20
252.0751692308
 30
0.0
 40
10.94999999999999
100
AcDbArc
 50
157.380135052
 51
202.619864948
  0
ARC
  5
215
330
1F
100
AcDbEntity
  8
0
  6
Continuous
 62
     7
370
    70
100
AcDbCircle
 10
61.3021977095
 20
271.0751692308
 30
0.0
 40
10.95000000000001
100
AcDbArc
 50
337.380135052
 51
22.619864948
  0
ARC
  5
216
330
1F
100
AcDbEntity
  8
0
  6
Continuous
 62
     7
370
    70
100
AcDbCircle
 10
72.1021977095
 20
266.5751692308
 30
0.0
 40
0.75
100
AcDbArc
 50
157.380135052
 51
0.0
  0
LINE
  5
217
330
1F
100
AcDbEntity
  8
0
  6
Continuous
 62
     7
370
    70
100
AcDbLine
 10
76.5921977095
 20
266.5751692308
 30
0.0
 11
72.8521977095
 21
266.5751692308
 31
0.0
  0
ARC
  5
218
330
1F
100
AcDbEntity
  8
0
  6
Continuous
 62
     7
370
    70
100
AcDbCircle
 10
77.3421977095
 20
266.5751692308
 30
0.0
 40
0.75
100
AcDbArc
 50
180.0
 51
22.619864948
  0
ARC
  5
219
330
1F
100
AcDbEntity
  8
0
  6
Continuous
 62
     7
370
    70
100
AcDbCircle
 10
88.1421977095
 20
271.0751692308
 30
0.0
 40
10.95
100
AcDbArc
 50
157.380135052
 51
202.619864948
  0
ARC
  5
21A
330
1F
100
AcDbEntity
  8
0
  6
Continuous
 62
     7
370
    70
100
AcDbCircle
 10
77.3421977095
 20
275.5751692308
 30
0.0
 40
0.7500000000000043
100
AcDbArc
 50
337.380135052
 51
180.0
  0
LINE
  5
21B
330
1F
100
AcDbEntity
  8
0
  6
Continuous
 62
     7
370
    70
100
AcDbLine
 10
76.5921977095
 20
275.5751692308
 30
0.0
 11
72.8521977095
 21
275.5751692308
 31
0.0
  0
ARC
  5
21C
330
1F
100
AcDbEntity
  8
0
  6
Continuous
 62
     7
370
    70
100
AcDbCircle
 10
72.1021977095
 20
275.5751692308
 30
0.0
 40
0.7500000000000043
100
AcDbArc
 50
0.0
 51
202.619864948
  0
CIRCLE
  5
21D
330
1F
100
AcDbEntity
  8
0
  6
Continuous
 62
     7
370
    70
100
AcDbCircle
 10
74.7221977095
 20
391.1527692308
 30
0.0
 40
1.422399999999982
  0
ARC
  5
21E
330
1F
100
AcDbEntity
  8
0
  6
Continuous
 62
     7
370
    70
100
AcDbCircle
 10
270.2621977095
 20
352.5751692308
 30
0.0
 40
0.7500000000000219
100
AcDbArc
 50
0.0
 51
202.619864948
  0
ARC
  5
21F
330
1F
100
AcDbEntity
  8
0
  6
Continuous
 62
     7
370
    70
100
AcDbCircle
 10
259.4621977095
 20
348.0751692308
 30
0.0
 40
10.95000000000002
100
AcDbArc
 50
337.380135052
 51
22.619864948
  0
ARC
  5
220
330
1F
100
AcDbEntity
  8
0
  6
Continuous
 62
     7
370
    70
100
AcDbCircle
 10
270.2621977095
 20
343.5751692308
 30
0.0
 40
0.7500000000000437
100
AcDbArc
 50
157.380135052
 51
0.0
  0
LINE
  5
221
330
1F
100
AcDbEntity
  8
0
  6
Continuous
 62
     7
370
    70
100
AcDbLine
 10
271.0121977095
 20
343.5751692308
 30
0.0
 11
274.7521977095
 21
343.5751692308
 31
0.0
  0
ARC
  5
222
330
1F
100
AcDbEntity
  8
0
  6
Continuous
 62
     7
370
    70
100
AcDbCircle
 10
275.5021977095
 20
343.5751692308
 30
0.0
 40
0.75
100
AcDbArc
 50
180.0
 51
22.619864948
  0
ARC
  5
223
330
1F
100
AcDbEntity
  8
0
  6
Continuous
 62
     7
370
    70
100
AcDbCircle
 10
286.3021977095
 20
348.0751692308
 30
0.0
 40
10.94999999999997
100
AcDbArc
 50
157.380135052
 51
202.619864948
  0
ARC
  5
224
330
1F
100
AcDbEntity
  8
0
  6
Continuous
 62
     7
370
    70
100
AcDbCircle
 10
275.5021977095
 20
352.5751692308
 30
0.0
 40
0.75
100
AcDbArc
 50
337.380135052
 51
180.0
  0
LINE
  5
225
330
1F
100
AcDbEntity
  8
0
  6
Continuous
 62
     7
370
    70
100
AcDbLine
 10
271.0121977095
 20
352.5751692308
 30
0.0
 11
274.7521977095
 21
352.5751692308
 31
0.0
  0
LINE
  5
226
330
1F
100
AcDbEntity
  8
0
  6
Continuous
 62
     7
370
    70
100
AcDbLine
 10
271.0121977095
 20
247.5751692308
 30
0.0
 11
274.7521977095
 21
247.5751692308
 31
0.0
  0
ARC
  5
227
330
1F
100
AcDbEntity
  8
0
  6
Continuous
 62
     7
370
    70
100
AcDbCircle
 10
275.5021977095
 20
247.5751692308
 30
0.0
 40
0.75
100
AcDbArc
 50
180.0
 51
22.619864948
  0
ARC
  5
228
330
1F
100
AcDbEntity
  8
0
  6
Continuous
 62
     7
370
    70
100
AcDbCircle
 10
286.3021977095
 20
252.0751692308
 30
0.0
 40
10.94999999999997
100
AcDbArc
 50
157.380135052
 51
202.619864948
  0
ARC
  5
229
330
1F
100
AcDbEntity
  8
0
  6
Continuous
 62
     7
370
    70
100
AcDbCircle
 10
275.5021977095
 20
256.5751692308
 30
0.0
 40
0.75
100
AcDbArc
 50
337.380135052
 51
180.0
  0
LINE
  5
22A
330
1F
100
AcDbEntity
  8
0
  6
Continuous
 62
     7
370
    70
100
AcDbLine
 10
271.0121977095
 20
256.5751692308
 30
0.0
 11
274.7521977095
 21
256.5751692308
 31
0.0
  0
ARC
  5
22B
330
1F
100
AcDbEntity
  8
0
  6
Continuous
 62
     7
370
    70
100
AcDbCircle
 10
270.2621977095
 20
256.5751692308
 30
0.0
 40
0.7500000000000437
100
AcDbArc
 50
0.0
 51
202.619864948
  0
ARC
  5
22C
330
1F
100
AcDbEntity
  8
0
  6
Continuous
 62
     7
370
    70
100
AcDbCircle
 10
259.4621977095
 20
252.0751692308
 30
0.0
 40
10.95000000000003
100
AcDbArc
 50
337.380135052
 51
22.619864948
  0
ARC
  5
22D
330
1F
100
AcDbEntity
  8
0
  6
Continuous
 62
     7
370
    70
100
AcDbCircle
 10
270.2621977095
 20
247.5751692308
 30
0.0
 40
0.7500000000000328
100
AcDbArc
 50
157.380135052
 51
0.0
  0
CIRCLE
  5
22E
330
1F
100
AcDbEntity
  8
0
  6
Continuous
 62
     7
370
    70
100
AcDbCircle
 10
272.8821977095
 20
261.5751692308
 30
0.0
 40
1.422399999999982
  0
ARC
  5
22F
330
1F
100
AcDbEntity
  8
0
  6
Continuous
 62
     7
370
    70
100
AcDbCircle
 10
270.2621977095
 20
275.5751692308
 30
0.0
 40
0.7500000000000437
100
AcDbArc
 50
0.0
 51
202.619864948
  0
ARC
  5
230
330
1F
100
AcDbEntity
  8
0
  6
Continuous
 62
     7
370
    70
100
AcDbCircle
 10
259.4621977095
 20
271.0751692308
 30
0.0
 40
10.95000000000004
100
AcDbArc
 50
337.380135052
 51
22.619864948
  0
ARC
  5
231
330
1F
100
AcDbEntity
  8
0
  6
Continuous
 62
     7
370
    70
100
AcDbCircle
 10
270.2621977095
 20
266.5751692308
 30
0.0
 40
0.7500000000000219
100
AcDbArc
 50
157.380135052
 51
0.0
  0
LINE
  5
232
330
1F
100
AcDbEntity
  8
0
  6
Continuous
 62
     7
370
    70
100
AcDbLine
 10
271.0121977095
 20
266.5751692308
 30
0.0
 11
274.7521977095
 21
266.5751692308
 31
0.0
  0
ARC
  5
233
330
1F
100
AcDbEntity
  8
0
  6
Continuous
 62
     7
370
    70
100
AcDbCircle
 10
275.5021977095
 20
266.5751692308
 30
0.0
 40
0.75
100
AcDbArc
 50
180.0
 51
22.619864948
  0
ARC
  5
234
330
1F
100
AcDbEntity
  8
0
  6
Continuous
 62
     7
370
    70
100
AcDbCircle
 10
286.3021977095
 20
271.0751692308
 30
0.0
 40
10.94999999999999
100
AcDbArc
 50
157.380135052
 51
202.619864948
  0
ARC
  5
235
330
1F
100
AcDbEntity
  8
0
  6
Continuous
 62
     7
370
    70
100
AcDbCircle
 10
275.5021977095
 20
275.5751692308
 30
0.0
 40
0.75
100
AcDbArc
 50
337.380135052
 51
180.0
  0
LINE
  5
236
330
1F
100
AcDbEntity
  8
0
  6
Continuous
 62
     7
370
    70
100
AcDbLine
 10
271.0121977095
 20
275.5751692308
 30
0.0
 11
274.7521977095
 21
275.5751692308
 31
0.0
  0
CIRCLE
  5
237
330
1F
100
AcDbEntity
  8
0
  6
Continuous
 62
     7
370
    70
100
AcDbCircle
 10
235.2621977095
 20
322.6951692308
 30
0.0
 40
1.422399999999982
  0
LINE
  5
238
330
1F
100
AcDbEntity
  8
0
  6
Continuous
 62
     7
370
    70
100
AcDbLine
 10
249.2621977095
 20
324.5651692308
 30
0.0
 11
249.2621977095
 21
320.8251692308
 31
0.0
  0
ARC
  5
239
330
1F
100
AcDbEntity
  8
0
  6
Continuous
 62
     7
370
    70
100
AcDbCircle
 10
249.2621977095
 20
325.3151692308
 30
0.0
 40
0.7500000000000022
100
AcDbArc
 50
270.0
 51
112.619864948
  0
ARC
  5
23A
330
1F
100
AcDbEntity
  8
0
  6
Continuous
 62
     7
370
    70
100
AcDbCircle
 10
244.7621977095
 20
336.1151692308
 30
0.0
 40
10.95000000000003
100
AcDbArc
 50
247.380135052
 51
292.619864948
  0
ARC
  5
23B
330
1F
100
AcDbEntity
  8
0
  6
Continuous
 62
     7
370
    70
100
AcDbCircle
 10
240.2621977095
 20
325.3151692308
 30
0.0
 40
0.75
100
AcDbArc
 50
67.380135052
 51
270.0
  0
LINE
  5
23C
330
1F
100
AcDbEntity
  8
0
  6
Continuous
 62
     7
370
    70
100
AcDbLine
 10
240.2621977095
 20
320.8251692308
 30
0.0
 11
240.2621977095
 21
324.5651692308
 31
0.0
  0
ARC
  5
23D
330
1F
100
AcDbEntity
  8
0
  6
Continuous
 62
     7
370
    70
100
AcDbCircle
 10
240.2621977095
 20
320.0751692308
 30
0.0
 40
0.7500000000000328
100
AcDbArc
 50
90.0
 51
292.619864948
  0
ARC
  5
23E
330
1F
100
AcDbEntity
  8
0
  6
Continuous
 62
     7
370
    70
100
AcDbCircle
 10
244.7621977095
 20
309.2751692308
 30
0.0
 40
10.94999999999992
100
AcDbArc
 50
67.380135052
 51
112.619864948
  0
ARC
  5
23F
330
1F
100
AcDbEntity
  8
0
  6
Continuous
 62
     7
370
    70
100
AcDbCircle
 10
249.2621977095
 20
320.0751692308
 30
0.0
 40
0.7500000000000547
100
AcDbArc
 50
247.380135052
 51
90.0
  0
LINE
  5
240
330
1F
100
AcDbEntity
  8
0
  6
Continuous
 62
     7
370
    70
100
AcDbLine
 10
230.2621977095
 20
324.5651692308
 30
0.0
 11
230.2621977095
 21
320.8251692308
 31
0.0
  0
ARC
  5
241
330
1F
100
AcDbEntity
  8
0
  6
Continuous
 62
     7
370
    70
100
AcDbCircle
 10
230.2621977095
 20
325.3151692308
 30
0.0
 40
0.75
100
AcDbArc
 50
270.0
 51
112.619864948
  0
ARC
  5
242
330
1F
100
AcDbEntity
  8
0
  6
Continuous
 62
     7
370
    70
100
AcDbCircle
 10
225.7621977095
 20
336.1151692308
 30
0.0
 40
10.95000000000002
100
AcDbArc
 50
247.380135052
 51
292.619864948
  0
ARC
  5
243
330
1F
100
AcDbEntity
  8
0
  6
Continuous
 62
     7
370
    70
100
AcDbCircle
 10
221.2621977095
 20
325.3151692308
 30
0.0
 40
0.7500000000000022
100
AcDbArc
 50
67.380135052
 51
270.0
  0
LINE
  5
244
330
1F
100
AcDbEntity
  8
0
  6
Continuous
 62
     7
370
    70
100
AcDbLine
 10
221.2621977095
 20
320.8251692308
 30
0.0
 11
221.2621977095
 21
324.5651692308
 31
0.0
  0
ARC
  5
245
330
1F
100
AcDbEntity
  8
0
  6
Continuous
 62
     7
370
    70
100
AcDbCircle
 10
221.2621977095
 20
320.0751692308
 30
0.0
 40
0.7500000000000547
100
AcDbArc
 50
90.0
 51
292.619864948
  0
ARC
  5
246
330
1F
100
AcDbEntity
  8
0
  6
Continuous
 62
     7
370
    70
100
AcDbCircle
 10
225.7621977095
 20
309.2751692308
 30
0.0
 40
10.94999999999991
100
AcDbArc
 50
67.380135052
 51
112.619864948
  0
ARC
  5
247
330
1F
100
AcDbEntity
  8
0
  6
Continuous
 62
     7
370
    70
100
AcDbCircle
 10
230.2621977095
 20
320.0751692308
 30
0.0
 40
0.7500000000000437
100
AcDbArc
 50
247.380135052
 51
90.0
  0
CIRCLE
  5
248
330
1F
100
AcDbEntity
  8
0
  6
Continuous
 62
     7
370
    70
100
AcDbCircle
 10
173.8021977095
 20
348.2751692308
 30
0.0
 40
31.0
  0
CIRCLE
  5
249
330
1F
100
AcDbEntity
  8
0
  6
Continuous
 62
     7
370
    70
100
AcDbCircle
 10
173.8021977095
 20
391.5751692308
 30
0.0
 40
3.263899999999978
  0
CIRCLE
  5
24A
330
1F
100
AcDbEntity
  8
0
  6
Continuous
 62
     7
370
    70
100
AcDbCircle
 10
173.8021977095
 20
248.5751692308
 30
0.0
 40
3.263900000000007
  0
CIRCLE
  5
24B
330
1F
100
AcDbEntity
  8
0
  6
Continuous
 62
     7
370
    70
100
AcDbCircle
 10
155.3771977095
 20
385.5751692308
 30
0.0
 40
1.422399999999982
  0
LINE
  5
24C
330
1F
100
AcDbEntity
  8
0
  6
Continuous
 62
     7
370
    70
100
AcDbLine
 10
191.5521977095
 20
394.5751692308
 30
0.0
 11
192.9021977095
 21
394.5751692308
 31
0.0
  0
ARC
  5
24D
330
1F
100
AcDbEntity
  8
0
  6
Continuous
 62
     7
370
    70
100
AcDbCircle
 10
190.8021977095
 20
394.5751692308
 30
0.0
 40
0.7500000000000001
100
AcDbArc
 50
0.0
 51
228.4554906359
  0
ARC
  5
24E
330
1F
100
AcDbEntity
  8
0
  6
Continuous
 62
     7
370
    70
100
AcDbCircle
 10
189.0299754873
 20
392.5751692308
 30
0.0
 40
1.922222222222215
100
AcDbArc
 50
311.5445093641
 51
48.4554906359
  0
ARC
  5
24F
330
1F
100
AcDbEntity
  8
0
  6
Continuous
 62
     7
370
    70
100
AcDbCircle
 10
190.8021977095
 20
390.5751692308
 30
0.0
 40
0.7500000000000001
100
AcDbArc
 50
131.5445093641
 51
0.0
  0
LINE
  5
250
330
1F
100
AcDbEntity
  8
0
  6
Continuous
 62
     7
370
    70
100
AcDbLine
 10
192.9021977095
 20
390.5751692308
 30
0.0
 11
191.5521977095
 21
390.5751692308
 31
0.0
  0
ARC
  5
251
330
1F
100
AcDbEntity
  8
0
  6
Continuous
 62
     7
370
    70
100
AcDbCircle
 10
193.6521977095
 20
390.5751692308
 30
0.0
 40
0.75
100
AcDbArc
 50
180.0
 51
48.4554906359
  0
ARC
  5
252
330
1F
100
AcDbEntity
  8
0
  6
Continuous
 62
     7
370
    70
100
AcDbCircle
 10
195.4244199317
 20
392.5751692308
 30
0.0
 40
1.922222222222215
100
AcDbArc
 50
131.5445093641
 51
228.4554906359
  0
ARC
  5
253
330
1F
100
AcDbEntity
  8
0
  6
Continuous
 62
     7
370
    70
100
AcDbCircle
 10
193.6521977095
 20
394.5751692308
 30
0.0
 40
0.7500000000000001
100
AcDbArc
 50
311.5445093641
 51
180.0
  0
LINE
  5
254
330
1F
100
AcDbEntity
  8
0
  6
Continuous
 62
     7
370
    70
100
AcDbLine
 10
191.5521977095
 20
380.5751692308
 30
0.0
 11
192.9021977095
 21
380.5751692308
 31
0.0
  0
ARC
  5
255
330
1F
100
AcDbEntity
  8
0
  6
Continuous
 62
     7
370
    70
100
AcDbCircle
 10
190.8021977095
 20
380.5751692308
 30
0.0
 40
0.7500000000000001
100
AcDbArc
 50
0.0
 51
228.4554906359
  0
ARC
  5
256
330
1F
100
AcDbEntity
  8
0
  6
Continuous
 62
     7
370
    70
100
AcDbCircle
 10
189.0299754873
 20
378.5751692308
 30
0.0
 40
1.922222222222215
100
AcDbArc
 50
311.5445093641
 51
48.4554906359
  0
ARC
  5
257
330
1F
100
AcDbEntity
  8
0
  6
Continuous
 62
     7
370
    70
100
AcDbCircle
 10
190.8021977095
 20
376.5751692308
 30
0.0
 40
0.7500000000000001
100
AcDbArc
 50
131.5445093641
 51
0.0
  0
LINE
  5
258
330
1F
100
AcDbEntity
  8
0
  6
Continuous
 62
     7
370
    70
100
AcDbLine
 10
192.9021977095
 20
376.5751692308
 30
0.0
 11
191.5521977095
 21
376.5751692308
 31
0.0
  0
ARC
  5
259
330
1F
100
AcDbEntity
  8
0
  6
Continuous
 62
     7
370
    70
100
AcDbCircle
 10
193.6521977095
 20
376.5751692308
 30
0.0
 40
0.750000000000019
100
AcDbArc
 50
180.0
 51
48.4554906359
  0
ARC
  5
25A
330
1F
100
AcDbEntity
  8
0
  6
Continuous
 62
     7
370
    70
100
AcDbCircle
 10
195.4244199317
 20
378.5751692308
 30
0.0
 40
1.922222222222215
100
AcDbArc
 50
131.5445093641
 51
228.4554906359
  0
ARC
  5
25B
330
1F
100
AcDbEntity
  8
0
  6
Continuous
 62
     7
370
    70
100
AcDbCircle
 10
193.6521977095
 20
380.5751692308
 30
0.0
 40
0.75
100
AcDbArc
 50
311.5445093641
 51
180.0
  0
CIRCLE
  5
25C
330
1F
100
AcDbEntity
  8
0
  6
Continuous
 62
     7
370
    70
100
AcDbCircle
 10
192.2271977095
 20
385.5751692308
 30
0.0
 40
1.422399999999982
  0
ARC
  5
25D
330
1F
100
AcDbEntity
  8
0
  6
Continuous
 62
     7
370
    70
100
AcDbCircle
 10
152.1799754873
 20
392.5751692308
 30
0.0
 40
1.922222222222215
100
AcDbArc
 50
311.5445093641
 51
48.4554906359
  0
ARC
  5
25E
330
1F
100
AcDbEntity
  8
0
  6
Continuous
 62
     7
370
    70
100
AcDbCircle
 10
153.9521977095
 20
390.5751692308
 30
0.0
 40
0.75
100
AcDbArc
 50
131.5445093641
 51
0.0
  0
LINE
  5
25F
330
1F
100
AcDbEntity
  8
0
  6
Continuous
 62
     7
370
    70
100
AcDbLine
 10
156.0521977095
 20
390.5751692308
 30
0.0
 11
154.7021977095
 21
390.5751692308
 31
0.0
  0
ARC
  5
260
330
1F
100
AcDbEntity
  8
0
  6
Continuous
 62
     7
370
    70
100
AcDbCircle
 10
156.8021977095
 20
390.5751692308
 30
0.0
 40
0.750000000000019
100
AcDbArc
 50
180.0
 51
48.4554906359
  0
ARC
  5
261
330
1F
100
AcDbEntity
  8
0
  6
Continuous
 62
     7
370
    70
100
AcDbCircle
 10
158.5744199317
 20
392.5751692308
 30
0.0
 40
1.922222222222215
100
AcDbArc
 50
131.5445093641
 51
228.4554906359
  0
ARC
  5
262
330
1F
100
AcDbEntity
  8
0
  6
Continuous
 62
     7
370
    70
100
AcDbCircle
 10
156.8021977095
 20
394.5751692308
 30
0.0
 40
0.750000000000019
100
AcDbArc
 50
311.5445093641
 51
180.0
  0
LINE
  5
263
330
1F
100
AcDbEntity
  8
0
  6
Continuous
 62
     7
370
    70
100
AcDbLine
 10
154.7021977095
 20
394.5751692308
 30
0.0
 11
156.0521977095
 21
394.5751692308
 31
0.0
  0
ARC
  5
264
330
1F
100
AcDbEntity
  8
0
  6
Continuous
 62
     7
370
    70
100
AcDbCircle
 10
153.9521977095
 20
394.5751692308
 30
0.0
 40
0.7500000000000284
100
AcDbArc
 50
0.0
 51
228.4554906359
  0
ARC
  5
265
330
1F
100
AcDbEntity
  8
0
  6
Continuous
 62
     7
370
    70
100
AcDbCircle
 10
152.1799754873
 20
378.5751692308
 30
0.0
 40
1.922222222222215
100
AcDbArc
 50
311.5445093641
 51
48.4554906359
  0
ARC
  5
266
330
1F
100
AcDbEntity
  8
0
  6
Continuous
 62
     7
370
    70
100
AcDbCircle
 10
153.9521977095
 20
376.5751692308
 30
0.0
 40
0.7500000000000284
100
AcDbArc
 50
131.5445093641
 51
0.0
  0
LINE
  5
267
330
1F
100
AcDbEntity
  8
0
  6
Continuous
 62
     7
370
    70
100
AcDbLine
 10
156.0521977095
 20
376.5751692308
 30
0.0
 11
154.7021977095
 21
376.5751692308
 31
0.0
  0
ARC
  5
268
330
1F
100
AcDbEntity
  8
0
  6
Continuous
 62
     7
370
    70
100
AcDbCircle
 10
156.8021977095
 20
376.5751692308
 30
0.0
 40
0.750000000000019
100
AcDbArc
 50
180.0
 51
48.4554906359
  0
ARC
  5
269
330
1F
100
AcDbEntity
  8
0
  6
Continuous
 62
     7
370
    70
100
AcDbCircle
 10
158.5744199317
 20
378.5751692308
 30
0.0
 40
1.922222222222215
100
AcDbArc
 50
131.5445093641
 51
228.4554906359
  0
ARC
  5
26A
330
1F
100
AcDbEntity
  8
0
  6
Continuous
 62
     7
370
    70
100
AcDbCircle
 10
156.8021977095
 20
380.5751692308
 30
0.0
 40
0.750000000000019
100
AcDbArc
 50
311.5445093641
 51
180.0
  0
LINE
  5
26B
330
1F
100
AcDbEntity
  8
0
  6
Continuous
 62
     7
370
    70
100
AcDbLine
 10
154.7021977095
 20
380.5751692308
 30
0.0
 11
156.0521977095
 21
380.5751692308
 31
0.0
  0
ARC
  5
26C
330
1F
100
AcDbEntity
  8
0
  6
Continuous
 62
     7
370
    70
100
AcDbCircle
 10
153.9521977095
 20
380.5751692308
 30
0.0
 40
0.7500000000000284
100
AcDbArc
 50
0.0
 51
228.4554906359
  0
CIRCLE
  5
26D
330
1F
100
AcDbEntity
  8
0
  6
Continuous
 62
     7
370
    70
100
AcDbCircle
 10
220.294887742
 20
340.9674679138
 30
0.0
 40
1.422399999999982
  0
ARC
  5
26E
330
1F
100
AcDbEntity
  8
0
  6
Continuous
 62
     7
370
    70
100
AcDbCircle
 10
212.6340988044
 20
340.2363435798
 30
0.0
 40
1.922222222222251
100
AcDbArc
 50
251.5445093641
 51
348.4554906359
  0
ARC
  5
26F
330
1F
100
AcDbEntity
  8
0
  6
Continuous
 62
     7
370
    70
100
AcDbCircle
 10
211.788159108
 20
337.7015541142
 30
0.0
 40
0.7500000000000139
100
AcDbArc
 50
71.5445093641
 51
300.0
  0
LINE
  5
270
330
1F
100
AcDbEntity
  8
0
  6
Continuous
 62
     7
370
    70
100
AcDbLine
 10
212.163159108
 20
337.0520350614
 30
0.0
 11
212.838159108
 21
335.8829007663
 31
0.0
  0
ARC
  5
271
330
1F
100
AcDbEntity
  8
0
  6
Continuous
 62
     7
370
    70
100
AcDbCircle
 10
213.213159108
 20
335.2333817135
 30
0.0
 40
0.7499999999999942
100
AcDbArc
 50
120.0
 51
348.4554906359
  0
ARC
  5
272
330
1F
100
AcDbEntity
  8
0
  6
Continuous
 62
     7
370
    70
100
AcDbCircle
 10
215.8313210267
 20
334.6985922479
 30
0.0
 40
1.922222222222235
100
AcDbArc
 50
71.5445093641
 51
168.4554906359
  0
ARC
  5
273
330
1F
100
AcDbEntity
  8
0
  6
Continuous
 62
     7
370
    70
100
AcDbCircle
 10
216.6772607231
 20
337.2333817135
 30
0.0
 40
0.7500000000000229
100
AcDbArc
 50
251.5445093641
 51
120.0
  0
LINE
  5
274
330
1F
100
AcDbEntity
  8
0
  6
Continuous
 62
     7
370
    70
100
AcDbLine
 10
216.3022607231
 20
337.8829007663
 30
0.0
 11
215.6272607231
 21
339.0520350614
 31
0.0
  0
ARC
  5
275
330
1F
100
AcDbEntity
  8
0
  6
Continuous
 62
     7
370
    70
100
AcDbCircle
 10
215.2522607231
 20
339.7015541142
 30
0.0
 40
0.7499999999999777
100
AcDbArc
 50
300.0
 51
168.4554906359
  0
ARC
  5
276
330
1F
100
AcDbEntity
  8
0
  6
Continuous
 62
     7
370
    70
100
AcDbCircle
 10
224.7584544574
 20
347.2363435798
 30
0.0
 40
1.922222222222238
100
AcDbArc
 50
251.5445093641
 51
348.4554906359
  0
ARC
  5
277
330
1F
100
AcDbEntity
  8
0
  6
Continuous
 62
     7
370
    70
100
AcDbCircle
 10
223.912514761
 20
344.7015541142
 30
0.0
 40
0.7500000000000139
100
AcDbArc
 50
71.5445093641
 51
300.0
  0
LINE
  5
278
330
1F
100
AcDbEntity
  8
0
  6
Continuous
 62
     7
370
    70
100
AcDbLine
 10
224.287514761
 20
344.0520350614
 30
0.0
 11
224.962514761
 21
342.8829007663
 31
0.0
  0
ARC
  5
279
330
1F
100
AcDbEntity
  8
0
  6
Continuous
 62
     7
370
    70
100
AcDbCircle
 10
225.337514761
 20
342.2333817135
 30
0.0
 40
0.7500000000000123
100
AcDbArc
 50
120.0
 51
348.4554906359
  0
ARC
  5
27A
330
1F
100
AcDbEntity
  8
0
  6
Continuous
 62
     7
370
    70
100
AcDbCircle
 10
227.9556766796
 20
341.6985922479
 30
0.0
 40
1.922222222222238
100
AcDbArc
 50
71.5445093641
 51
168.4554906359
  0
ARC
  5
27B
330
1F
100
AcDbEntity
  8
0
  6
Continuous
 62
     7
370
    70
100
AcDbCircle
 10
228.8016163761
 20
344.2333817135
 30
0.0
 40
0.7500000000000139
100
AcDbArc
 50
251.5445093641
 51
120.0
  0
LINE
  5
27C
330
1F
100
AcDbEntity
  8
0
  6
Continuous
 62
     7
370
    70
100
AcDbLine
 10
228.4266163761
 20
344.8829007663
 30
0.0
 11
227.7516163761
 21
346.0520350614
 31
0.0
  0
ARC
  5
27D
330
1F
100
AcDbEntity
  8
0
  6
Continuous
 62
     7
370
    70
100
AcDbCircle
 10
227.3766163761
 20
346.7015541142
 30
0.0
 40
0.7499999999999777
100
AcDbArc
 50
300.0
 51
168.4554906359
  0
CIRCLE
  5
27E
330
1F
100
AcDbEntity
  8
0
  6
Continuous
 62
     7
370
    70
100
AcDbCircle
 10
258.3307138609
 20
281.8674845682
 30
0.0
 40
1.75
  0
CIRCLE
  5
27F
330
1F
100
AcDbEntity
  8
0
  6
Continuous
 62
     7
370
    70
100
AcDbCircle
 10
233.2159771511
 20
267.3674845682
 30
0.0
 40
1.750000000000057
  0
CIRCLE
  5
280
330
1F
100
AcDbEntity
  8
0
  6
Continuous
 62
     7
370
    70
100
AcDbCircle
 10
201.2330381635
 20
263.2400500624
 30
0.0
 40
1.75
  0
CIRCLE
  5
281
330
1F
100
AcDbEntity
  8
0
  6
Continuous
 62
     7
370
    70
100
AcDbCircle
 10
128.2330381635
 20
271.4189775591
 30
0.0
 40
1.749999999999943
  0
CIRCLE
  5
282
330
1F
100
AcDbEntity
  8
0
  6
Continuous
 62
     7
370
    70
100
AcDbCircle
 10
96.5520857901
 20
303.3770322044
 30
0.0
 40
1.75
  0
CIRCLE
  5
283
330
1F
100
AcDbEntity
  8
0
  6
Continuous
 62
     7
370
    70
100
AcDbCircle
 10
84.4521977095
 20
348.2751692308
 30
0.0
 40
1.75
  0
CIRCLE
  5
284
330
1F
100
AcDbEntity
  8
0
  6
Continuous
 62
     7
370
    70
100
AcDbCircle
 10
84.4521977095
 20
387.5751692308
 30
0.0
 40
1.750000000000057
  0
LINE
  5
285
330
1F
100
AcDbEntity
  8
0
  6
Continuous
 62
     7
370
    70
100
AcDbLine
 10
238.8765533625
 20
263.56307897
 30
0.0
 11
258.7951376495
 21
275.06307897
 31
0.0
  0
LINE
  5
286
330
1F
100
AcDbEntity
  8
0
  6
Continuous
 62
     7
370
    70
100
AcDbLine
 10
258.7951376495
 20
275.06307897
 30
0.0
 11
252.5451376495
 21
285.8883965173
 31
0.0
  0
LINE
  5
287
330
1F
100
AcDbEntity
  8
0
  6
Continuous
 62
     7
370
    70
100
AcDbLine
 10
252.5451376495
 20
285.8883965173
 30
0.0
 11
232.6265533625
 21
274.3883965173
 31
0.0
  0
LINE
  5
288
330
1F
100
AcDbEntity
  8
0
  6
Continuous
 62
     7
370
    70
100
AcDbLine
 10
232.6265533625
 20
274.3883965173
 30
0.0
 11
238.8765533625
 21
263.56307897
 31
0.0
  0
LINE
  5
289
330
1F
100
AcDbEntity
  8
0
  6
Continuous
 62
     7
370
    70
100
AcDbLine
 10
276.2436356965
 20
307.5013938369
 30
0.0
 11
275.5686356965
 21
308.670528132
 31
0.0
  0
ARC
  5
28A
330
1F
100
AcDbEntity
  8
0
  6
Continuous
 62
     7
370
    70
100
AcDbCircle
 10
275.1936356965
 20
309.3200471848
 30
0.0
 40
0.7499999999999986
100
AcDbArc
 50
300.0
 51
142.619864948
  0
ARC
  5
28B
330
1F
100
AcDbEntity
  8
0
  6
Continuous
 62
     7
370
    70
100
AcDbCircle
 10
265.8965213794
 20
316.4231215457
 30
0.0
 40
10.95000000000005
100
AcDbArc
 50
277.380135052
 51
322.619864948
  0
ARC
  5
28C
330
1F
100
AcDbEntity
  8
0
  6
Continuous
 62
     7
370
    70
100
AcDbCircle
 10
267.3994070624
 20
304.8200471848
 30
0.0
 40
0.7500000000000123
100
AcDbArc
 50
97.380135052
 51
300.0
  0
LINE
  5
28D
330
1F
100
AcDbEntity
  8
0
  6
Continuous
 62
     7
370
    70
100
AcDbLine
 10
267.7744070624
 20
304.170528132
 30
0.0
 11
268.4494070624
 21
303.0013938369
 31
0.0
  0
ARC
  5
28E
330
1F
100
AcDbEntity
  8
0
  6
Continuous
 62
     7
370
    70
100
AcDbCircle
 10
268.8244070624
 20
302.3518747841
 30
0.0
 40
0.7500000000000407
100
AcDbArc
 50
120.0
 51
322.619864948
  0
ARC
  5
28F
330
1F
100
AcDbEntity
  8
0
  6
Continuous
 62
     7
370
    70
100
AcDbCircle
 10
278.1215213794
 20
295.2488004232
 30
0.0
 40
10.94999999999998
100
AcDbArc
 50
97.380135052
 51
142.619864948
  0
ARC
  5
290
330
1F
100
AcDbEntity
  8
0
  6
Continuous
 62
     7
370
    70
100
AcDbCircle
 10
276.6186356965
 20
306.8518747841
 30
0.0
 40
0.7500000000000405
100
AcDbArc
 50
277.380135052
 51
120.0
  0
CIRCLE
  5
291
330
1F
100
AcDbEntity
  8
0
  6
Continuous
 62
     7
370
    70
100
AcDbCircle
 10
517.5792825509
 20
278.3105571885
 30
0.0
 40
1.75
  0
CIRCLE
  5
292
330
1F
100
AcDbEntity
  8
0
  6
Continuous
 62
     7
370
    70
100
AcDbCircle
 10
492.4645458411
 20
263.8105571885
 30
0.0
 40
1.75
  0
CIRCLE
  5
293
330
1F
100
AcDbEntity
  8
0
  6
Continuous
 62
     7
370
    70
100
AcDbCircle
 10
460.4816068535
 20
259.6831226827
 30
0.0
 40
1.749999999999943
  0
CIRCLE
  5
294
330
1F
100
AcDbEntity
  8
0
  6
Continuous
 62
     7
370
    70
100
AcDbCircle
 10
387.4816068535
 20
267.8620501794
 30
0.0
 40
1.750000000000057
  0
CIRCLE
  5
295
330
1F
100
AcDbEntity
  8
0
  6
Continuous
 62
     7
370
    70
100
AcDbCircle
 10
355.8006544801
 20
299.8201048247
 30
0.0
 40
1.749999999999943
  0
CIRCLE
  5
296
330
1F
100
AcDbEntity
  8
0
  6
Continuous
 62
     7
370
    70
100
AcDbCircle
 10
343.7007663995
 20
344.7182418511
 30
0.0
 40
1.75
  0
CIRCLE
  5
297
330
1F
100
AcDbEntity
  8
0
  6
Continuous
 62
     7
370
    70
100
AcDbCircle
 10
343.7007663995
 20
384.0182418511
 30
0.0
 40
1.749999999999943
  0
LINE
  5
298
330
1F
100
AcDbEntity
  8
0
  6
Continuous
 62
     7
370
    70
100
AcDbLine
 10
498.1251220525
 20
260.0061515903
 30
0.0
 11
518.0437063395
 21
271.5061515903
 31
0.0
  0
ARC
  5
299
330
1F
100
AcDbEntity
  8
0
  6
Continuous
 62
     7
370
    70
100
AcDbCircle
 10
520.792344618
 20
284.697819051
 30
0.0
 40
2.000000000000066
100
AcDbArc
 50
30.0
 51
142.0673162752
  0
LINE
  5
29A
330
1F
100
AcDbEntity
  8
0
  6
Continuous
 62
     7
370
    70
100
AcDbLine
 10
522.5243954255
 20
285.697819051
 30
0.0
 11
528.7743954255
 21
274.8725015037
 31
0.0
  0
ARC
  5
29B
330
1F
100
AcDbEntity
  8
0
  6
Continuous
 62
     7
370
    70
100
AcDbCircle
 10
527.042344618
 20
273.8725015037
 30
0.0
 40
2.000000000000066
100
AcDbArc
 50
300.0
 51
30.0
  0
LINE
  5
29C
330
1F
100
AcDbEntity
  8
0
  6
Continuous
 62
     7
370
    70
100
AcDbLine
 10
489.780640983
 20
250.0500458029
 30
0.0
 11
528.042344618
 21
272.1404506961
 31
0.0
  0
ARC
  5
29D
330
1F
100
AcDbEntity
  8
0
  6
Continuous
 62
     7
370
    70
100
AcDbCircle
 10
488.780640983
 20
251.7820966104
 30
0.0
 40
2.000000000000048
100
AcDbArc
 50
190.7055761513
 51
300.0
  0
LINE
  5
29E
330
1F
100
AcDbEntity
  8
0
  6
Continuous
 62
     7
370
    70
100
AcDbLine
 10
484.1450145426
 20
265.5359252299
 30
0.0
 11
486.8154515382
 21
251.4105721213
 31
0.0
  0
ARC
  5
29F
330
1F
100
AcDbEntity
  8
0
  6
Continuous
 62
     7
370
    70
100
AcDbCircle
 10
482.1798250978
 20
265.1644007408
 30
0.0
 40
2.000000000000053
100
AcDbArc
 50
10.7055761513
 51
100.7055761513
  0
LINE
  5
2A0
330
1F
100
AcDbEntity
  8
0
  6
Continuous
 62
     7
370
    70
100
AcDbLine
 10
475.0424190648
 20
265.8504816037
 30
0.0
 11
481.8083006087
 21
267.1295901856
 31
0.0
  0
ARC
  5
2A1
330
1F
100
AcDbEntity
  8
0
  6
Continuous
 62
     7
370
    70
100
AcDbCircle
 10
433.0507663995
 20
344.7182418511
 30
0.0
 40
89.34999999999998
100
AcDbArc
 50
293.4667019933
 51
298.0322279858
  0
ARC
  5
2A2
330
1F
100
AcDbEntity
  8
0
  6
Continuous
 62
     7
370
    70
100
AcDbCircle
 10
469.8260179816
 20
260.0063573775
 30
0.0
 40
3.000000000000025
100
AcDbArc
 50
113.4667019933
 51
181.9811416829
  0
ARC
  5
2A3
330
1F
100
AcDbEntity
  8
0
  6
Continuous
 62
     7
370
    70
100
AcDbCircle
 10
460.4816068535
 20
259.6831226827
 30
0.0
 40
6.35000000000007
100
AcDbArc
 50
213.7764429565
 51
1.9811416829
  0
ARC
  5
2A4
330
1F
100
AcDbEntity
  8
0
  6
Continuous
 62
     7
370
    70
100
AcDbCircle
 10
452.7097641923
 20
254.4849536156
 30
0.0
 40
2.999999999999985
100
AcDbArc
 50
33.7764429565
 51
102.2908826461
  0
ARC
  5
2A5
330
1F
100
AcDbEntity
  8
0
  6
Continuous
 62
     7
370
    70
100
AcDbCircle
 10
433.0507663995
 20
344.7182418511
 30
0.0
 40
89.34999999999997
100
AcDbArc
 50
244.9235882453
 51
282.2908826461
  0
ARC
  5
2A6
330
1F
100
AcDbEntity
  8
0
  6
Continuous
 62
     7
370
    70
100
AcDbCircle
 10
393.9103825784
 20
261.0728423701
 30
0.0
 40
3.000000000000024
100
AcDbArc
 50
64.9235882453
 51
133.4380279349
  0
ARC
  5
2A7
330
1F
100
AcDbEntity
  8
0
  6
Continuous
 62
     7
370
    70
100
AcDbCircle
 10
387.4816068535
 20
267.8620501794
 30
0.0
 40
6.350000000000042
100
AcDbArc
 50
165.2333292086
 51
313.4380279349
  0
ARC
  5
2A8
330
1F
100
AcDbEntity
  8
0
  6
Continuous
 62
     7
370
    70
100
AcDbCircle
 10
378.4404203463
 20
270.2452091214
 30
0.0
 40
3.00000000000003
100
AcDbArc
 50
345.2333292086
 51
53.7477688981
  0
ARC
  5
2A9
330
1F
100
AcDbEntity
  8
0
  6
Continuous
 62
     7
370
    70
100
AcDbCircle
 10
433.0507663995
 20
344.7182418511
 30
0.0
 40
89.34999999999994
100
AcDbArc
 50
215.7532701319
 51
233.7477688981
  0
ARC
  5
2AA
330
1F
100
AcDbEntity
  8
0
  6
Continuous
 62
     7
370
    70
100
AcDbCircle
 10
358.1049887715
 20
290.7585076436
 30
0.0
 40
3.000000000000078
100
AcDbArc
 50
35.7532701319
 51
104.2677098215
  0
ARC
  5
2AB
330
1F
100
AcDbEntity
  8
0
  6
Continuous
 62
     7
370
    70
100
AcDbCircle
 10
355.8006544801
 20
299.8201048247
 30
0.0
 40
6.350000000000039
100
AcDbArc
 50
136.0630110952
 51
284.2677098215
  0
ARC
  5
2AC
330
1F
100
AcDbEntity
  8
0
  6
Continuous
 62
     7
370
    70
100
AcDbCircle
 10
349.0676884711
 20
306.3077599267
 30
0.0
 40
3.00000000000002
100
AcDbArc
 50
316.0630110952
 51
24.5774507848
  0
ARC
  5
2AD
330
1F
100
AcDbEntity
  8
0
  6
Continuous
 62
     7
370
    70
100
AcDbCircle
 10
433.0507663995
 20
344.7182418511
 30
0.0
 40
89.34999999999998
100
AcDbArc
 50
186.3500436846
 51
204.5774507848
  0
ARC
  5
2AE
330
1F
100
AcDbEntity
  8
0
  6
Continuous
 62
     7
370
    70
100
AcDbCircle
 10
341.2673584532
 20
334.5041082233
 30
0.0
 40
3.000000000000014
100
AcDbArc
 50
6.3500436846
 51
76.5996917065
  0
ARC
  5
2AF
330
1F
100
AcDbEntity
  8
0
  6
Continuous
 62
     7
370
    70
100
AcDbCircle
 10
343.7007663995
 20
344.7182418511
 30
0.0
 40
7.500000000000023
100
AcDbArc
 50
106.601549599
 51
256.5996917065
  0
ARC
  5
2B0
330
1F
100
AcDbEntity
  8
0
  6
Continuous
 62
     7
370
    70
100
AcDbCircle
 10
340.7007663995
 20
354.7805477499
 30
0.0
 40
3.0
100
AcDbArc
 50
286.601549599
 51
0.0
  0
LINE
  5
2B1
330
1F
100
AcDbEntity
  8
0
  6
Continuous
 62
     7
370
    70
100
AcDbLine
 10
343.7007663995
 20
354.7805477499
 30
0.0
 11
343.7007663995
 21
375.1625939358
 31
0.0
  0
ARC
  5
2B2
330
1F
100
AcDbEntity
  8
0
  6
Continuous
 62
     7
370
    70
100
AcDbCircle
 10
340.7007663995
 20
375.1625939358
 30
0.0
 40
3.000000000000024
100
AcDbArc
 50
0.0
 51
71.2853232629
  0
ARC
  5
2B3
330
1F
100
AcDbEntity
  8
0
  6
Continuous
 62
     7
370
    70
100
AcDbCircle
 10
343.7007663995
 20
384.0182418511
 30
0.0
 40
6.350000000000007
100
AcDbArc
 50
0.0
 51
251.2853232629
  0
LINE
  5
2B4
330
1F
100
AcDbEntity
  8
0
  6
Continuous
 62
     7
370
    70
100
AcDbLine
 10
350.0507663995
 20
344.7182418511
 30
0.0
 11
350.0507663995
 21
384.0182418511
 31
0.0
  0
ARC
  5
2B5
330
1F
100
AcDbEntity
  8
0
  6
Continuous
 62
     7
370
    70
100
AcDbCircle
 10
433.0507663995
 20
344.7182418511
 30
0.0
 40
83.0
100
AcDbArc
 50
180.0
 51
298.0322279858
  0
LINE
  5
2B6
330
1F
100
AcDbEntity
  8
0
  6
Continuous
 62
     7
370
    70
100
AcDbLine
 10
488.2059703309
 20
274.5083164936
 30
0.0
 11
472.0581214215
 21
271.4555210841
 31
0.0
  0
ARC
  5
2B7
330
1F
100
AcDbEntity
  8
0
  6
Continuous
 62
     7
370
    70
100
AcDbCircle
 10
488.57749482
 20
272.5431270488
 30
0.0
 40
1.999999999999967
100
AcDbArc
 50
30.0
 51
100.7055761513
  0
LINE
  5
2B8
330
1F
100
AcDbEntity
  8
0
  6
Continuous
 62
     7
370
    70
100
AcDbLine
 10
498.1251220525
 20
260.0061515903
 30
0.0
 11
490.3095456275
 21
273.5431270488
 31
0.0
  0
LINE
  5
2B9
330
1F
100
AcDbEntity
  8
0
  6
Continuous
 62
     7
370
    70
100
AcDbLine
 10
515.1064186597
 20
276.5936830882
 30
0.0
 11
518.0437063395
 21
271.5061515903
 31
0.0
  0
ARC
  5
2BA
330
1F
100
AcDbEntity
  8
0
  6
Continuous
 62
     7
370
    70
100
AcDbCircle
 10
518.5705202748
 20
278.5936830882
 30
0.0
 40
4.000000000000033
100
AcDbArc
 50
142.0673162752
 51
210.0
  0
LINE
  5
2BB
330
1F
100
AcDbEntity
  8
0
  6
Continuous
 62
     7
370
    70
100
AcDbLine
 10
519.214877529
 20
285.9272894993
 30
0.0
 11
515.4155860969
 21
281.0526239849
 31
0.0
  0
MTEXT
  5
2BD
330
1F
100
AcDbEntity
  8
0
  6
Continuous
 62
     7
100
AcDbMText
 10
0.0
 20
22.0602986318
 30
0.0
 40
7.90956
 41
0.0
 71
     1
 72
     1
  1
SOLIDWORKS Educational Product.
  7
SLDTEXTSTYLE0
 73
     1
 44
1.0
  0
MTEXT
  5
2BE
330
1F
100
AcDbEntity
  8
0
  6
Continuous
 62
     7
100
AcDbMText
 10
0.0
 20
10.1959586318
 30
0.0
 40
7.90956
 41
0.0
 71
     1
 72
     1
  1
For Instructional Use Only.
  7
SLDTEXTSTYLE0
 73
     1
 44
1.0
  0
VIEWPORT
  5
2BF
330
1B
100
AcDbEntity
 67
     1
  8
0
100
AcDbViewport
 10
304.8
 20
228.6
 30
0.0
 40
644.9568
 41
483.7176
 68
     1
 69
     1
 12
304.8
 22
228.6
 13
0.0
 23
0.0
 14
10.0
 24
10.0
 15
10.0
 25
10.0
 16
0.0
 26
0.0
 36
1.0
 17
0.0
 27
0.0
 37
0.0
 42
50.0
 43
0.0
 44
0.0
 45
483.7176
 50
0.0
 51
0.0
 72
   100
 90
   557152
  1

281
     0
 71
     1
 74
     0
110
0.0
120
0.0
130
0.0
111
1.0
121
0.0
131
0.0
112
0.0
122
1.0
132
0.0
 79
     0
146
0.0
  0
LINE
  5
2C1
330
1B
100
AcDbEntity
 67
     1
  8
DIM
100
AcDbLine
 10
270.2222654037
 20
18.4677585056
 30
0.0
 11
271.07895959
 21
7.7788905317
 31
0.0
  0
LINE
  5
2C2
330
1B
100
AcDbEntity
 67
     1
  8
DIM
100
AcDbLine
 10
252.1801457246
 20
9.9586584952
 30
0.0
 11
268.7501458
 21
9.9586584952
 31
0.0
  0
LINE
  5
2C3
330
1B
100
AcDbEntity
 67
     1
  8
DIM
100
AcDbLine
 10
234.4001457246
 20
9.9586584952
 30
0.0
 11
249.6801457246
 21
9.9586584952
 31
0.0
  0
LINE
  5
2C4
330
1B
100
AcDbEntity
 67
     1
  8
DIM
100
AcDbLine
 10
214.6389457246
 20
9.9586584952
 30
0.0
 11
231.9001457246
 21
9.9586584952
 31
0.0
  0
LINE
  5
2C5
330
1B
100
AcDbEntity
 67
     1
  8
DIM
100
AcDbLine
 10
175.2412632389
 20
9.9586584952
 30
0.0
 11
212.1389457246
 21
9.9586584952
 31
0.0
  0
LINE
  5
2C6
330
1B
100
AcDbEntity
 67
     1
  8
DIM
100
AcDbLine
 10
149.7357635616
 20
9.9586584952
 30
0.0
 11
172.7412632389
 21
9.9586584952
 31
0.0
  0
LINE
  5
2C7
330
1B
100
AcDbEntity
 67
     1
  8
DIM
100
AcDbLine
 10
149.7357635616
 20
9.9586584952
 30
0.0
 11
172.7412632389
 21
9.9586584952
 31
0.0
  0
ARC
  5
2C8
330
1B
100
AcDbEntity
 67
     1
  8
0
  6
Continuous
 62
     7
370
    70
100
AcDbCircle
 10
69.8355043303
 20
293.3978644482
 30
0.0
 40
7.499999999999977
100
AcDbArc
 50
157.5184680179
 51
208.6863853465
  0
CIRCLE
  5
2C9
330
1B
100
AcDbEntity
 67
     1
  8
0
  6
Continuous
 62
     7
370
    70
100
AcDbCircle
 10
60.1055043303
 20
250.5202644482
 30
0.0
 40
1.42240000000001
  0
CIRCLE
  5
2CA
330
1B
100
AcDbEntity
 67
     1
  8
0
  6
Continuous
 62
     7
370
    70
100
AcDbCircle
 10
60.1055043303
 20
303.0978644482
 30
0.0
 40
1.422399999999982
  0
ARC
  5
2CB
330
1B
100
AcDbEntity
 67
     1
  8
0
  6
Continuous
 62
     7
370
    70
100
AcDbCircle
 10
62.7255043303
 20
308.0978644482
 30
0.0
 40
0.750000000000011
100
AcDbArc
 50
180.0
 51
22.619864948
  0
ARC
  5
2CC
330
1B
100
AcDbEntity
 67
     1
  8
0
  6
Continuous
 62
     7
370
    70
100
AcDbCircle
 10
73.5255043303
 20
312.5978644482
 30
0.0
 40
10.95
100
AcDbArc
 50
157.380135052
 51
202.619864948
  0
LINE
  5
2CD
330
1B
100
AcDbEntity
 67
     1
  8
0
  6
Continuous
 62
     7
370
    70
100
AcDbLine
 10
62.5055043303
 20
264.5202644482
 30
0.0
 11
57.7055043303
 21
264.5202644482
 31
0.0
  0
ARC
  5
2CE
330
1B
100
AcDbEntity
 67
     1
  8
0
  6
Continuous
 62
     7
370
    70
100
AcDbCircle
 10
57.2055043303
 20
264.5202644482
 30
0.0
 40
0.5
100
AcDbArc
 50
360.0
 51
196.4384184978
  0
ARC
  5
2CF
330
1B
100
AcDbEntity
 67
     1
  8
0
  6
Continuous
 62
     7
370
    70
100
AcDbCircle
 10
41.9535812534
 20
260.0202644482
 30
0.0
 40
15.4019230769231
100
AcDbArc
 50
343.5615815022
 51
16.4384184978
  0
ARC
  5
2D0
330
1B
100
AcDbEntity
 67
     1
  8
0
  6
Continuous
 62
     7
370
    70
100
AcDbCircle
 10
57.2055043303
 20
255.5202644482
 30
0.0
 40
0.5
100
AcDbArc
 50
163.5615815022
 51
0.0
  0
LINE
  5
2D1
330
1B
100
AcDbEntity
 67
     1
  8
0
  6
Continuous
 62
     7
370
    70
100
AcDbLine
 10
62.5055043303
 20
255.5202644482
 30
0.0
 11
57.7055043303
 21
255.5202644482
 31
0.0
  0
ARC
  5
2D2
330
1B
100
AcDbEntity
 67
     1
  8
0
  6
Continuous
 62
     7
370
    70
100
AcDbCircle
 10
63.0055043303
 20
255.5202644482
 30
0.0
 40
0.5000000000000071
100
AcDbArc
 50
180.0
 51
16.4384184978
  0
ARC
  5
2D3
330
1B
100
AcDbEntity
 67
     1
  8
0
  6
Continuous
 62
     7
370
    70
100
AcDbCircle
 10
78.2574274072
 20
260.0202644482
 30
0.0
 40
15.40192307692308
100
AcDbArc
 50
163.5615815022
 51
196.4384184978
  0
ARC
  5
2D4
330
1B
100
AcDbEntity
 67
     1
  8
0
  6
Continuous
 62
     7
370
    70
100
AcDbCircle
 10
63.0055043303
 20
264.5202644482
 30
0.0
 40
0.5000000000000151
100
AcDbArc
 50
343.5615815022
 51
180.0
  0
ARC
  5
2D5
330
1B
100
AcDbEntity
 67
     1
  8
0
  6
Continuous
 62
     7
370
    70
100
AcDbCircle
 10
57.2455043303
 20
249.0978644482
 30
0.0
 40
5.000000000000007
100
AcDbArc
 50
180.0
 51
270.0
  0
LINE
  5
2D6
330
1B
100
AcDbEntity
 67
     1
  8
0
  6
Continuous
 62
     7
370
    70
100
AcDbLine
 10
52.2455043303
 20
249.0978644482
 30
0.0
 11
52.2455043303
 21
394.0978644482
 31
0.0
  0
ARC
  5
2D7
330
1B
100
AcDbEntity
 67
     1
  8
0
  6
Continuous
 62
     7
370
    70
100
AcDbCircle
 10
57.2455043303
 20
394.0978644482
 30
0.0
 40
5.000000000000007
100
AcDbArc
 50
90.0
 51
180.0
  0
LINE
  5
2D8
330
1B
100
AcDbEntity
 67
     1
  8
0
  6
Continuous
 62
     7
370
    70
100
AcDbLine
 10
57.2455043303
 20
399.0978644482
 30
0.0
 11
261.1255043303
 21
399.0978644482
 31
0.0
  0
ARC
  5
2D9
330
1B
100
AcDbEntity
 67
     1
  8
0
  6
Continuous
 62
     7
370
    70
100
AcDbCircle
 10
261.1255043303
 20
394.0978644482
 30
0.0
 40
5.0
100
AcDbArc
 50
0.0
 51
90.0
  0
LINE
  5
2DA
330
1B
100
AcDbEntity
 67
     1
  8
0
  6
Continuous
 62
     7
370
    70
100
AcDbLine
 10
266.1255043303
 20
394.0978644482
 30
0.0
 11
266.1255043303
 21
249.0978644482
 31
0.0
  0
ARC
  5
2DB
330
1B
100
AcDbEntity
 67
     1
  8
0
  6
Continuous
 62
     7
370
    70
100
AcDbCircle
 10
261.1255043303
 20
249.0978644482
 30
0.0
 40
5.0
100
AcDbArc
 50
270.0
 51
0.0
  0
LINE
  5
2DC
330
1B
100
AcDbEntity
 67
     1
  8
0
  6
Continuous
 62
     7
370
    70
100
AcDbLine
 10
261.1255043303
 20
244.0978644482
 30
0.0
 11
57.2455043303
 21
244.0978644482
 31
0.0
  0
ARC
  5
2DD
330
1B
100
AcDbEntity
 67
     1
  8
0
  6
Continuous
 62
     7
370
    70
100
AcDbCircle
 10
62.7255043303
 20
289.0978644482
 30
0.0
 40
0.75
100
AcDbArc
 50
180.0
 51
22.619864948
  0
ARC
  5
2DE
330
1B
100
AcDbEntity
 67
     1
  8
0
  6
Continuous
 62
     7
370
    70
100
AcDbCircle
 10
57.4855043303
 20
289.0978644482
 30
0.0
 40
0.75
100
AcDbArc
 50
157.380135052
 51
0.0
  0
LINE
  5
2DF
330
1B
100
AcDbEntity
 67
     1
  8
0
  6
Continuous
 62
     7
370
    70
100
AcDbLine
 10
61.9755043303
 20
289.0978644482
 30
0.0
 11
58.2355043303
 21
289.0978644482
 31
0.0
  0
LINE
  5
2E0
330
1B
100
AcDbEntity
 67
     1
  8
0
  6
Continuous
 62
     7
370
    70
100
AcDbLine
 10
61.9755043303
 20
394.0978644482
 30
0.0
 11
58.2355043303
 21
394.0978644482
 31
0.0
  0
ARC
  5
2E1
330
1B
100
AcDbEntity
 67
     1
  8
0
  6
Continuous
 62
     7
370
    70
100
AcDbCircle
 10
57.4855043303
 20
394.0978644482
 30
0.0
 40
0.750000000000011
100
AcDbArc
 50
0.0
 51
202.619864948
  0
ARC
  5
2E2
330
1B
100
AcDbEntity
 67
     1
  8
0
  6
Continuous
 62
     7
370
    70
100
AcDbCircle
 10
46.6855043303
 20
389.5978644482
 30
0.0
 40
10.94999999999998
100
AcDbArc
 50
337.380135052
 51
22.619864948
  0
ARC
  5
2E3
330
1B
100
AcDbEntity
 67
     1
  8
0
  6
Continuous
 62
     7
370
    70
100
AcDbCircle
 10
57.4855043303
 20
385.0978644482
 30
0.0
 40
0.750000000000011
100
AcDbArc
 50
157.380135052
 51
0.0
  0
LINE
  5
2E4
330
1B
100
AcDbEntity
 67
     1
  8
0
  6
Continuous
 62
     7
370
    70
100
AcDbLine
 10
61.9755043303
 20
385.0978644482
 30
0.0
 11
58.2355043303
 21
385.0978644482
 31
0.0
  0
ARC
  5
2E5
330
1B
100
AcDbEntity
 67
     1
  8
0
  6
Continuous
 62
     7
370
    70
100
AcDbCircle
 10
62.7255043303
 20
385.0978644482
 30
0.0
 40
0.750000000000011
100
AcDbArc
 50
180.0
 51
22.619864948
  0
ARC
  5
2E6
330
1B
100
AcDbEntity
 67
     1
  8
0
  6
Continuous
 62
     7
370
    70
100
AcDbCircle
 10
73.5255043303
 20
389.5978644482
 30
0.0
 40
10.95
100
AcDbArc
 50
157.380135052
 51
202.619864948
  0
ARC
  5
2E7
330
1B
100
AcDbEntity
 67
     1
  8
0
  6
Continuous
 62
     7
370
    70
100
AcDbCircle
 10
62.7255043303
 20
394.0978644482
 30
0.0
 40
0.75
100
AcDbArc
 50
337.380135052
 51
180.0
  0
CIRCLE
  5
2E8
330
1B
100
AcDbEntity
 67
     1
  8
0
  6
Continuous
 62
     7
370
    70
100
AcDbCircle
 10
60.1055043303
 20
380.0978644482
 30
0.0
 40
1.422399999999982
  0
ARC
  5
2E9
330
1B
100
AcDbEntity
 67
     1
  8
0
  6
Continuous
 62
     7
370
    70
100
AcDbCircle
 10
62.7255043303
 20
366.0978644482
 30
0.0
 40
0.750000000000011
100
AcDbArc
 50
180.0
 51
22.619864948
  0
ARC
  5
2EA
330
1B
100
AcDbEntity
 67
     1
  8
0
  6
Continuous
 62
     7
370
    70
100
AcDbCircle
 10
73.5255043303
 20
370.5978644482
 30
0.0
 40
10.95
100
AcDbArc
 50
157.380135052
 51
202.619864948
  0
ARC
  5
2EB
330
1B
100
AcDbEntity
 67
     1
  8
0
  6
Continuous
 62
     7
370
    70
100
AcDbCircle
 10
62.7255043303
 20
375.0978644482
 30
0.0
 40
0.75
100
AcDbArc
 50
337.380135052
 51
180.0
  0
LINE
  5
2EC
330
1B
100
AcDbEntity
 67
     1
  8
0
  6
Continuous
 62
     7
370
    70
100
AcDbLine
 10
61.9755043303
 20
375.0978644482
 30
0.0
 11
58.2355043303
 21
375.0978644482
 31
0.0
  0
ARC
  5
2ED
330
1B
100
AcDbEntity
 67
     1
  8
0
  6
Continuous
 62
     7
370
    70
100
AcDbCircle
 10
57.4855043303
 20
375.0978644482
 30
0.0
 40
0.75
100
AcDbArc
 50
0.0
 51
202.619864948
  0
ARC
  5
2EE
330
1B
100
AcDbEntity
 67
     1
  8
0
  6
Continuous
 62
     7
370
    70
100
AcDbCircle
 10
57.4855043303
 20
366.0978644482
 30
0.0
 40
0.750000000000011
100
AcDbArc
 50
157.380135052
 51
0.0
  0
LINE
  5
2EF
330
1B
100
AcDbEntity
 67
     1
  8
0
  6
Continuous
 62
     7
370
    70
100
AcDbLine
 10
61.9755043303
 20
366.0978644482
 30
0.0
 11
58.2355043303
 21
366.0978644482
 31
0.0
  0
ARC
  5
2F0
330
1B
100
AcDbEntity
 67
     1
  8
0
  6
Continuous
 62
     7
370
    70
100
AcDbCircle
 10
102.7255043303
 20
321.5978644482
 30
0.0
 40
0.7500000000000437
100
AcDbArc
 50
67.380135052
 51
270.0
  0
LINE
  5
2F1
330
1B
100
AcDbEntity
 67
     1
  8
0
  6
Continuous
 62
     7
370
    70
100
AcDbLine
 10
102.7255043303
 20
320.8478644482
 30
0.0
 11
102.7255043303
 21
317.1078644482
 31
0.0
  0
ARC
  5
2F2
330
1B
100
AcDbEntity
 67
     1
  8
0
  6
Continuous
 62
     7
370
    70
100
AcDbCircle
 10
102.7255043303
 20
316.3578644482
 30
0.0
 40
0.75
100
AcDbArc
 50
90.0
 51
292.619864948
  0
ARC
  5
2F3
330
1B
100
AcDbEntity
 67
     1
  8
0
  6
Continuous
 62
     7
370
    70
100
AcDbCircle
 10
107.2255043303
 20
305.5578644482
 30
0.0
 40
10.94999999999997
100
AcDbArc
 50
67.380135052
 51
112.619864948
  0
ARC
  5
2F4
330
1B
100
AcDbEntity
 67
     1
  8
0
  6
Continuous
 62
     7
370
    70
100
AcDbCircle
 10
111.7255043303
 20
316.3578644482
 30
0.0
 40
0.75
100
AcDbArc
 50
247.380135052
 51
90.0
  0
LINE
  5
2F5
330
1B
100
AcDbEntity
 67
     1
  8
0
  6
Continuous
 62
     7
370
    70
100
AcDbLine
 10
111.7255043303
 20
317.1078644482
 30
0.0
 11
111.7255043303
 21
320.8478644482
 31
0.0
  0
ARC
  5
2F6
330
1B
100
AcDbEntity
 67
     1
  8
0
  6
Continuous
 62
     7
370
    70
100
AcDbCircle
 10
111.7255043303
 20
321.5978644482
 30
0.0
 40
0.7500000000000437
100
AcDbArc
 50
270.0
 51
112.619864948
  0
ARC
  5
2F7
330
1B
100
AcDbEntity
 67
     1
  8
0
  6
Continuous
 62
     7
370
    70
100
AcDbCircle
 10
107.2255043303
 20
332.3978644482
 30
0.0
 40
10.94999999999997
100
AcDbArc
 50
247.380135052
 51
292.619864948
  0
ARC
  5
2F8
330
1B
100
AcDbEntity
 67
     1
  8
0
  6
Continuous
 62
     7
370
    70
100
AcDbCircle
 10
83.7255043303
 20
321.5978644482
 30
0.0
 40
0.7500000000000437
100
AcDbArc
 50
67.380135052
 51
270.0
  0
LINE
  5
2F9
330
1B
100
AcDbEntity
 67
     1
  8
0
  6
Continuous
 62
     7
370
    70
100
AcDbLine
 10
83.7255043303
 20
320.8478644482
 30
0.0
 11
83.7255043303
 21
317.1078644482
 31
0.0
  0
ARC
  5
2FA
330
1B
100
AcDbEntity
 67
     1
  8
0
  6
Continuous
 62
     7
370
    70
100
AcDbCircle
 10
83.7255043303
 20
316.3578644482
 30
0.0
 40
0.75
100
AcDbArc
 50
90.0
 51
292.619864948
  0
ARC
  5
2FB
330
1B
100
AcDbEntity
 67
     1
  8
0
  6
Continuous
 62
     7
370
    70
100
AcDbCircle
 10
88.2255043303
 20
305.5578644482
 30
0.0
 40
10.94999999999997
100
AcDbArc
 50
67.380135052
 51
112.619864948
  0
ARC
  5
2FC
330
1B
100
AcDbEntity
 67
     1
  8
0
  6
Continuous
 62
     7
370
    70
100
AcDbCircle
 10
92.7255043303
 20
316.3578644482
 30
0.0
 40
0.75
100
AcDbArc
 50
247.380135052
 51
90.0
  0
LINE
  5
2FD
330
1B
100
AcDbEntity
 67
     1
  8
0
  6
Continuous
 62
     7
370
    70
100
AcDbLine
 10
92.7255043303
 20
317.1078644482
 30
0.0
 11
92.7255043303
 21
320.8478644482
 31
0.0
  0
ARC
  5
2FE
330
1B
100
AcDbEntity
 67
     1
  8
0
  6
Continuous
 62
     7
370
    70
100
AcDbCircle
 10
92.7255043303
 20
321.5978644482
 30
0.0
 40
0.7500000000000383
100
AcDbArc
 50
270.0
 51
112.619864948
  0
ARC
  5
2FF
330
1B
100
AcDbEntity
 67
     1
  8
0
  6
Continuous
 62
     7
370
    70
100
AcDbCircle
 10
88.2255043303
 20
332.3978644482
 30
0.0
 40
10.94999999999997
100
AcDbArc
 50
247.380135052
 51
292.619864948
  0
CIRCLE
  5
300
330
1B
100
AcDbEntity
 67
     1
  8
0
  6
Continuous
 62
     7
370
    70
100
AcDbCircle
 10
97.7255043303
 20
318.9778644482
 30
0.0
 40
1.422399999999982
  0
ARC
  5
301
330
1B
100
AcDbEntity
 67
     1
  8
0
  6
Continuous
 62
     7
370
    70
100
AcDbCircle
 10
255.3655043303
 20
255.5202644482
 30
0.0
 40
0.5000000000000139
100
AcDbArc
 50
163.5615815022
 51
0.0
  0
LINE
  5
302
330
1B
100
AcDbEntity
 67
     1
  8
0
  6
Continuous
 62
     7
370
    70
100
AcDbLine
 10
255.8655043303
 20
255.5202644482
 30
0.0
 11
260.6655043303
 21
255.5202644482
 31
0.0
  0
ARC
  5
303
330
1B
100
AcDbEntity
 67
     1
  8
0
  6
Continuous
 62
     7
370
    70
100
AcDbCircle
 10
261.1655043303
 20
255.5202644482
 30
0.0
 40
0.5000000000000139
100
AcDbArc
 50
180.0
 51
16.4384184978
  0
ARC
  5
304
330
1B
100
AcDbEntity
 67
     1
  8
0
  6
Continuous
 62
     7
370
    70
100
AcDbCircle
 10
276.4174274072
 20
260.0202644482
 30
0.0
 40
15.40192307692308
100
AcDbArc
 50
163.5615815022
 51
196.4384184978
  0
ARC
  5
305
330
1B
100
AcDbEntity
 67
     1
  8
0
  6
Continuous
 62
     7
370
    70
100
AcDbCircle
 10
261.1655043303
 20
264.5202644482
 30
0.0
 40
0.5000000000000219
100
AcDbArc
 50
343.5615815022
 51
180.0
  0
LINE
  5
306
330
1B
100
AcDbEntity
 67
     1
  8
0
  6
Continuous
 62
     7
370
    70
100
AcDbLine
 10
255.8655043303
 20
264.5202644482
 30
0.0
 11
260.6655043303
 21
264.5202644482
 31
0.0
  0
ARC
  5
307
330
1B
100
AcDbEntity
 67
     1
  8
0
  6
Continuous
 62
     7
370
    70
100
AcDbCircle
 10
255.3655043303
 20
264.5202644482
 30
0.0
 40
0.5000000000000219
100
AcDbArc
 50
360.0
 51
196.4384184978
  0
ARC
  5
308
330
1B
100
AcDbEntity
 67
     1
  8
0
  6
Continuous
 62
     7
370
    70
100
AcDbCircle
 10
240.1135812534
 20
260.0202644482
 30
0.0
 40
15.40192307692308
100
AcDbArc
 50
343.5615815022
 51
16.4384184978
  0
ARC
  5
309
330
1B
100
AcDbEntity
 67
     1
  8
0
  6
Continuous
 62
     7
370
    70
100
AcDbCircle
 10
260.8855043303
 20
289.0978644482
 30
0.0
 40
0.7500000000000219
100
AcDbArc
 50
180.0
 51
22.619864948
  0
CIRCLE
  5
30A
330
1B
100
AcDbEntity
 67
     1
  8
0
  6
Continuous
 62
     7
370
    70
100
AcDbCircle
 10
220.6455043303
 20
318.9778644482
 30
0.0
 40
1.422399999999982
  0
ARC
  5
30B
330
1B
100
AcDbEntity
 67
     1
  8
0
  6
Continuous
 62
     7
370
    70
100
AcDbCircle
 10
225.6455043303
 20
321.5978644482
 30
0.0
 40
0.7500000000000219
100
AcDbArc
 50
67.380135052
 51
270.0
  0
LINE
  5
30C
330
1B
100
AcDbEntity
 67
     1
  8
0
  6
Continuous
 62
     7
370
    70
100
AcDbLine
 10
225.6455043303
 20
317.1078644482
 30
0.0
 11
225.6455043303
 21
320.8478644482
 31
0.0
  0
ARC
  5
30D
330
1B
100
AcDbEntity
 67
     1
  8
0
  6
Continuous
 62
     7
370
    70
100
AcDbCircle
 10
225.6455043303
 20
316.3578644482
 30
0.0
 40
0.75
100
AcDbArc
 50
90.0
 51
292.619864948
  0
ARC
  5
30E
330
1B
100
AcDbEntity
 67
     1
  8
0
  6
Continuous
 62
     7
370
    70
100
AcDbCircle
 10
230.1455043303
 20
305.5578644482
 30
0.0
 40
10.94999999999999
100
AcDbArc
 50
67.380135052
 51
112.619864948
  0
ARC
  5
30F
330
1B
100
AcDbEntity
 67
     1
  8
0
  6
Continuous
 62
     7
370
    70
100
AcDbCircle
 10
234.6455043303
 20
316.3578644482
 30
0.0
 40
0.7500000000000022
100
AcDbArc
 50
247.380135052
 51
90.0
  0
LINE
  5
310
330
1B
100
AcDbEntity
 67
     1
  8
0
  6
Continuous
 62
     7
370
    70
100
AcDbLine
 10
234.6455043303
 20
320.8478644482
 30
0.0
 11
234.6455043303
 21
317.1078644482
 31
0.0
  0
ARC
  5
311
330
1B
100
AcDbEntity
 67
     1
  8
0
  6
Continuous
 62
     7
370
    70
100
AcDbCircle
 10
234.6455043303
 20
321.5978644482
 30
0.0
 40
0.7500000000000547
100
AcDbArc
 50
270.0
 51
112.619864948
  0
ARC
  5
312
330
1B
100
AcDbEntity
 67
     1
  8
0
  6
Continuous
 62
     7
370
    70
100
AcDbCircle
 10
230.1455043303
 20
332.3978644482
 30
0.0
 40
10.94999999999999
100
AcDbArc
 50
247.380135052
 51
292.619864948
  0
ARC
  5
313
330
1B
100
AcDbEntity
 67
     1
  8
0
  6
Continuous
 62
     7
370
    70
100
AcDbCircle
 10
206.6455043303
 20
321.5978644482
 30
0.0
 40
0.7500000000000547
100
AcDbArc
 50
67.380135052
 51
270.0
  0
LINE
  5
314
330
1B
100
AcDbEntity
 67
     1
  8
0
  6
Continuous
 62
     7
370
    70
100
AcDbLine
 10
206.6455043303
 20
317.1078644482
 30
0.0
 11
206.6455043303
 21
320.8478644482
 31
0.0
  0
ARC
  5
315
330
1B
100
AcDbEntity
 67
     1
  8
0
  6
Continuous
 62
     7
370
    70
100
AcDbCircle
 10
206.6455043303
 20
316.3578644482
 30
0.0
 40
0.7500000000000022
100
AcDbArc
 50
90.0
 51
292.619864948
  0
ARC
  5
316
330
1B
100
AcDbEntity
 67
     1
  8
0
  6
Continuous
 62
     7
370
    70
100
AcDbCircle
 10
211.1455043303
 20
305.5578644482
 30
0.0
 40
10.94999999999997
100
AcDbArc
 50
67.380135052
 51
112.619864948
  0
ARC
  5
317
330
1B
100
AcDbEntity
 67
     1
  8
0
  6
Continuous
 62
     7
370
    70
100
AcDbCircle
 10
215.6455043303
 20
316.3578644482
 30
0.0
 40
0.75
100
AcDbArc
 50
247.380135052
 51
90.0
  0
LINE
  5
318
330
1B
100
AcDbEntity
 67
     1
  8
0
  6
Continuous
 62
     7
370
    70
100
AcDbLine
 10
215.6455043303
 20
320.8478644482
 30
0.0
 11
215.6455043303
 21
317.1078644482
 31
0.0
  0
ARC
  5
319
330
1B
100
AcDbEntity
 67
     1
  8
0
  6
Continuous
 62
     7
370
    70
100
AcDbCircle
 10
215.6455043303
 20
321.5978644482
 30
0.0
 40
0.7500000000000437
100
AcDbArc
 50
270.0
 51
112.619864948
  0
ARC
  5
31A
330
1B
100
AcDbEntity
 67
     1
  8
0
  6
Continuous
 62
     7
370
    70
100
AcDbCircle
 10
211.1455043303
 20
332.3978644482
 30
0.0
 40
10.94999999999997
100
AcDbArc
 50
247.380135052
 51
292.619864948
  0
CIRCLE
  5
31B
330
1B
100
AcDbEntity
 67
     1
  8
0
  6
Continuous
 62
     7
370
    70
100
AcDbCircle
 10
159.1855043303
 20
293.3978644482
 30
0.0
 40
31.0
  0
LINE
  5
31C
330
1B
100
AcDbEntity
 67
     1
  8
0
  6
Continuous
 62
     7
370
    70
100
AcDbLine
 10
224.2598599833
 20
378.1099547089
 30
0.0
 11
218.0098599833
 21
367.2846371616
 31
0.0
  0
LINE
  5
31D
330
1B
100
AcDbEntity
 67
     1
  8
0
  6
Continuous
 62
     7
370
    70
100
AcDbLine
 10
218.0098599833
 20
367.2846371616
 30
0.0
 11
237.9284442703
 21
355.7846371616
 31
0.0
  0
LINE
  5
31E
330
1B
100
AcDbEntity
 67
     1
  8
0
  6
Continuous
 62
     7
370
    70
100
AcDbLine
 10
237.9284442703
 20
355.7846371616
 30
0.0
 11
244.1784442703
 21
366.6099547089
 31
0.0
  0
LINE
  5
31F
330
1B
100
AcDbEntity
 67
     1
  8
0
  6
Continuous
 62
     7
370
    70
100
AcDbLine
 10
224.2598599833
 20
378.1099547089
 30
0.0
 11
244.1784442703
 21
366.6099547089
 31
0.0
  0
CIRCLE
  5
320
330
1B
100
AcDbEntity
 67
     1
  8
0
  6
Continuous
 62
     7
370
    70
100
AcDbCircle
 10
159.1855043303
 20
250.0978644482
 30
0.0
 40
3.263899999999978
  0
CIRCLE
  5
321
330
1B
100
AcDbEntity
 67
     1
  8
0
  6
Continuous
 62
     7
370
    70
100
AcDbCircle
 10
159.1855043303
 20
393.0978644482
 30
0.0
 40
3.263899999999978
  0
CIRCLE
  5
322
330
1B
100
AcDbEntity
 67
     1
  8
0
  6
Continuous
 62
     7
370
    70
100
AcDbCircle
 10
140.7605043303
 20
256.0978644482
 30
0.0
 40
1.422399999999982
  0
ARC
  5
323
330
1B
100
AcDbEntity
 67
     1
  8
0
  6
Continuous
 62
     7
370
    70
100
AcDbCircle
 10
179.0355043303
 20
251.0978644482
 30
0.0
 40
0.75
100
AcDbArc
 50
311.5445093641
 51
180.0
  0
LINE
  5
324
330
1B
100
AcDbEntity
 67
     1
  8
0
  6
Continuous
 62
     7
370
    70
100
AcDbLine
 10
178.2855043303
 20
251.0978644482
 30
0.0
 11
176.9355043303
 21
251.0978644482
 31
0.0
  0
ARC
  5
325
330
1B
100
AcDbEntity
 67
     1
  8
0
  6
Continuous
 62
     7
370
    70
100
AcDbCircle
 10
176.1855043303
 20
251.0978644482
 30
0.0
 40
0.75
100
AcDbArc
 50
0.0
 51
228.4554906359
  0
ARC
  5
326
330
1B
100
AcDbEntity
 67
     1
  8
0
  6
Continuous
 62
     7
370
    70
100
AcDbCircle
 10
174.4132821081
 20
249.0978644482
 30
0.0
 40
1.922222222222215
100
AcDbArc
 50
311.5445093641
 51
48.4554906359
  0
ARC
  5
327
330
1B
100
AcDbEntity
 67
     1
  8
0
  6
Continuous
 62
     7
370
    70
100
AcDbCircle
 10
176.1855043303
 20
247.0978644482
 30
0.0
 40
0.750000000000019
100
AcDbArc
 50
131.5445093641
 51
0.0
  0
LINE
  5
328
330
1B
100
AcDbEntity
 67
     1
  8
0
  6
Continuous
 62
     7
370
    70
100
AcDbLine
 10
176.9355043303
 20
247.0978644482
 30
0.0
 11
178.2855043303
 21
247.0978644482
 31
0.0
  0
ARC
  5
329
330
1B
100
AcDbEntity
 67
     1
  8
0
  6
Continuous
 62
     7
370
    70
100
AcDbCircle
 10
179.0355043303
 20
247.0978644482
 30
0.0
 40
0.75
100
AcDbArc
 50
180.0
 51
48.4554906359
  0
ARC
  5
32A
330
1B
100
AcDbEntity
 67
     1
  8
0
  6
Continuous
 62
     7
370
    70
100
AcDbCircle
 10
180.8077265525
 20
249.0978644482
 30
0.0
 40
1.922222222222236
100
AcDbArc
 50
131.5445093641
 51
228.4554906359
  0
ARC
  5
32B
330
1B
100
AcDbEntity
 67
     1
  8
0
  6
Continuous
 62
     7
370
    70
100
AcDbCircle
 10
179.0355043303
 20
265.0978644482
 30
0.0
 40
0.75
100
AcDbArc
 50
311.5445093641
 51
180.0
  0
LINE
  5
32C
330
1B
100
AcDbEntity
 67
     1
  8
0
  6
Continuous
 62
     7
370
    70
100
AcDbLine
 10
178.2855043303
 20
265.0978644482
 30
0.0
 11
176.9355043303
 21
265.0978644482
 31
0.0
  0
ARC
  5
32D
330
1B
100
AcDbEntity
 67
     1
  8
0
  6
Continuous
 62
     7
370
    70
100
AcDbCircle
 10
176.1855043303
 20
265.0978644482
 30
0.0
 40
0.75
100
AcDbArc
 50
0.0
 51
228.4554906359
  0
ARC
  5
32E
330
1B
100
AcDbEntity
 67
     1
  8
0
  6
Continuous
 62
     7
370
    70
100
AcDbCircle
 10
174.4132821081
 20
263.0978644482
 30
0.0
 40
1.922222222222238
100
AcDbArc
 50
311.5445093641
 51
48.4554906359
  0
ARC
  5
32F
330
1B
100
AcDbEntity
 67
     1
  8
0
  6
Continuous
 62
     7
370
    70
100
AcDbCircle
 10
176.1855043303
 20
261.0978644482
 30
0.0
 40
0.750000000000019
100
AcDbArc
 50
131.5445093641
 51
0.0
  0
LINE
  5
330
330
1B
100
AcDbEntity
 67
     1
  8
0
  6
Continuous
 62
     7
370
    70
100
AcDbLine
 10
176.9355043303
 20
261.0978644482
 30
0.0
 11
178.2855043303
 21
261.0978644482
 31
0.0
  0
ARC
  5
331
330
1B
100
AcDbEntity
 67
     1
  8
0
  6
Continuous
 62
     7
370
    70
100
AcDbCircle
 10
179.0355043303
 20
261.0978644482
 30
0.0
 40
0.75
100
AcDbArc
 50
180.0
 51
48.4554906359
  0
ARC
  5
332
330
1B
100
AcDbEntity
 67
     1
  8
0
  6
Continuous
 62
     7
370
    70
100
AcDbCircle
 10
180.8077265525
 20
263.0978644482
 30
0.0
 40
1.922222222222258
100
AcDbArc
 50
131.5445093641
 51
228.4554906359
  0
CIRCLE
  5
333
330
1B
100
AcDbEntity
 67
     1
  8
0
  6
Continuous
 62
     7
370
    70
100
AcDbCircle
 10
177.6105043303
 20
256.0978644482
 30
0.0
 40
1.42240000000001
  0
ARC
  5
334
330
1B
100
AcDbEntity
 67
     1
  8
0
  6
Continuous
 62
     7
370
    70
100
AcDbCircle
 10
142.1855043303
 20
247.0978644482
 30
0.0
 40
0.7500000000000001
100
AcDbArc
 50
180.0
 51
48.4554906359
  0
ARC
  5
335
330
1B
100
AcDbEntity
 67
     1
  8
0
  6
Continuous
 62
     7
370
    70
100
AcDbCircle
 10
143.9577265525
 20
249.0978644482
 30
0.0
 40
1.922222222222236
100
AcDbArc
 50
131.5445093641
 51
228.4554906359
  0
ARC
  5
336
330
1B
100
AcDbEntity
 67
     1
  8
0
  6
Continuous
 62
     7
370
    70
100
AcDbCircle
 10
142.1855043303
 20
251.0978644482
 30
0.0
 40
0.75
100
AcDbArc
 50
311.5445093641
 51
180.0
  0
LINE
  5
337
330
1B
100
AcDbEntity
 67
     1
  8
0
  6
Continuous
 62
     7
370
    70
100
AcDbLine
 10
141.4355043303
 20
251.0978644482
 30
0.0
 11
140.0855043303
 21
251.0978644482
 31
0.0
  0
ARC
  5
338
330
1B
100
AcDbEntity
 67
     1
  8
0
  6
Continuous
 62
     7
370
    70
100
AcDbCircle
 10
139.3355043303
 20
251.0978644482
 30
0.0
 40
0.75
100
AcDbArc
 50
0.0
 51
228.4554906359
  0
ARC
  5
339
330
1B
100
AcDbEntity
 67
     1
  8
0
  6
Continuous
 62
     7
370
    70
100
AcDbCircle
 10
137.5632821081
 20
249.0978644482
 30
0.0
 40
1.922222222222236
100
AcDbArc
 50
311.5445093641
 51
48.4554906359
  0
ARC
  5
33A
330
1B
100
AcDbEntity
 67
     1
  8
0
  6
Continuous
 62
     7
370
    70
100
AcDbCircle
 10
139.3355043303
 20
247.0978644482
 30
0.0
 40
0.7500000000000284
100
AcDbArc
 50
131.5445093641
 51
0.0
  0
LINE
  5
33B
330
1B
100
AcDbEntity
 67
     1
  8
0
  6
Continuous
 62
     7
370
    70
100
AcDbLine
 10
140.0855043303
 20
247.0978644482
 30
0.0
 11
141.4355043303
 21
247.0978644482
 31
0.0
  0
ARC
  5
33C
330
1B
100
AcDbEntity
 67
     1
  8
0
  6
Continuous
 62
     7
370
    70
100
AcDbCircle
 10
142.1855043303
 20
261.0978644482
 30
0.0
 40
0.7500000000000001
100
AcDbArc
 50
180.0
 51
48.4554906359
  0
ARC
  5
33D
330
1B
100
AcDbEntity
 67
     1
  8
0
  6
Continuous
 62
     7
370
    70
100
AcDbCircle
 10
143.9577265525
 20
263.0978644482
 30
0.0
 40
1.922222222222258
100
AcDbArc
 50
131.5445093641
 51
228.4554906359
  0
ARC
  5
33E
330
1B
100
AcDbEntity
 67
     1
  8
0
  6
Continuous
 62
     7
370
    70
100
AcDbCircle
 10
142.1855043303
 20
265.0978644482
 30
0.0
 40
0.75
100
AcDbArc
 50
311.5445093641
 51
180.0
  0
LINE
  5
33F
330
1B
100
AcDbEntity
 67
     1
  8
0
  6
Continuous
 62
     7
370
    70
100
AcDbLine
 10
141.4355043303
 20
265.0978644482
 30
0.0
 11
140.0855043303
 21
265.0978644482
 31
0.0
  0
ARC
  5
340
330
1B
100
AcDbEntity
 67
     1
  8
0
  6
Continuous
 62
     7
370
    70
100
AcDbCircle
 10
139.3355043303
 20
265.0978644482
 30
0.0
 40
0.7500000000000284
100
AcDbArc
 50
0.0
 51
228.4554906359
  0
ARC
  5
341
330
1B
100
AcDbEntity
 67
     1
  8
0
  6
Continuous
 62
     7
370
    70
100
AcDbCircle
 10
137.5632821081
 20
263.0978644482
 30
0.0
 40
1.922222222222258
100
AcDbArc
 50
311.5445093641
 51
48.4554906359
  0
ARC
  5
342
330
1B
100
AcDbEntity
 67
     1
  8
0
  6
Continuous
 62
     7
370
    70
100
AcDbCircle
 10
139.3355043303
 20
261.0978644482
 30
0.0
 40
0.7500000000000284
100
AcDbArc
 50
131.5445093641
 51
0.0
  0
LINE
  5
343
330
1B
100
AcDbEntity
 67
     1
  8
0
  6
Continuous
 62
     7
370
    70
100
AcDbLine
 10
140.0855043303
 20
261.0978644482
 30
0.0
 11
141.4355043303
 21
261.0978644482
 31
0.0
  0
CIRCLE
  5
344
330
1B
100
AcDbEntity
 67
     1
  8
0
  6
Continuous
 62
     7
370
    70
100
AcDbCircle
 10
205.6781943629
 20
300.7055657651
 30
0.0
 40
1.422399999999982
  0
ARC
  5
345
330
1B
100
AcDbEntity
 67
     1
  8
0
  6
Continuous
 62
     7
370
    70
100
AcDbCircle
 10
202.0605673439
 20
304.4396519655
 30
0.0
 40
0.7500000000000139
100
AcDbArc
 50
240.0
 51
108.4554906359
  0
ARC
  5
346
330
1B
100
AcDbEntity
 67
     1
  8
0
  6
Continuous
 62
     7
370
    70
100
AcDbCircle
 10
201.2146276475
 20
306.9744414311
 30
0.0
 40
1.922222222222238
100
AcDbArc
 50
191.5445093641
 51
288.4554906359
  0
ARC
  5
347
330
1B
100
AcDbEntity
 67
     1
  8
0
  6
Continuous
 62
     7
370
    70
100
AcDbCircle
 10
198.5964657288
 20
306.4396519655
 30
0.0
 40
0.7500000000000265
100
AcDbArc
 50
11.5445093641
 51
240.0
  0
LINE
  5
348
330
1B
100
AcDbEntity
 67
     1
  8
0
  6
Continuous
 62
     7
370
    70
100
AcDbLine
 10
198.2214657288
 20
305.7901329126
 30
0.0
 11
197.5464657288
 21
304.6209986175
 31
0.0
  0
ARC
  5
349
330
1B
100
AcDbEntity
 67
     1
  8
0
  6
Continuous
 62
     7
370
    70
100
AcDbCircle
 10
197.1714657288
 20
303.9714795647
 30
0.0
 40
0.7500000000000229
100
AcDbArc
 50
60.0
 51
288.4554906359
  0
ARC
  5
34A
330
1B
100
AcDbEntity
 67
     1
  8
0
  6
Continuous
 62
     7
370
    70
100
AcDbCircle
 10
198.0174054253
 20
301.4366900991
 30
0.0
 40
1.922222222222212
100
AcDbArc
 50
11.5445093641
 51
108.4554906359
  0
ARC
  5
34B
330
1B
100
AcDbEntity
 67
     1
  8
0
  6
Continuous
 62
     7
370
    70
100
AcDbCircle
 10
200.6355673439
 20
301.9714795647
 30
0.0
 40
0.7499999999999777
100
AcDbArc
 50
191.5445093641
 51
60.0
  0
LINE
  5
34C
330
1B
100
AcDbEntity
 67
     1
  8
0
  6
Continuous
 62
     7
370
    70
100
AcDbLine
 10
201.0105673439
 20
302.6209986175
 30
0.0
 11
201.6855673439
 21
303.7901329126
 31
0.0
  0
ARC
  5
34D
330
1B
100
AcDbEntity
 67
     1
  8
0
  6
Continuous
 62
     7
370
    70
100
AcDbCircle
 10
214.1849229969
 20
297.4396519655
 30
0.0
 40
0.7500000000000229
100
AcDbArc
 50
240.0
 51
108.4554906359
  0
ARC
  5
34E
330
1B
100
AcDbEntity
 67
     1
  8
0
  6
Continuous
 62
     7
370
    70
100
AcDbCircle
 10
213.3389833005
 20
299.9744414311
 30
0.0
 40
1.922222222222238
100
AcDbArc
 50
191.5445093641
 51
288.4554906359
  0
ARC
  5
34F
330
1B
100
AcDbEntity
 67
     1
  8
0
  6
Continuous
 62
     7
370
    70
100
AcDbCircle
 10
210.7208213818
 20
299.4396519655
 30
0.0
 40
0.7500000000000334
100
AcDbArc
 50
11.5445093641
 51
240.0
  0
LINE
  5
350
330
1B
100
AcDbEntity
 67
     1
  8
0
  6
Continuous
 62
     7
370
    70
100
AcDbLine
 10
210.3458213818
 20
298.7901329126
 30
0.0
 11
209.6708213818
 21
297.6209986175
 31
0.0
  0
ARC
  5
351
330
1B
100
AcDbEntity
 67
     1
  8
0
  6
Continuous
 62
     7
370
    70
100
AcDbCircle
 10
209.2958213818
 20
296.9714795647
 30
0.0
 40
0.7500000000000139
100
AcDbArc
 50
60.0
 51
288.4554906359
  0
ARC
  5
352
330
1B
100
AcDbEntity
 67
     1
  8
0
  6
Continuous
 62
     7
370
    70
100
AcDbCircle
 10
210.1417610782
 20
294.4366900991
 30
0.0
 40
1.922222222222238
100
AcDbArc
 50
11.5445093641
 51
108.4554906359
  0
ARC
  5
353
330
1B
100
AcDbEntity
 67
     1
  8
0
  6
Continuous
 62
     7
370
    70
100
AcDbCircle
 10
212.7599229969
 20
294.9714795647
 30
0.0
 40
0.7500000000000056
100
AcDbArc
 50
191.5445093641
 51
60.0
  0
LINE
  5
354
330
1B
100
AcDbEntity
 67
     1
  8
0
  6
Continuous
 62
     7
370
    70
100
AcDbLine
 10
213.1349229969
 20
295.6209986175
 30
0.0
 11
213.8099229969
 21
296.7901329126
 31
0.0
  0
CIRCLE
  5
355
330
1B
100
AcDbEntity
 67
     1
  8
0
  6
Continuous
 62
     7
370
    70
100
AcDbCircle
 10
243.7140204817
 20
359.8055491107
 30
0.0
 40
1.75
  0
CIRCLE
  5
356
330
1B
100
AcDbEntity
 67
     1
  8
0
  6
Continuous
 62
     7
370
    70
100
AcDbCircle
 10
218.5992837719
 20
374.3055491107
 30
0.0
 40
1.75
  0
CIRCLE
  5
357
330
1B
100
AcDbEntity
 67
     1
  8
0
  6
Continuous
 62
     7
370
    70
100
AcDbCircle
 10
186.6163447843
 20
378.4329836166
 30
0.0
 40
1.75
  0
CIRCLE
  5
358
330
1B
100
AcDbEntity
 67
     1
  8
0
  6
Continuous
 62
     7
370
    70
100
AcDbCircle
 10
113.6163447843
 20
370.2540561198
 30
0.0
 40
1.750000000000057
  0
CIRCLE
  5
359
330
1B
100
AcDbEntity
 67
     1
  8
0
  6
Continuous
 62
     7
370
    70
100
AcDbCircle
 10
81.9353924109
 20
338.2960014745
 30
0.0
 40
1.749999999999943
  0
CIRCLE
  5
35A
330
1B
100
AcDbEntity
 67
     1
  8
0
  6
Continuous
 62
     7
370
    70
100
AcDbCircle
 10
69.8355043303
 20
293.3978644482
 30
0.0
 40
1.75
  0
CIRCLE
  5
35B
330
1B
100
AcDbEntity
 67
     1
  8
0
  6
Continuous
 62
     7
370
    70
100
AcDbCircle
 10
69.8355043303
 20
254.0978644482
 30
0.0
 40
1.750000000000028
  0
ARC
  5
35C
330
1B
100
AcDbEntity
 67
     1
  8
0
  6
Continuous
 62
     7
370
    70
100
AcDbCircle
 10
254.2077136832
 20
339.3211588949
 30
0.0
 40
0.7500000000000265
100
AcDbArc
 50
37.380135052
 51
240.0
  0
LINE
  5
35D
330
1B
100
AcDbEntity
 67
     1
  8
0
  6
Continuous
 62
     7
370
    70
100
AcDbLine
 10
253.1577136832
 20
337.5025055469
 30
0.0
 11
253.8327136832
 21
338.671639842
 31
0.0
  0
ARC
  5
35E
330
1B
100
AcDbEntity
 67
     1
  8
0
  6
Continuous
 62
     7
370
    70
100
AcDbCircle
 10
252.7827136832
 20
336.8529864941
 30
0.0
 40
0.7500000000000123
100
AcDbArc
 50
60.0
 51
262.619864948
  0
ARC
  5
35F
330
1B
100
AcDbEntity
 67
     1
  8
0
  6
Continuous
 62
     7
370
    70
100
AcDbCircle
 10
251.2798280003
 20
325.2499121332
 30
0.0
 40
10.95000000000005
100
AcDbArc
 50
37.380135052
 51
82.619864948
  0
ARC
  5
360
330
1B
100
AcDbEntity
 67
     1
  8
0
  6
Continuous
 62
     7
370
    70
100
AcDbCircle
 10
260.5769423173
 20
332.3529864941
 30
0.0
 40
0.7500000000000407
100
AcDbArc
 50
217.380135052
 51
60.0
  0
LINE
  5
361
330
1B
100
AcDbEntity
 67
     1
  8
0
  6
Continuous
 62
     7
370
    70
100
AcDbLine
 10
261.6269423173
 20
334.171639842
 30
0.0
 11
260.9519423173
 21
333.0025055469
 31
0.0
  0
ARC
  5
362
330
1B
100
AcDbEntity
 67
     1
  8
0
  6
Continuous
 62
     7
370
    70
100
AcDbCircle
 10
262.0019423173
 20
334.8211588949
 30
0.0
 40
0.7500000000000479
100
AcDbArc
 50
240.0
 51
82.619864948
  0
ARC
  5
363
330
1B
100
AcDbEntity
 67
     1
  8
0
  6
Continuous
 62
     7
370
    70
100
AcDbCircle
 10
263.5048280003
 20
346.4242332557
 30
0.0
 40
10.94999999999999
100
AcDbArc
 50
217.380135052
 51
262.619864948
  0
LINE
  5
364
330
1B
100
AcDbEntity
 67
     1
  8
0
  6
Continuous
 62
     7
370
    70
100
AcDbLine
 10
61.9755043303
 20
308.0978644482
 30
0.0
 11
58.2355043303
 21
308.0978644482
 31
0.0
  0
ARC
  5
365
330
1B
100
AcDbEntity
 67
     1
  8
0
  6
Continuous
 62
     7
370
    70
100
AcDbCircle
 10
57.4855043303
 20
308.0978644482
 30
0.0
 40
0.750000000000011
100
AcDbArc
 50
157.380135052
 51
0.0
  0
ARC
  5
366
330
1B
100
AcDbEntity
 67
     1
  8
0
  6
Continuous
 62
     7
370
    70
100
AcDbCircle
 10
46.6855043303
 20
312.5978644482
 30
0.0
 40
10.95
100
AcDbArc
 50
337.380135052
 51
22.619864948
  0
ARC
  5
367
330
1B
100
AcDbEntity
 67
     1
  8
0
  6
Continuous
 62
     7
370
    70
100
AcDbCircle
 10
57.4855043303
 20
317.0978644482
 30
0.0
 40
0.75
100
AcDbArc
 50
0.0
 51
202.619864948
  0
LINE
  5
368
330
1B
100
AcDbEntity
 67
     1
  8
0
  6
Continuous
 62
     7
370
    70
100
AcDbLine
 10
61.9755043303
 20
317.0978644482
 30
0.0
 11
58.2355043303
 21
317.0978644482
 31
0.0
  0
ARC
  5
369
330
1B
100
AcDbEntity
 67
     1
  8
0
  6
Continuous
 62
     7
370
    70
100
AcDbCircle
 10
62.7255043303
 20
317.0978644482
 30
0.0
 40
0.75
100
AcDbArc
 50
337.380135052
 51
180.0
  0
ARC
  5
36A
330
1B
100
AcDbEntity
 67
     1
  8
0
  6
Continuous
 62
     7
370
    70
100
AcDbCircle
 10
46.6855043303
 20
293.5978644482
 30
0.0
 40
10.94999999999998
100
AcDbArc
 50
337.380135052
 51
22.619864948
  0
ARC
  5
36B
330
1B
100
AcDbEntity
 67
     1
  8
0
  6
Continuous
 62
     7
370
    70
100
AcDbCircle
 10
57.4855043303
 20
298.0978644482
 30
0.0
 40
0.750000000000011
100
AcDbArc
 50
0.0
 51
202.619864948
  0
LINE
  5
36C
330
1B
100
AcDbEntity
 67
     1
  8
0
  6
Continuous
 62
     7
370
    70
100
AcDbLine
 10
61.9755043303
 20
298.0978644482
 30
0.0
 11
58.2355043303
 21
298.0978644482
 31
0.0
  0
ARC
  5
36D
330
1B
100
AcDbEntity
 67
     1
  8
0
  6
Continuous
 62
     7
370
    70
100
AcDbCircle
 10
62.7255043303
 20
298.0978644482
 30
0.0
 40
0.750000000000011
100
AcDbArc
 50
337.380135052
 51
180.0
  0
ARC
  5
36E
330
1B
100
AcDbEntity
 67
     1
  8
0
  6
Continuous
 62
     7
370
    70
100
AcDbCircle
 10
73.5255043303
 20
293.5978644482
 30
0.0
 40
10.94999999999998
100
AcDbArc
 50
157.380135052
 51
202.619864948
  0
ARC
  5
36F
330
1B
100
AcDbEntity
 67
     1
  8
0
  6
Continuous
 62
     7
370
    70
100
AcDbCircle
 10
46.6855043303
 20
370.5978644482
 30
0.0
 40
10.95
100
AcDbArc
 50
337.380135052
 51
22.619864948
  0
CIRCLE
  5
370
330
1B
100
AcDbEntity
 67
     1
  8
0
  6
Continuous
 62
     7
370
    70
100
AcDbCircle
 10
258.2655043303
 20
250.5202644482
 30
0.0
 40
1.42240000000001
  0
LINE
  5
371
330
1B
100
AcDbEntity
 67
     1
  8
0
  6
Continuous
 62
     7
370
    70
100
AcDbLine
 10
256.3955043303
 20
366.0978644482
 30
0.0
 11
260.1355043303
 21
366.0978644482
 31
0.0
  0
ARC
  5
372
330
1B
100
AcDbEntity
 67
     1
  8
0
  6
Continuous
 62
     7
370
    70
100
AcDbCircle
 10
255.6455043303
 20
366.0978644482
 30
0.0
 40
0.7500000000000437
100
AcDbArc
 50
157.380135052
 51
0.0
  0
ARC
  5
373
330
1B
100
AcDbEntity
 67
     1
  8
0
  6
Continuous
 62
     7
370
    70
100
AcDbCircle
 10
244.8455043303
 20
370.5978644482
 30
0.0
 40
10.95000000000002
100
AcDbArc
 50
337.380135052
 51
22.619864948
  0
ARC
  5
374
330
1B
100
AcDbEntity
 67
     1
  8
0
  6
Continuous
 62
     7
370
    70
100
AcDbCircle
 10
255.6455043303
 20
375.0978644482
 30
0.0
 40
0.7500000000000219
100
AcDbArc
 50
0.0
 51
202.619864948
  0
LINE
  5
375
330
1B
100
AcDbEntity
 67
     1
  8
0
  6
Continuous
 62
     7
370
    70
100
AcDbLine
 10
256.3955043303
 20
375.0978644482
 30
0.0
 11
260.1355043303
 21
375.0978644482
 31
0.0
  0
ARC
  5
376
330
1B
100
AcDbEntity
 67
     1
  8
0
  6
Continuous
 62
     7
370
    70
100
AcDbCircle
 10
260.8855043303
 20
375.0978644482
 30
0.0
 40
0.7500000000000219
100
AcDbArc
 50
337.380135052
 51
180.0
  0
ARC
  5
377
330
1B
100
AcDbEntity
 67
     1
  8
0
  6
Continuous
 62
     7
370
    70
100
AcDbCircle
 10
271.6855043303
 20
370.5978644482
 30
0.0
 40
10.94999999999994
100
AcDbArc
 50
157.380135052
 51
202.619864948
  0
ARC
  5
378
330
1B
100
AcDbEntity
 67
     1
  8
0
  6
Continuous
 62
     7
370
    70
100
AcDbCircle
 10
260.8855043303
 20
366.0978644482
 30
0.0
 40
0.7500000000000437
100
AcDbArc
 50
180.0
 51
22.619864948
  0
CIRCLE
  5
379
330
1B
100
AcDbEntity
 67
     1
  8
0
  6
Continuous
 62
     7
370
    70
100
AcDbCircle
 10
258.2655043303
 20
380.0978644482
 30
0.0
 40
1.422399999999982
  0
LINE
  5
37A
330
1B
100
AcDbEntity
 67
     1
  8
0
  6
Continuous
 62
     7
370
    70
100
AcDbLine
 10
256.3955043303
 20
394.0978644482
 30
0.0
 11
260.1355043303
 21
394.0978644482
 31
0.0
  0
ARC
  5
37B
330
1B
100
AcDbEntity
 67
     1
  8
0
  6
Continuous
 62
     7
370
    70
100
AcDbCircle
 10
260.8855043303
 20
394.0978644482
 30
0.0
 40
0.7500000000000437
100
AcDbArc
 50
337.380135052
 51
180.0
  0
ARC
  5
37C
330
1B
100
AcDbEntity
 67
     1
  8
0
  6
Continuous
 62
     7
370
    70
100
AcDbCircle
 10
271.6855043303
 20
389.5978644482
 30
0.0
 40
10.94999999999991
100
AcDbArc
 50
157.380135052
 51
202.619864948
  0
ARC
  5
37D
330
1B
100
AcDbEntity
 67
     1
  8
0
  6
Continuous
 62
     7
370
    70
100
AcDbCircle
 10
260.8855043303
 20
385.0978644482
 30
0.0
 40
0.7500000000000437
100
AcDbArc
 50
180.0
 51
22.619864948
  0
LINE
  5
37E
330
1B
100
AcDbEntity
 67
     1
  8
0
  6
Continuous
 62
     7
370
    70
100
AcDbLine
 10
256.3955043303
 20
385.0978644482
 30
0.0
 11
260.1355043303
 21
385.0978644482
 31
0.0
  0
ARC
  5
37F
330
1B
100
AcDbEntity
 67
     1
  8
0
  6
Continuous
 62
     7
370
    70
100
AcDbCircle
 10
255.6455043303
 20
385.0978644482
 30
0.0
 40
0.7500000000000437
100
AcDbArc
 50
157.380135052
 51
0.0
  0
ARC
  5
380
330
1B
100
AcDbEntity
 67
     1
  8
0
  6
Continuous
 62
     7
370
    70
100
AcDbCircle
 10
244.8455043303
 20
389.5978644482
 30
0.0
 40
10.95000000000002
100
AcDbArc
 50
337.380135052
 51
22.619864948
  0
ARC
  5
381
330
1B
100
AcDbEntity
 67
     1
  8
0
  6
Continuous
 62
     7
370
    70
100
AcDbCircle
 10
255.6455043303
 20
394.0978644482
 30
0.0
 40
0.7500000000000219
100
AcDbArc
 50
0.0
 51
202.619864948
  0
CIRCLE
  5
382
330
1B
100
AcDbEntity
 67
     1
  8
0
  6
Continuous
 62
     7
370
    70
100
AcDbCircle
 10
258.2655043303
 20
303.0978644482
 30
0.0
 40
1.422399999999982
  0
LINE
  5
383
330
1B
100
AcDbEntity
 67
     1
  8
0
  6
Continuous
 62
     7
370
    70
100
AcDbLine
 10
256.3955043303
 20
317.0978644482
 30
0.0
 11
260.1355043303
 21
317.0978644482
 31
0.0
  0
ARC
  5
384
330
1B
100
AcDbEntity
 67
     1
  8
0
  6
Continuous
 62
     7
370
    70
100
AcDbCircle
 10
260.8855043303
 20
317.0978644482
 30
0.0
 40
0.7500000000000219
100
AcDbArc
 50
337.380135052
 51
180.0
  0
ARC
  5
385
330
1B
100
AcDbEntity
 67
     1
  8
0
  6
Continuous
 62
     7
370
    70
100
AcDbCircle
 10
271.6855043303
 20
312.5978644482
 30
0.0
 40
10.94999999999994
100
AcDbArc
 50
157.380135052
 51
202.619864948
  0
ARC
  5
386
330
1B
100
AcDbEntity
 67
     1
  8
0
  6
Continuous
 62
     7
370
    70
100
AcDbCircle
 10
260.8855043303
 20
308.0978644482
 30
0.0
 40
0.7500000000000437
100
AcDbArc
 50
180.0
 51
22.619864948
  0
LINE
  5
387
330
1B
100
AcDbEntity
 67
     1
  8
0
  6
Continuous
 62
     7
370
    70
100
AcDbLine
 10
256.3955043303
 20
308.0978644482
 30
0.0
 11
260.1355043303
 21
308.0978644482
 31
0.0
  0
ARC
  5
388
330
1B
100
AcDbEntity
 67
     1
  8
0
  6
Continuous
 62
     7
370
    70
100
AcDbCircle
 10
255.6455043303
 20
308.0978644482
 30
0.0
 40
0.7500000000000437
100
AcDbArc
 50
157.380135052
 51
0.0
  0
ARC
  5
389
330
1B
100
AcDbEntity
 67
     1
  8
0
  6
Continuous
 62
     7
370
    70
100
AcDbCircle
 10
244.8455043303
 20
312.5978644482
 30
0.0
 40
10.94999999999999
100
AcDbArc
 50
337.380135052
 51
22.619864948
  0
ARC
  5
38A
330
1B
100
AcDbEntity
 67
     1
  8
0
  6
Continuous
 62
     7
370
    70
100
AcDbCircle
 10
255.6455043303
 20
317.0978644482
 30
0.0
 40
0.7500000000000219
100
AcDbArc
 50
0.0
 51
202.619864948
  0
LINE
  5
38B
330
1B
100
AcDbEntity
 67
     1
  8
0
  6
Continuous
 62
     7
370
    70
100
AcDbLine
 10
256.3955043303
 20
289.0978644482
 30
0.0
 11
260.1355043303
 21
289.0978644482
 31
0.0
  0
ARC
  5
38C
330
1B
100
AcDbEntity
 67
     1
  8
0
  6
Continuous
 62
     7
370
    70
100
AcDbCircle
 10
255.6455043303
 20
289.0978644482
 30
0.0
 40
0.7500000000000219
100
AcDbArc
 50
157.380135052
 51
0.0
  0
ARC
  5
38D
330
1B
100
AcDbEntity
 67
     1
  8
0
  6
Continuous
 62
     7
370
    70
100
AcDbCircle
 10
244.8455043303
 20
293.5978644482
 30
0.0
 40
10.94999999999997
100
AcDbArc
 50
337.380135052
 51
22.619864948
  0
ARC
  5
38E
330
1B
100
AcDbEntity
 67
     1
  8
0
  6
Continuous
 62
     7
370
    70
100
AcDbCircle
 10
255.6455043303
 20
298.0978644482
 30
0.0
 40
0.7500000000000437
100
AcDbArc
 50
0.0
 51
202.619864948
  0
LINE
  5
38F
330
1B
100
AcDbEntity
 67
     1
  8
0
  6
Continuous
 62
     7
370
    70
100
AcDbLine
 10
256.3955043303
 20
298.0978644482
 30
0.0
 11
260.1355043303
 21
298.0978644482
 31
0.0
  0
ARC
  5
390
330
1B
100
AcDbEntity
 67
     1
  8
0
  6
Continuous
 62
     7
370
    70
100
AcDbCircle
 10
260.8855043303
 20
298.0978644482
 30
0.0
 40
0.7500000000000437
100
AcDbArc
 50
337.380135052
 51
180.0
  0
ARC
  5
391
330
1B
100
AcDbEntity
 67
     1
  8
0
  6
Continuous
 62
     7
370
    70
100
AcDbCircle
 10
271.6855043303
 20
293.5978644482
 30
0.0
 40
10.94999999999991
100
AcDbArc
 50
157.380135052
 51
202.619864948
  0
LINE
  5
392
330
1B
100
AcDbEntity
 67
     1
  8
0
  6
Continuous
 62
     7
370
    70
100
AcDbLine
 10
201.5526597345
 20
233.3101328515
 30
0.0
 11
181.7318562374
 21
233.3101328515
 31
0.0
  0
LINE
  5
393
330
1B
100
AcDbEntity
 67
     1
  8
0
  6
Continuous
 62
     7
370
    70
100
AcDbLine
 10
201.5526597345
 20
238.0501328515
 30
0.0
 11
201.5526597345
 21
233.3101328515
 31
0.0
  0
LINE
  5
394
330
1B
100
AcDbEntity
 67
     1
  8
0
  6
Continuous
 62
     7
370
    70
100
AcDbLine
 10
201.5526597345
 20
238.0501328515
 30
0.0
 11
210.5526597345
 21
238.0501328515
 31
0.0
  0
LINE
  5
395
330
1B
100
AcDbEntity
 67
     1
  8
0
  6
Continuous
 62
     7
370
    70
100
AcDbLine
 10
210.5526597345
 20
238.0501328515
 30
0.0
 11
210.5526597345
 21
233.3101328515
 31
0.0
  0
LINE
  5
396
330
1B
100
AcDbEntity
 67
     1
  8
0
  6
Continuous
 62
     7
370
    70
100
AcDbLine
 10
220.5526597345
 20
233.3101328515
 30
0.0
 11
210.5526597345
 21
233.3101328515
 31
0.0
  0
LINE
  5
397
330
1B
100
AcDbEntity
 67
     1
  8
0
  6
Continuous
 62
     7
370
    70
100
AcDbLine
 10
220.5526597345
 20
238.0501328515
 30
0.0
 11
220.5526597345
 21
233.3101328515
 31
0.0
  0
LINE
  5
398
330
1B
100
AcDbEntity
 67
     1
  8
0
  6
Continuous
 62
     7
370
    70
100
AcDbLine
 10
220.5526597345
 20
238.0501328515
 30
0.0
 11
229.5526597345
 21
238.0501328515
 31
0.0
  0
LINE
  5
399
330
1B
100
AcDbEntity
 67
     1
  8
0
  6
Continuous
 62
     7
370
    70
100
AcDbLine
 10
229.5526597345
 20
238.0501328515
 30
0.0
 11
229.5526597345
 21
233.3101328515
 31
0.0
  0
LINE
  5
39A
330
1B
100
AcDbEntity
 67
     1
  8
0
  6
Continuous
 62
     7
370
    70
100
AcDbLine
 10
250.5526597345
 20
233.3101328515
 30
0.0
 11
229.5526597345
 21
233.3101328515
 31
0.0
  0
LINE
  5
39B
330
1B
100
AcDbEntity
 67
     1
  8
0
  6
Continuous
 62
     7
370
    70
100
AcDbLine
 10
250.5526597345
 20
231.3101328515
 30
0.0
 11
250.5526597345
 21
233.3101328515
 31
0.0
  0
ARC
  5
39C
330
1B
100
AcDbEntity
 67
     1
  8
0
  6
Continuous
 62
     7
370
    70
100
AcDbCircle
 10
250.5526597345
 20
230.8101328515
 30
0.0
 40
0.5000000000000853
100
AcDbArc
 50
90.0
 51
270.0
  0
LINE
  5
39D
330
1B
100
AcDbEntity
 67
     1
  8
0
  6
Continuous
 62
     7
370
    70
100
AcDbLine
 10
250.5526597345
 20
230.3101328515
 30
0.0
 11
255.7926597345
 21
230.3101328515
 31
0.0
  0
LINE
  5
39E
330
1B
100
AcDbEntity
 67
     1
  8
0
  6
Continuous
 62
     7
370
    70
100
AcDbLine
 10
255.7926597345
 20
230.3101328515
 30
0.0
 11
255.7926597345
 21
224.8101328515
 31
0.0
  0
LINE
  5
39F
330
1B
100
AcDbEntity
 67
     1
  8
0
  6
Continuous
 62
     7
370
    70
100
AcDbLine
 10
250.5526597345
 20
224.8101328515
 30
0.0
 11
255.7926597345
 21
224.8101328515
 31
0.0
  0
ARC
  5
3A0
330
1B
100
AcDbEntity
 67
     1
  8
0
  6
Continuous
 62
     7
370
    70
100
AcDbCircle
 10
250.5526597345
 20
224.3101328515
 30
0.0
 40
0.5
100
AcDbArc
 50
90.0
 51
270.0
  0
LINE
  5
3A1
330
1B
100
AcDbEntity
 67
     1
  8
0
  6
Continuous
 62
     7
370
    70
100
AcDbLine
 10
250.5526597345
 20
222.2325328515
 30
0.0
 11
250.5526597345
 21
223.8101328515
 31
0.0
  0
LINE
  5
3A2
330
1B
100
AcDbEntity
 67
     1
  8
0
  6
Continuous
 62
     7
370
    70
100
AcDbLine
 10
250.5526597345
 20
222.2325328515
 30
0.0
 11
245.0839097345
 21
222.2325328515
 31
0.0
  0
LINE
  5
3A3
330
1B
100
AcDbEntity
 67
     1
  8
0
  6
Continuous
 62
     7
370
    70
100
AcDbLine
 10
245.0839097345
 20
222.2325328515
 30
0.0
 11
245.0839097345
 21
223.4851328515
 31
0.0
  0
ARC
  5
3A4
330
1B
100
AcDbEntity
 67
     1
  8
0
  6
Continuous
 62
     7
370
    70
100
AcDbCircle
 10
245.0839097345
 20
223.9851328515
 30
0.0
 40
0.5
100
AcDbArc
 50
270.0
 51
180.0
  0
LINE
  5
3A5
330
1B
100
AcDbEntity
 67
     1
  8
0
  6
Continuous
 62
     7
370
    70
100
AcDbLine
 10
244.5839097345
 20
223.9851328515
 30
0.0
 11
243.2026597345
 21
223.9851328515
 31
0.0
  0
ARC
  5
3A6
330
1B
100
AcDbEntity
 67
     1
  8
0
  6
Continuous
 62
     7
370
    70
100
AcDbCircle
 10
242.7026597345
 20
223.9851328515
 30
0.0
 40
0.5
100
AcDbArc
 50
0.0
 51
270.0
  0
LINE
  5
3A7
330
1B
100
AcDbEntity
 67
     1
  8
0
  6
Continuous
 62
     7
370
    70
100
AcDbLine
 10
242.7026597345
 20
223.4851328515
 30
0.0
 11
242.7026597345
 21
222.2325328515
 31
0.0
  0
LINE
  5
3A8
330
1B
100
AcDbEntity
 67
     1
  8
0
  6
Continuous
 62
     7
370
    70
100
AcDbLine
 10
242.7026597345
 20
222.2325328515
 30
0.0
 11
241.2026597345
 21
222.2325328515
 31
0.0
  0
ARC
  5
3A9
330
1B
100
AcDbEntity
 67
     1
  8
0
  6
Continuous
 62
     7
370
    70
100
AcDbCircle
 10
240.7026597345
 20
222.2325328515
 30
0.0
 40
0.5000000000000284
100
AcDbArc
 50
360.0
 51
270.0
  0
LINE
  5
3AA
330
1B
100
AcDbEntity
 67
     1
  8
0
  6
Continuous
 62
     7
370
    70
100
AcDbLine
 10
240.7026597345
 20
221.7325328515
 30
0.0
 11
240.7026597345
 21
219.8877328515
 31
0.0
  0
ARC
  5
3AB
330
1B
100
AcDbEntity
 67
     1
  8
0
  6
Continuous
 62
     7
370
    70
100
AcDbCircle
 10
240.7026597345
 20
219.3877328515
 30
0.0
 40
0.5000000000000284
100
AcDbArc
 50
90.0
 51
360.0
  0
LINE
  5
3AC
330
1B
100
AcDbEntity
 67
     1
  8
0
  6
Continuous
 62
     7
370
    70
100
AcDbLine
 10
241.2026597345
 20
219.3877328515
 30
0.0
 11
242.7026597345
 21
219.3877328515
 31
0.0
  0
LINE
  5
3AD
330
1B
100
AcDbEntity
 67
     1
  8
0
  6
Continuous
 62
     7
370
    70
100
AcDbLine
 10
242.7026597345
 20
219.3877328515
 30
0.0
 11
242.7026597345
 21
218.1351328515
 31
0.0
  0
ARC
  5
3AE
330
1B
100
AcDbEntity
 67
     1
  8
0
  6
Continuous
 62
     7
370
    70
100
AcDbCircle
 10
242.7026597345
 20
217.6351328515
 30
0.0
 40
0.5
100
AcDbArc
 50
90.0
 51
360.0
  0
LINE
  5
3AF
330
1B
100
AcDbEntity
 67
     1
  8
0
  6
Continuous
 62
     7
370
    70
100
AcDbLine
 10
243.2026597345
 20
217.6351328515
 30
0.0
 11
244.5839097345
 21
217.6351328515
 31
0.0
  0
ARC
  5
3B0
330
1B
100
AcDbEntity
 67
     1
  8
0
  6
Continuous
 62
     7
370
    70
100
AcDbCircle
 10
245.0839097345
 20
217.6351328515
 30
0.0
 40
0.5000000000000853
100
AcDbArc
 50
180.0
 51
90.0
  0
LINE
  5
3B1
330
1B
100
AcDbEntity
 67
     1
  8
0
  6
Continuous
 62
     7
370
    70
100
AcDbLine
 10
245.0839097345
 20
218.1351328515
 30
0.0
 11
245.0839097345
 21
219.3877328515
 31
0.0
  0
LINE
  5
3B2
330
1B
100
AcDbEntity
 67
     1
  8
0
  6
Continuous
 62
     7
370
    70
100
AcDbLine
 10
245.0839097345
 20
219.3877328515
 30
0.0
 11
250.5526597345
 21
219.3877328515
 31
0.0
  0
LINE
  5
3B3
330
1B
100
AcDbEntity
 67
     1
  8
0
  6
Continuous
 62
     7
370
    70
100
AcDbLine
 10
250.5526597345
 20
217.8101328515
 30
0.0
 11
250.5526597345
 21
219.3877328515
 31
0.0
  0
ARC
  5
3B4
330
1B
100
AcDbEntity
 67
     1
  8
0
  6
Continuous
 62
     7
370
    70
100
AcDbCircle
 10
250.5526597345
 20
217.3101328515
 30
0.0
 40
0.5
100
AcDbArc
 50
90.0
 51
270.0
  0
LINE
  5
3B5
330
1B
100
AcDbEntity
 67
     1
  8
0
  6
Continuous
 62
     7
370
    70
100
AcDbLine
 10
250.5526597345
 20
216.8101328515
 30
0.0
 11
255.7926597345
 21
216.8101328515
 31
0.0
  0
LINE
  5
3B6
330
1B
100
AcDbEntity
 67
     1
  8
0
  6
Continuous
 62
     7
370
    70
100
AcDbLine
 10
255.7926597345
 20
211.3101328515
 30
0.0
 11
255.7926597345
 21
216.8101328515
 31
0.0
  0
LINE
  5
3B7
330
1B
100
AcDbEntity
 67
     1
  8
0
  6
Continuous
 62
     7
370
    70
100
AcDbLine
 10
250.5526597345
 20
211.3101328515
 30
0.0
 11
255.7926597345
 21
211.3101328515
 31
0.0
  0
ARC
  5
3B8
330
1B
100
AcDbEntity
 67
     1
  8
0
  6
Continuous
 62
     7
370
    70
100
AcDbCircle
 10
250.5526597345
 20
210.8101328515
 30
0.0
 40
0.5000000000000284
100
AcDbArc
 50
90.0
 51
270.0
  0
LINE
  5
3B9
330
1B
100
AcDbEntity
 67
     1
  8
0
  6
Continuous
 62
     7
370
    70
100
AcDbLine
 10
250.5526597345
 20
208.3101328515
 30
0.0
 11
250.5526597345
 21
210.3101328515
 31
0.0
  0
LINE
  5
3BA
330
1B
100
AcDbEntity
 67
     1
  8
0
  6
Continuous
 62
     7
370
    70
100
AcDbLine
 10
250.5526597345
 20
208.3101328515
 30
0.0
 11
225.7926597345
 21
208.3101328515
 31
0.0
  0
ARC
  5
3BB
330
1B
100
AcDbEntity
 67
     1
  8
0
  6
Continuous
 62
     7
370
    70
100
AcDbCircle
 10
225.7926597345
 20
211.3101328515
 30
0.0
 40
3.0
100
AcDbArc
 50
180.0
 51
270.0
  0
LINE
  5
3BC
330
1B
100
AcDbEntity
 67
     1
  8
0
  6
Continuous
 62
     7
370
    70
100
AcDbLine
 10
222.7926597345
 20
211.3101328515
 30
0.0
 11
222.7926597345
 21
212.5501328515
 31
0.0
  0
ARC
  5
3BD
330
1B
100
AcDbEntity
 67
     1
  8
0
  6
Continuous
 62
     7
370
    70
100
AcDbCircle
 10
219.7926597345
 20
212.5501328515
 30
0.0
 40
3.000000000000057
100
AcDbArc
 50
0.0
 51
90.0
  0
LINE
  5
3BE
330
1B
100
AcDbEntity
 67
     1
  8
0
  6
Continuous
 62
     7
370
    70
100
AcDbLine
 10
88.3926597345
 20
215.5501328515
 30
0.0
 11
219.7926597345
 21
215.5501328515
 31
0.0
  0
ARC
  5
3BF
330
1B
100
AcDbEntity
 67
     1
  8
0
  6
Continuous
 62
     7
370
    70
100
AcDbCircle
 10
88.3926597345
 20
212.5501328515
 30
0.0
 40
3.0
100
AcDbArc
 50
90.0
 51
180.0
  0
LINE
  5
3C0
330
1B
100
AcDbEntity
 67
     1
  8
0
  6
Continuous
 62
     7
370
    70
100
AcDbLine
 10
85.3926597345
 20
211.3101328515
 30
0.0
 11
85.3926597345
 21
212.5501328515
 31
0.0
  0
ARC
  5
3C1
330
1B
100
AcDbEntity
 67
     1
  8
0
  6
Continuous
 62
     7
370
    70
100
AcDbCircle
 10
82.3926597345
 20
211.3101328515
 30
0.0
 40
3.0
100
AcDbArc
 50
270.0
 51
0.0
  0
LINE
  5
3C2
330
1B
100
AcDbEntity
 67
     1
  8
0
  6
Continuous
 62
     7
370
    70
100
AcDbLine
 10
82.3926597345
 20
208.3101328515
 30
0.0
 11
57.6326597345
 21
208.3101328515
 31
0.0
  0
LINE
  5
3C3
330
1B
100
AcDbEntity
 67
     1
  8
0
  6
Continuous
 62
     7
370
    70
100
AcDbLine
 10
57.6326597345
 20
208.3101328515
 30
0.0
 11
57.6326597345
 21
210.3101328515
 31
0.0
  0
LINE
  5
3C4
330
1B
100
AcDbEntity
 67
     1
  8
0
  6
Continuous
 62
     7
370
    70
100
AcDbLine
 10
57.6326597345
 20
211.3101328515
 30
0.0
 11
52.3926597345
 21
211.3101328515
 31
0.0
  0
LINE
  5
3C5
330
1B
100
AcDbEntity
 67
     1
  8
0
  6
Continuous
 62
     7
370
    70
100
AcDbLine
 10
52.3926597345
 20
211.3101328515
 30
0.0
 11
52.3926597345
 21
216.8101328515
 31
0.0
  0
LINE
  5
3C6
330
1B
100
AcDbEntity
 67
     1
  8
0
  6
Continuous
 62
     7
370
    70
100
AcDbLine
 10
57.6326597345
 20
216.8101328515
 30
0.0
 11
52.3926597345
 21
216.8101328515
 31
0.0
  0
ARC
  5
3C7
330
1B
100
AcDbEntity
 67
     1
  8
0
  6
Continuous
 62
     7
370
    70
100
AcDbCircle
 10
57.6326597345
 20
217.3101328515
 30
0.0
 40
0.5
100
AcDbArc
 50
270.0
 51
90.0
  0
LINE
  5
3C8
330
1B
100
AcDbEntity
 67
     1
  8
0
  6
Continuous
 62
     7
370
    70
100
AcDbLine
 10
57.6326597345
 20
217.8101328515
 30
0.0
 11
57.6326597345
 21
219.3877328515
 31
0.0
  0
LINE
  5
3C9
330
1B
100
AcDbEntity
 67
     1
  8
0
  6
Continuous
 62
     7
370
    70
100
AcDbLine
 10
63.1014097345
 20
219.3877328515
 30
0.0
 11
57.6326597345
 21
219.3877328515
 31
0.0
  0
LINE
  5
3CA
330
1B
100
AcDbEntity
 67
     1
  8
0
  6
Continuous
 62
     7
370
    70
100
AcDbLine
 10
63.1014097345
 20
218.1351328515
 30
0.0
 11
63.1014097345
 21
219.3877328515
 31
0.0
  0
ARC
  5
3CB
330
1B
100
AcDbEntity
 67
     1
  8
0
  6
Continuous
 62
     7
370
    70
100
AcDbCircle
 10
63.1014097345
 20
217.6351328515
 30
0.0
 40
0.5000000000000284
100
AcDbArc
 50
90.0
 51
360.0
  0
LINE
  5
3CC
330
1B
100
AcDbEntity
 67
     1
  8
0
  6
Continuous
 62
     7
370
    70
100
AcDbLine
 10
64.9826597345
 20
217.6351328515
 30
0.0
 11
63.6014097345
 21
217.6351328515
 31
0.0
  0
ARC
  5
3CD
330
1B
100
AcDbEntity
 67
     1
  8
0
  6
Continuous
 62
     7
370
    70
100
AcDbCircle
 10
65.4826597345
 20
217.6351328515
 30
0.0
 40
0.5
100
AcDbArc
 50
180.0
 51
90.0
  0
LINE
  5
3CE
330
1B
100
AcDbEntity
 67
     1
  8
0
  6
Continuous
 62
     7
370
    70
100
AcDbLine
 10
65.4826597345
 20
219.3877328515
 30
0.0
 11
65.4826597345
 21
218.1351328515
 31
0.0
  0
LINE
  5
3CF
330
1B
100
AcDbEntity
 67
     1
  8
0
  6
Continuous
 62
     7
370
    70
100
AcDbLine
 10
66.9826597345
 20
219.3877328515
 30
0.0
 11
65.4826597345
 21
219.3877328515
 31
0.0
  0
ARC
  5
3D0
330
1B
100
AcDbEntity
 67
     1
  8
0
  6
Continuous
 62
     7
370
    70
100
AcDbCircle
 10
67.4826597345
 20
219.3877328515
 30
0.0
 40
0.5
100
AcDbArc
 50
180.0
 51
90.0
  0
LINE
  5
3D1
330
1B
100
AcDbEntity
 67
     1
  8
0
  6
Continuous
 62
     7
370
    70
100
AcDbLine
 10
67.4826597345
 20
221.7325328515
 30
0.0
 11
67.4826597345
 21
219.8877328515
 31
0.0
  0
ARC
  5
3D2
330
1B
100
AcDbEntity
 67
     1
  8
0
  6
Continuous
 62
     7
370
    70
100
AcDbCircle
 10
67.4826597345
 20
222.2325328515
 30
0.0
 40
0.5000000000000284
100
AcDbArc
 50
270.0
 51
180.0
  0
LINE
  5
3D3
330
1B
100
AcDbEntity
 67
     1
  8
0
  6
Continuous
 62
     7
370
    70
100
AcDbLine
 10
65.4826597345
 20
222.2325328515
 30
0.0
 11
66.9826597345
 21
222.2325328515
 31
0.0
  0
LINE
  5
3D4
330
1B
100
AcDbEntity
 67
     1
  8
0
  6
Continuous
 62
     7
370
    70
100
AcDbLine
 10
65.4826597345
 20
223.4851328515
 30
0.0
 11
65.4826597345
 21
222.2325328515
 31
0.0
  0
ARC
  5
3D5
330
1B
100
AcDbEntity
 67
     1
  8
0
  6
Continuous
 62
     7
370
    70
100
AcDbCircle
 10
65.4826597345
 20
223.9851328515
 30
0.0
 40
0.5
100
AcDbArc
 50
270.0
 51
180.0
  0
LINE
  5
3D6
330
1B
100
AcDbEntity
 67
     1
  8
0
  6
Continuous
 62
     7
370
    70
100
AcDbLine
 10
63.6014097345
 20
223.9851328515
 30
0.0
 11
64.9826597345
 21
223.9851328515
 31
0.0
  0
ARC
  5
3D7
330
1B
100
AcDbEntity
 67
     1
  8
0
  6
Continuous
 62
     7
370
    70
100
AcDbCircle
 10
63.1014097345
 20
223.9851328515
 30
0.0
 40
0.5
100
AcDbArc
 50
0.0
 51
270.0
  0
LINE
  5
3D8
330
1B
100
AcDbEntity
 67
     1
  8
0
  6
Continuous
 62
     7
370
    70
100
AcDbLine
 10
63.1014097345
 20
222.2325328515
 30
0.0
 11
63.1014097345
 21
223.4851328515
 31
0.0
  0
LINE
  5
3D9
330
1B
100
AcDbEntity
 67
     1
  8
0
  6
Continuous
 62
     7
370
    70
100
AcDbLine
 10
57.6326597345
 20
222.2325328515
 30
0.0
 11
63.1014097345
 21
222.2325328515
 31
0.0
  0
LINE
  5
3DA
330
1B
100
AcDbEntity
 67
     1
  8
0
  6
Continuous
 62
     7
370
    70
100
AcDbLine
 10
57.6326597345
 20
222.2325328515
 30
0.0
 11
57.6326597345
 21
223.8101328515
 31
0.0
  0
ARC
  5
3DB
330
1B
100
AcDbEntity
 67
     1
  8
0
  6
Continuous
 62
     7
370
    70
100
AcDbCircle
 10
57.6326597345
 20
224.3101328515
 30
0.0
 40
0.5
100
AcDbArc
 50
270.0
 51
90.0
  0
LINE
  5
3DC
330
1B
100
AcDbEntity
 67
     1
  8
0
  6
Continuous
 62
     7
370
    70
100
AcDbLine
 10
57.6326597345
 20
224.8101328515
 30
0.0
 11
52.3926597345
 21
224.8101328515
 31
0.0
  0
LINE
  5
3DD
330
1B
100
AcDbEntity
 67
     1
  8
0
  6
Continuous
 62
     7
370
    70
100
AcDbLine
 10
52.3926597345
 20
230.3101328515
 30
0.0
 11
52.3926597345
 21
224.8101328515
 31
0.0
  0
LINE
  5
3DE
330
1B
100
AcDbEntity
 67
     1
  8
0
  6
Continuous
 62
     7
370
    70
100
AcDbLine
 10
57.6326597345
 20
230.3101328515
 30
0.0
 11
52.3926597345
 21
230.3101328515
 31
0.0
  0
ARC
  5
3DF
330
1B
100
AcDbEntity
 67
     1
  8
0
  6
Continuous
 62
     7
370
    70
100
AcDbCircle
 10
57.6326597345
 20
230.8101328515
 30
0.0
 40
0.5
100
AcDbArc
 50
270.0
 51
90.0
  0
LINE
  5
3E0
330
1B
100
AcDbEntity
 67
     1
  8
0
  6
Continuous
 62
     7
370
    70
100
AcDbLine
 10
57.6326597345
 20
231.3101328515
 30
0.0
 11
57.6326597345
 21
233.3101328515
 31
0.0
  0
LINE
  5
3E1
330
1B
100
AcDbEntity
 67
     1
  8
0
  6
Continuous
 62
     7
370
    70
100
AcDbLine
 10
78.6326597345
 20
233.3101328515
 30
0.0
 11
57.6326597345
 21
233.3101328515
 31
0.0
  0
LINE
  5
3E2
330
1B
100
AcDbEntity
 67
     1
  8
0
  6
Continuous
 62
     7
370
    70
100
AcDbLine
 10
78.6326597345
 20
238.0501328515
 30
0.0
 11
78.6326597345
 21
233.3101328515
 31
0.0
  0
LINE
  5
3E3
330
1B
100
AcDbEntity
 67
     1
  8
0
  6
Continuous
 62
     7
370
    70
100
AcDbLine
 10
78.6326597345
 20
238.0501328515
 30
0.0
 11
87.6326597345
 21
238.0501328515
 31
0.0
  0
LINE
  5
3E4
330
1B
100
AcDbEntity
 67
     1
  8
0
  6
Continuous
 62
     7
370
    70
100
AcDbLine
 10
87.6326597345
 20
238.0501328515
 30
0.0
 11
87.6326597345
 21
233.3101328515
 31
0.0
  0
LINE
  5
3E5
330
1B
100
AcDbEntity
 67
     1
  8
0
  6
Continuous
 62
     7
370
    70
100
AcDbLine
 10
97.6326597345
 20
233.3101328515
 30
0.0
 11
87.6326597345
 21
233.3101328515
 31
0.0
  0
LINE
  5
3E6
330
1B
100
AcDbEntity
 67
     1
  8
0
  6
Continuous
 62
     7
370
    70
100
AcDbLine
 10
97.6326597345
 20
238.0501328515
 30
0.0
 11
97.6326597345
 21
233.3101328515
 31
0.0
  0
LINE
  5
3E7
330
1B
100
AcDbEntity
 67
     1
  8
0
  6
Continuous
 62
     7
370
    70
100
AcDbLine
 10
97.6326597345
 20
238.0501328515
 30
0.0
 11
106.6326597345
 21
238.0501328515
 31
0.0
  0
LINE
  5
3E8
330
1B
100
AcDbEntity
 67
     1
  8
0
  6
Continuous
 62
     7
370
    70
100
AcDbLine
 10
106.6326597345
 20
238.0501328515
 30
0.0
 11
106.6326597345
 21
233.3101328515
 31
0.0
  0
LINE
  5
3E9
330
1B
100
AcDbEntity
 67
     1
  8
0
  6
Continuous
 62
     7
370
    70
100
AcDbLine
 10
126.4566597345
 20
233.3101328515
 30
0.0
 11
106.6326597345
 21
233.3101328515
 31
0.0
  0
LINE
  5
3EA
330
1B
100
AcDbEntity
 67
     1
  8
0
  6
Continuous
 62
     7
370
    70
100
AcDbLine
 10
126.4566597345
 20
225.1821328515
 30
0.0
 11
126.4566597345
 21
233.3101328515
 31
0.0
  0
LINE
  5
3EB
330
1B
100
AcDbEntity
 67
     1
  8
0
  6
Continuous
 62
     7
370
    70
100
AcDbLine
 10
150.5926597345
 20
225.1821328515
 30
0.0
 11
126.4566597345
 21
225.1821328515
 31
0.0
  0
LINE
  5
3EC
330
1B
100
AcDbEntity
 67
     1
  8
0
  6
Continuous
 62
     7
370
    70
100
AcDbLine
 10
150.5926597345
 20
225.1821328515
 30
0.0
 11
150.5926597345
 21
222.6821328515
 31
0.0
  0
ARC
  5
3ED
330
1B
100
AcDbEntity
 67
     1
  8
0
  6
Continuous
 62
     7
370
    70
100
AcDbCircle
 10
151.5926597345
 20
222.6821328515
 30
0.0
 40
1.0
100
AcDbArc
 50
180.0
 51
270.0
  0
LINE
  5
3EE
330
1B
100
AcDbEntity
 67
     1
  8
0
  6
Continuous
 62
     7
370
    70
100
AcDbLine
 10
151.5926597345
 20
221.6821328515
 30
0.0
 11
156.5926597345
 21
221.6821328515
 31
0.0
  0
ARC
  5
3EF
330
1B
100
AcDbEntity
 67
     1
  8
0
  6
Continuous
 62
     7
370
    70
100
AcDbCircle
 10
156.5926597345
 20
222.6821328515
 30
0.0
 40
1.0
100
AcDbArc
 50
270.0
 51
0.0
  0
LINE
  5
3F0
330
1B
100
AcDbEntity
 67
     1
  8
0
  6
Continuous
 62
     7
370
    70
100
AcDbLine
 10
157.5926597345
 20
225.1821328515
 30
0.0
 11
157.5926597345
 21
222.6821328515
 31
0.0
  0
LINE
  5
3F1
330
1B
100
AcDbEntity
 67
     1
  8
0
  6
Continuous
 62
     7
370
    70
100
AcDbLine
 10
157.5926597345
 20
225.1821328515
 30
0.0
 11
181.7318562374
 21
225.1821328515
 31
0.0
  0
LINE
  5
3F2
330
1B
100
AcDbEntity
 67
     1
  8
0
  6
Continuous
 62
     7
370
    70
100
AcDbLine
 10
181.7318562374
 20
233.3101328515
 30
0.0
 11
181.7318562374
 21
225.1821328515
 31
0.0
  0
ARC
  5
3F3
330
1B
100
AcDbEntity
 67
     1
  8
0
  6
Continuous
 62
     7
370
    70
100
AcDbCircle
 10
57.6326597345
 20
210.8101328515
 30
0.0
 40
0.5000000000000284
100
AcDbArc
 50
270.0
 51
90.0
  0
LINE
  5
3F4
330
1B
100
AcDbEntity
 67
     1
  8
0
  6
Continuous
 62
     7
370
    70
100
AcDbLine
 10
141.2472378629
 20
204.0228062436
 30
0.0
 11
141.2472378629
 21
198.7828062436
 31
0.0
  0
LINE
  5
3F5
330
1B
100
AcDbEntity
 67
     1
  8
0
  6
Continuous
 62
     7
370
    70
100
AcDbLine
 10
150.2472378629
 20
204.0228062436
 30
0.0
 11
141.2472378629
 21
204.0228062436
 31
0.0
  0
LINE
  5
3F6
330
1B
100
AcDbEntity
 67
     1
  8
0
  6
Continuous
 62
     7
370
    70
100
AcDbLine
 10
150.2472378629
 20
204.0228062436
 30
0.0
 11
150.2472378629
 21
198.7828062436
 31
0.0
  0
ARC
  5
3F7
330
1B
100
AcDbEntity
 67
     1
  8
0
  6
Continuous
 62
     7
370
    70
100
AcDbCircle
 10
150.9972378629
 20
198.7828062436
 30
0.0
 40
0.75
100
AcDbArc
 50
180.0
 51
360.0
  0
LINE
  5
3F8
330
1B
100
AcDbEntity
 67
     1
  8
0
  6
Continuous
 62
     7
370
    70
100
AcDbLine
 10
151.7472378629
 20
198.7828062436
 30
0.0
 11
197.7472378629
 21
198.7828062436
 31
0.0
  0
ARC
  5
3F9
330
1B
100
AcDbEntity
 67
     1
  8
0
  6
Continuous
 62
     7
370
    70
100
AcDbCircle
 10
198.4972378629
 20
198.7828062436
 30
0.0
 40
0.75
100
AcDbArc
 50
180.0
 51
0.0
  0
LINE
  5
3FA
330
1B
100
AcDbEntity
 67
     1
  8
0
  6
Continuous
 62
     7
370
    70
100
AcDbLine
 10
199.2472378629
 20
198.7828062436
 30
0.0
 11
199.2472378629
 21
204.0228062436
 31
0.0
  0
LINE
  5
3FB
330
1B
100
AcDbEntity
 67
     1
  8
0
  6
Continuous
 62
     7
370
    70
100
AcDbLine
 10
199.2472378629
 20
204.0228062436
 30
0.0
 11
208.2472378629
 21
204.0228062436
 31
0.0
  0
LINE
  5
3FC
330
1B
100
AcDbEntity
 67
     1
  8
0
  6
Continuous
 62
     7
370
    70
100
AcDbLine
 10
208.2472378629
 20
198.7828062436
 30
0.0
 11
208.2472378629
 21
204.0228062436
 31
0.0
  0
ARC
  5
3FD
330
1B
100
AcDbEntity
 67
     1
  8
0
  6
Continuous
 62
     7
370
    70
100
AcDbCircle
 10
208.9972378629
 20
198.7828062436
 30
0.0
 40
0.75
100
AcDbArc
 50
180.0
 51
0.0
  0
LINE
  5
3FE
330
1B
100
AcDbEntity
 67
     1
  8
0
  6
Continuous
 62
     7
370
    70
100
AcDbLine
 10
209.7472378629
 20
198.7828062436
 30
0.0
 11
211.8248378629
 21
198.7828062436
 31
0.0
  0
LINE
  5
3FF
330
1B
100
AcDbEntity
 67
     1
  8
0
  6
Continuous
 62
     7
370
    70
100
AcDbLine
 10
211.8248378629
 20
193.3140562436
 30
0.0
 11
211.8248378629
 21
198.7828062436
 31
0.0
  0
LINE
  5
400
330
1B
100
AcDbEntity
 67
     1
  8
0
  6
Continuous
 62
     7
370
    70
100
AcDbLine
 10
210.8222378629
 20
193.3140562436
 30
0.0
 11
211.8248378629
 21
193.3140562436
 31
0.0
  0
ARC
  5
401
330
1B
100
AcDbEntity
 67
     1
  8
0
  6
Continuous
 62
     7
370
    70
100
AcDbCircle
 10
210.0722378629
 20
193.3140562436
 30
0.0
 40
0.75
100
AcDbArc
 50
0.0
 51
270.0
  0
LINE
  5
402
330
1B
100
AcDbEntity
 67
     1
  8
0
  6
Continuous
 62
     7
370
    70
100
AcDbLine
 10
210.0722378629
 20
191.6828062436
 30
0.0
 11
210.0722378629
 21
192.5640562436
 31
0.0
  0
ARC
  5
403
330
1B
100
AcDbEntity
 67
     1
  8
0
  6
Continuous
 62
     7
370
    70
100
AcDbCircle
 10
210.0722378629
 20
190.9328062436
 30
0.0
 40
0.75
100
AcDbArc
 50
90.0
 51
0.0
  0
LINE
  5
404
330
1B
100
AcDbEntity
 67
     1
  8
0
  6
Continuous
 62
     7
370
    70
100
AcDbLine
 10
211.8248378629
 20
190.9328062436
 30
0.0
 11
210.8222378629
 21
190.9328062436
 31
0.0
  0
LINE
  5
405
330
1B
100
AcDbEntity
 67
     1
  8
0
  6
Continuous
 62
     7
370
    70
100
AcDbLine
 10
211.8248378629
 20
189.6828062436
 30
0.0
 11
211.8248378629
 21
190.9328062436
 31
0.0
  0
ARC
  5
406
330
1B
100
AcDbEntity
 67
     1
  8
0
  6
Continuous
 62
     7
370
    70
100
AcDbCircle
 10
211.8248378629
 20
188.9328062436
 30
0.0
 40
0.75
100
AcDbArc
 50
90.0
 51
0.0
  0
LINE
  5
407
330
1B
100
AcDbEntity
 67
     1
  8
0
  6
Continuous
 62
     7
370
    70
100
AcDbLine
 10
213.9196378629
 20
188.9328062436
 30
0.0
 11
212.5748378629
 21
188.9328062436
 31
0.0
  0
ARC
  5
408
330
1B
100
AcDbEntity
 67
     1
  8
0
  6
Continuous
 62
     7
370
    70
100
AcDbCircle
 10
214.6696378629
 20
188.9328062436
 30
0.0
 40
0.75
100
AcDbArc
 50
180.0
 51
90.0
  0
LINE
  5
409
330
1B
100
AcDbEntity
 67
     1
  8
0
  6
Continuous
 62
     7
370
    70
100
AcDbLine
 10
214.6696378629
 20
190.9328062436
 30
0.0
 11
214.6696378629
 21
189.6828062436
 31
0.0
  0
LINE
  5
40A
330
1B
100
AcDbEntity
 67
     1
  8
0
  6
Continuous
 62
     7
370
    70
100
AcDbLine
 10
215.6722378629
 20
190.9328062436
 30
0.0
 11
214.6696378629
 21
190.9328062436
 31
0.0
  0
ARC
  5
40B
330
1B
100
AcDbEntity
 67
     1
  8
0
  6
Continuous
 62
     7
370
    70
100
AcDbCircle
 10
216.4222378629
 20
190.9328062436
 30
0.0
 40
0.75
100
AcDbArc
 50
180.0
 51
90.0
  0
LINE
  5
40C
330
1B
100
AcDbEntity
 67
     1
  8
0
  6
Continuous
 62
     7
370
    70
100
AcDbLine
 10
216.4222378629
 20
192.5640562436
 30
0.0
 11
216.4222378629
 21
191.6828062436
 31
0.0
  0
ARC
  5
40D
330
1B
100
AcDbEntity
 67
     1
  8
0
  6
Continuous
 62
     7
370
    70
100
AcDbCircle
 10
216.4222378629
 20
193.3140562436
 30
0.0
 40
0.75
100
AcDbArc
 50
270.0
 51
180.0
  0
LINE
  5
40E
330
1B
100
AcDbEntity
 67
     1
  8
0
  6
Continuous
 62
     7
370
    70
100
AcDbLine
 10
214.6696378629
 20
193.3140562436
 30
0.0
 11
215.6722378629
 21
193.3140562436
 31
0.0
  0
LINE
  5
40F
330
1B
100
AcDbEntity
 67
     1
  8
0
  6
Continuous
 62
     7
370
    70
100
AcDbLine
 10
214.6696378629
 20
198.7828062436
 30
0.0
 11
214.6696378629
 21
193.3140562436
 31
0.0
  0
LINE
  5
410
330
1B
100
AcDbEntity
 67
     1
  8
0
  6
Continuous
 62
     7
370
    70
100
AcDbLine
 10
214.6696378629
 20
198.7828062436
 30
0.0
 11
216.7472378629
 21
198.7828062436
 31
0.0
  0
ARC
  5
411
330
1B
100
AcDbEntity
 67
     1
  8
0
  6
Continuous
 62
     7
370
    70
100
AcDbCircle
 10
217.4972378629
 20
198.7828062436
 30
0.0
 40
0.75
100
AcDbArc
 50
180.0
 51
0.0
  0
LINE
  5
412
330
1B
100
AcDbEntity
 67
     1
  8
0
  6
Continuous
 62
     7
370
    70
100
AcDbLine
 10
218.2472378629
 20
198.7828062436
 30
0.0
 11
218.2472378629
 21
204.0228062436
 31
0.0
  0
LINE
  5
413
330
1B
100
AcDbEntity
 67
     1
  8
0
  6
Continuous
 62
     7
370
    70
100
AcDbLine
 10
227.2472378629
 20
204.0228062436
 30
0.0
 11
218.2472378629
 21
204.0228062436
 31
0.0
  0
LINE
  5
414
330
1B
100
AcDbEntity
 67
     1
  8
0
  6
Continuous
 62
     7
370
    70
100
AcDbLine
 10
227.2472378629
 20
198.7828062436
 30
0.0
 11
227.2472378629
 21
204.0228062436
 31
0.0
  0
ARC
  5
415
330
1B
100
AcDbEntity
 67
     1
  8
0
  6
Continuous
 62
     7
370
    70
100
AcDbCircle
 10
227.9972378629
 20
198.7828062436
 30
0.0
 40
0.75
100
AcDbArc
 50
180.0
 51
0.0
  0
LINE
  5
416
330
1B
100
AcDbEntity
 67
     1
  8
0
  6
Continuous
 62
     7
370
    70
100
AcDbLine
 10
228.7472378629
 20
198.7828062436
 30
0.0
 11
232.2472378629
 21
198.7828062436
 31
0.0
  0
LINE
  5
417
330
1B
100
AcDbEntity
 67
     1
  8
0
  6
Continuous
 62
     7
370
    70
100
AcDbLine
 10
232.2472378629
 20
179.7828062436
 30
0.0
 11
232.2472378629
 21
198.7828062436
 31
0.0
  0
ARC
  5
418
330
1B
100
AcDbEntity
 67
     1
  8
0
  6
Continuous
 62
     7
370
    70
100
AcDbCircle
 10
226.2472378629
 20
179.7828062436
 30
0.0
 40
6.000000000000028
100
AcDbArc
 50
270.0
 51
0.0
  0
LINE
  5
419
330
1B
100
AcDbEntity
 67
     1
  8
0
  6
Continuous
 62
     7
370
    70
100
AcDbLine
 10
83.2472378629
 20
173.7828062436
 30
0.0
 11
226.2472378629
 21
173.7828062436
 31
0.0
  0
ARC
  5
41A
330
1B
100
AcDbEntity
 67
     1
  8
0
  6
Continuous
 62
     7
370
    70
100
AcDbCircle
 10
83.2472378629
 20
179.7828062436
 30
0.0
 40
6.000000000000014
100
AcDbArc
 50
180.0
 51
270.0
  0
LINE
  5
41B
330
1B
100
AcDbEntity
 67
     1
  8
0
  6
Continuous
 62
     7
370
    70
100
AcDbLine
 10
77.2472378629
 20
179.7828062436
 30
0.0
 11
77.2472378629
 21
198.7828062436
 31
0.0
  0
LINE
  5
41C
330
1B
100
AcDbEntity
 67
     1
  8
0
  6
Continuous
 62
     7
370
    70
100
AcDbLine
 10
77.2472378629
 20
198.7828062436
 30
0.0
 11
82.2472378629
 21
198.7828062436
 31
0.0
  0
LINE
  5
41D
330
1B
100
AcDbEntity
 67
     1
  8
0
  6
Continuous
 62
     7
370
    70
100
AcDbLine
 10
82.2472378629
 20
193.3140562436
 30
0.0
 11
82.2472378629
 21
198.7828062436
 31
0.0
  0
LINE
  5
41E
330
1B
100
AcDbEntity
 67
     1
  8
0
  6
Continuous
 62
     7
370
    70
100
AcDbLine
 10
81.2446378629
 20
193.3140562436
 30
0.0
 11
82.2472378629
 21
193.3140562436
 31
0.0
  0
ARC
  5
41F
330
1B
100
AcDbEntity
 67
     1
  8
0
  6
Continuous
 62
     7
370
    70
100
AcDbCircle
 10
80.4946378629
 20
193.3140562436
 30
0.0
 40
0.7500000000000284
100
AcDbArc
 50
0.0
 51
270.0
  0
LINE
  5
420
330
1B
100
AcDbEntity
 67
     1
  8
0
  6
Continuous
 62
     7
370
    70
100
AcDbLine
 10
80.4946378629
 20
191.6828062436
 30
0.0
 11
80.4946378629
 21
192.5640562436
 31
0.0
  0
ARC
  5
421
330
1B
100
AcDbEntity
 67
     1
  8
0
  6
Continuous
 62
     7
370
    70
100
AcDbCircle
 10
80.4946378629
 20
190.9328062436
 30
0.0
 40
0.75
100
AcDbArc
 50
90.0
 51
360.0
  0
LINE
  5
422
330
1B
100
AcDbEntity
 67
     1
  8
0
  6
Continuous
 62
     7
370
    70
100
AcDbLine
 10
82.2472378629
 20
190.9328062436
 30
0.0
 11
81.2446378629
 21
190.9328062436
 31
0.0
  0
LINE
  5
423
330
1B
100
AcDbEntity
 67
     1
  8
0
  6
Continuous
 62
     7
370
    70
100
AcDbLine
 10
82.2472378629
 20
189.6828062436
 30
0.0
 11
82.2472378629
 21
190.9328062436
 31
0.0
  0
ARC
  5
424
330
1B
100
AcDbEntity
 67
     1
  8
0
  6
Continuous
 62
     7
370
    70
100
AcDbCircle
 10
82.2472378629
 20
188.9328062436
 30
0.0
 40
0.7500000000000142
100
AcDbArc
 50
90.0
 51
360.0
  0
LINE
  5
425
330
1B
100
AcDbEntity
 67
     1
  8
0
  6
Continuous
 62
     7
370
    70
100
AcDbLine
 10
84.3420378629
 20
188.9328062436
 30
0.0
 11
82.9972378629
 21
188.9328062436
 31
0.0
  0
LINE
  5
426
330
1B
100
AcDbEntity
 67
     1
  8
0
  6
Continuous
 62
     7
370
    70
100
AcDbLine
 10
85.0920378629
 20
190.9328062436
 30
0.0
 11
85.0920378629
 21
189.6828062436
 31
0.0
  0
LINE
  5
427
330
1B
100
AcDbEntity
 67
     1
  8
0
  6
Continuous
 62
     7
370
    70
100
AcDbLine
 10
86.0946378629
 20
190.9328062436
 30
0.0
 11
85.0920378629
 21
190.9328062436
 31
0.0
  0
ARC
  5
428
330
1B
100
AcDbEntity
 67
     1
  8
0
  6
Continuous
 62
     7
370
    70
100
AcDbCircle
 10
86.8446378629
 20
190.9328062436
 30
0.0
 40
0.75
100
AcDbArc
 50
180.0
 51
90.0
  0
LINE
  5
429
330
1B
100
AcDbEntity
 67
     1
  8
0
  6
Continuous
 62
     7
370
    70
100
AcDbLine
 10
86.8446378629
 20
192.5640562436
 30
0.0
 11
86.8446378629
 21
191.6828062436
 31
0.0
  0
ARC
  5
42A
330
1B
100
AcDbEntity
 67
     1
  8
0
  6
Continuous
 62
     7
370
    70
100
AcDbCircle
 10
86.8446378629
 20
193.3140562436
 30
0.0
 40
0.7500000000000568
100
AcDbArc
 50
270.0
 51
180.0
  0
LINE
  5
42B
330
1B
100
AcDbEntity
 67
     1
  8
0
  6
Continuous
 62
     7
370
    70
100
AcDbLine
 10
85.0920378629
 20
193.3140562436
 30
0.0
 11
86.0946378629
 21
193.3140562436
 31
0.0
  0
LINE
  5
42C
330
1B
100
AcDbEntity
 67
     1
  8
0
  6
Continuous
 62
     7
370
    70
100
AcDbLine
 10
85.0920378629
 20
198.7828062436
 30
0.0
 11
85.0920378629
 21
193.3140562436
 31
0.0
  0
LINE
  5
42D
330
1B
100
AcDbEntity
 67
     1
  8
0
  6
Continuous
 62
     7
370
    70
100
AcDbLine
 10
85.0920378629
 20
198.7828062436
 30
0.0
 11
87.1696378629
 21
198.7828062436
 31
0.0
  0
ARC
  5
42E
330
1B
100
AcDbEntity
 67
     1
  8
0
  6
Continuous
 62
     7
370
    70
100
AcDbCircle
 10
87.9196378629
 20
198.7828062436
 30
0.0
 40
0.7500000000000142
100
AcDbArc
 50
180.0
 51
0.0
  0
LINE
  5
42F
330
1B
100
AcDbEntity
 67
     1
  8
0
  6
Continuous
 62
     7
370
    70
100
AcDbLine
 10
88.6696378629
 20
198.7828062436
 30
0.0
 11
88.6696378629
 21
204.0228062436
 31
0.0
  0
LINE
  5
430
330
1B
100
AcDbEntity
 67
     1
  8
0
  6
Continuous
 62
     7
370
    70
100
AcDbLine
 10
97.6696378629
 20
204.0228062436
 30
0.0
 11
88.6696378629
 21
204.0228062436
 31
0.0
  0
LINE
  5
431
330
1B
100
AcDbEntity
 67
     1
  8
0
  6
Continuous
 62
     7
370
    70
100
AcDbLine
 10
97.6696378629
 20
198.7828062436
 30
0.0
 11
97.6696378629
 21
204.0228062436
 31
0.0
  0
ARC
  5
432
330
1B
100
AcDbEntity
 67
     1
  8
0
  6
Continuous
 62
     7
370
    70
100
AcDbCircle
 10
98.4196378629
 20
198.7828062436
 30
0.0
 40
0.7500000000000142
100
AcDbArc
 50
180.0
 51
0.0
  0
LINE
  5
433
330
1B
100
AcDbEntity
 67
     1
  8
0
  6
Continuous
 62
     7
370
    70
100
AcDbLine
 10
99.1696378629
 20
198.7828062436
 30
0.0
 11
120.7472378629
 21
198.7828062436
 31
0.0
  0
ARC
  5
434
330
1B
100
AcDbEntity
 67
     1
  8
0
  6
Continuous
 62
     7
370
    70
100
AcDbCircle
 10
121.4972378629
 20
198.7828062436
 30
0.0
 40
0.75
100
AcDbArc
 50
180.0
 51
0.0
  0
LINE
  5
435
330
1B
100
AcDbEntity
 67
     1
  8
0
  6
Continuous
 62
     7
370
    70
100
AcDbLine
 10
122.2472378629
 20
204.0228062436
 30
0.0
 11
122.2472378629
 21
198.7828062436
 31
0.0
  0
LINE
  5
436
330
1B
100
AcDbEntity
 67
     1
  8
0
  6
Continuous
 62
     7
370
    70
100
AcDbLine
 10
131.2472378629
 20
204.0228062436
 30
0.0
 11
122.2472378629
 21
204.0228062436
 31
0.0
  0
LINE
  5
437
330
1B
100
AcDbEntity
 67
     1
  8
0
  6
Continuous
 62
     7
370
    70
100
AcDbLine
 10
131.2472378629
 20
204.0228062436
 30
0.0
 11
131.2472378629
 21
198.7828062436
 31
0.0
  0
ARC
  5
438
330
1B
100
AcDbEntity
 67
     1
  8
0
  6
Continuous
 62
     7
370
    70
100
AcDbCircle
 10
131.9972378629
 20
198.7828062436
 30
0.0
 40
0.75
100
AcDbArc
 50
180.0
 51
360.0
  0
LINE
  5
439
330
1B
100
AcDbEntity
 67
     1
  8
0
  6
Continuous
 62
     7
370
    70
100
AcDbLine
 10
132.7472378629
 20
198.7828062436
 30
0.0
 11
134.8248378629
 21
198.7828062436
 31
0.0
  0
LINE
  5
43A
330
1B
100
AcDbEntity
 67
     1
  8
0
  6
Continuous
 62
     7
370
    70
100
AcDbLine
 10
134.8248378629
 20
193.3140562436
 30
0.0
 11
134.8248378629
 21
198.7828062436
 31
0.0
  0
LINE
  5
43B
330
1B
100
AcDbEntity
 67
     1
  8
0
  6
Continuous
 62
     7
370
    70
100
AcDbLine
 10
133.8222378629
 20
193.3140562436
 30
0.0
 11
134.8248378629
 21
193.3140562436
 31
0.0
  0
ARC
  5
43C
330
1B
100
AcDbEntity
 67
     1
  8
0
  6
Continuous
 62
     7
370
    70
100
AcDbCircle
 10
133.0722378629
 20
193.3140562436
 30
0.0
 40
0.75
100
AcDbArc
 50
0.0
 51
270.0
  0
LINE
  5
43D
330
1B
100
AcDbEntity
 67
     1
  8
0
  6
Continuous
 62
     7
370
    70
100
AcDbLine
 10
133.0722378629
 20
191.6828062436
 30
0.0
 11
133.0722378629
 21
192.5640562436
 31
0.0
  0
ARC
  5
43E
330
1B
100
AcDbEntity
 67
     1
  8
0
  6
Continuous
 62
     7
370
    70
100
AcDbCircle
 10
133.0722378629
 20
190.9328062436
 30
0.0
 40
0.75
100
AcDbArc
 50
90.0
 51
0.0
  0
LINE
  5
43F
330
1B
100
AcDbEntity
 67
     1
  8
0
  6
Continuous
 62
     7
370
    70
100
AcDbLine
 10
134.8248378629
 20
190.9328062436
 30
0.0
 11
133.8222378629
 21
190.9328062436
 31
0.0
  0
LINE
  5
440
330
1B
100
AcDbEntity
 67
     1
  8
0
  6
Continuous
 62
     7
370
    70
100
AcDbLine
 10
134.8248378629
 20
189.6828062436
 30
0.0
 11
134.8248378629
 21
190.9328062436
 31
0.0
  0
ARC
  5
441
330
1B
100
AcDbEntity
 67
     1
  8
0
  6
Continuous
 62
     7
370
    70
100
AcDbCircle
 10
134.8248378629
 20
188.9328062436
 30
0.0
 40
0.75
100
AcDbArc
 50
90.0
 51
0.0
  0
LINE
  5
442
330
1B
100
AcDbEntity
 67
     1
  8
0
  6
Continuous
 62
     7
370
    70
100
AcDbLine
 10
136.9196378629
 20
188.9328062436
 30
0.0
 11
135.5748378629
 21
188.9328062436
 31
0.0
  0
ARC
  5
443
330
1B
100
AcDbEntity
 67
     1
  8
0
  6
Continuous
 62
     7
370
    70
100
AcDbCircle
 10
137.6696378629
 20
188.9328062436
 30
0.0
 40
0.75
100
AcDbArc
 50
180.0
 51
90.0
  0
LINE
  5
444
330
1B
100
AcDbEntity
 67
     1
  8
0
  6
Continuous
 62
     7
370
    70
100
AcDbLine
 10
137.6696378629
 20
190.9328062436
 30
0.0
 11
137.6696378629
 21
189.6828062436
 31
0.0
  0
LINE
  5
445
330
1B
100
AcDbEntity
 67
     1
  8
0
  6
Continuous
 62
     7
370
    70
100
AcDbLine
 10
138.6722378629
 20
190.9328062436
 30
0.0
 11
137.6696378629
 21
190.9328062436
 31
0.0
  0
ARC
  5
446
330
1B
100
AcDbEntity
 67
     1
  8
0
  6
Continuous
 62
     7
370
    70
100
AcDbCircle
 10
139.4222378629
 20
190.9328062436
 30
0.0
 40
0.7500000000000284
100
AcDbArc
 50
180.0
 51
90.0
  0
LINE
  5
447
330
1B
100
AcDbEntity
 67
     1
  8
0
  6
Continuous
 62
     7
370
    70
100
AcDbLine
 10
139.4222378629
 20
192.5640562436
 30
0.0
 11
139.4222378629
 21
191.6828062436
 31
0.0
  0
ARC
  5
448
330
1B
100
AcDbEntity
 67
     1
  8
0
  6
Continuous
 62
     7
370
    70
100
AcDbCircle
 10
139.4222378629
 20
193.3140562436
 30
0.0
 40
0.75
100
AcDbArc
 50
270.0
 51
180.0
  0
LINE
  5
449
330
1B
100
AcDbEntity
 67
     1
  8
0
  6
Continuous
 62
     7
370
    70
100
AcDbLine
 10
137.6696378629
 20
193.3140562436
 30
0.0
 11
138.6722378629
 21
193.3140562436
 31
0.0
  0
LINE
  5
44A
330
1B
100
AcDbEntity
 67
     1
  8
0
  6
Continuous
 62
     7
370
    70
100
AcDbLine
 10
137.6696378629
 20
198.7828062436
 30
0.0
 11
137.6696378629
 21
193.3140562436
 31
0.0
  0
LINE
  5
44B
330
1B
100
AcDbEntity
 67
     1
  8
0
  6
Continuous
 62
     7
370
    70
100
AcDbLine
 10
137.6696378629
 20
198.7828062436
 30
0.0
 11
139.7472378629
 21
198.7828062436
 31
0.0
  0
ARC
  5
44C
330
1B
100
AcDbEntity
 67
     1
  8
0
  6
Continuous
 62
     7
370
    70
100
AcDbCircle
 10
140.4972378629
 20
198.7828062436
 30
0.0
 40
0.75
100
AcDbArc
 50
180.0
 51
360.0
  0
ARC
  5
44D
330
1B
100
AcDbEntity
 67
     1
  8
0
  6
Continuous
 62
     7
370
    70
100
AcDbCircle
 10
123.2472378629
 20
183.7828062436
 30
0.0
 40
3.000000000000028
100
AcDbArc
 50
270.0
 51
0.0
  0
LINE
  5
44E
330
1B
100
AcDbEntity
 67
     1
  8
0
  6
Continuous
 62
     7
370
    70
100
AcDbLine
 10
126.2472378629
 20
183.7828062436
 30
0.0
 11
126.2472378629
 21
189.7828062436
 31
0.0
  0
ARC
  5
44F
330
1B
100
AcDbEntity
 67
     1
  8
0
  6
Continuous
 62
     7
370
    70
100
AcDbCircle
 10
123.2472378629
 20
189.7828062436
 30
0.0
 40
3.0
100
AcDbArc
 50
0.0
 51
90.0
  0
LINE
  5
450
330
1B
100
AcDbEntity
 67
     1
  8
0
  6
Continuous
 62
     7
370
    70
100
AcDbLine
 10
123.2472378629
 20
192.7828062436
 30
0.0
 11
99.2472378629
 21
192.7828062436
 31
0.0
  0
ARC
  5
451
330
1B
100
AcDbEntity
 67
     1
  8
0
  6
Continuous
 62
     7
370
    70
100
AcDbCircle
 10
99.2472378629
 20
189.7828062436
 30
0.0
 40
3.000000000000014
100
AcDbArc
 50
90.0
 51
180.0
  0
LINE
  5
452
330
1B
100
AcDbEntity
 67
     1
  8
0
  6
Continuous
 62
     7
370
    70
100
AcDbLine
 10
96.2472378629
 20
189.7828062436
 30
0.0
 11
96.2472378629
 21
183.7828062436
 31
0.0
  0
ARC
  5
453
330
1B
100
AcDbEntity
 67
     1
  8
0
  6
Continuous
 62
     7
370
    70
100
AcDbCircle
 10
99.2472378629
 20
183.7828062436
 30
0.0
 40
3.000000000000028
100
AcDbArc
 50
180.0
 51
270.0
  0
LINE
  5
454
330
1B
100
AcDbEntity
 67
     1
  8
0
  6
Continuous
 62
     7
370
    70
100
AcDbLine
 10
99.2472378629
 20
180.7828062436
 30
0.0
 11
123.2472378629
 21
180.7828062436
 31
0.0
  0
ARC
  5
455
330
1B
100
AcDbEntity
 67
     1
  8
0
  6
Continuous
 62
     7
370
    70
100
AcDbCircle
 10
196.2472378629
 20
189.7828062436
 30
0.0
 40
3.000000000000028
100
AcDbArc
 50
0.0
 51
90.0
  0
LINE
  5
456
330
1B
100
AcDbEntity
 67
     1
  8
0
  6
Continuous
 62
     7
370
    70
100
AcDbLine
 10
196.2472378629
 20
192.7828062436
 30
0.0
 11
165.2472378629
 21
192.7828062436
 31
0.0
  0
ARC
  5
457
330
1B
100
AcDbEntity
 67
     1
  8
0
  6
Continuous
 62
     7
370
    70
100
AcDbCircle
 10
165.2472378629
 20
189.7828062436
 30
0.0
 40
3.0
100
AcDbArc
 50
90.0
 51
180.0
  0
LINE
  5
458
330
1B
100
AcDbEntity
 67
     1
  8
0
  6
Continuous
 62
     7
370
    70
100
AcDbLine
 10
162.2472378629
 20
189.7828062436
 30
0.0
 11
162.2472378629
 21
183.7828062436
 31
0.0
  0
ARC
  5
459
330
1B
100
AcDbEntity
 67
     1
  8
0
  6
Continuous
 62
     7
370
    70
100
AcDbCircle
 10
165.2472378629
 20
183.7828062436
 30
0.0
 40
3.000000000000028
100
AcDbArc
 50
180.0
 51
270.0
  0
LINE
  5
45A
330
1B
100
AcDbEntity
 67
     1
  8
0
  6
Continuous
 62
     7
370
    70
100
AcDbLine
 10
165.2472378629
 20
180.7828062436
 30
0.0
 11
196.2472378629
 21
180.7828062436
 31
0.0
  0
ARC
  5
45B
330
1B
100
AcDbEntity
 67
     1
  8
0
  6
Continuous
 62
     7
370
    70
100
AcDbCircle
 10
196.2472378629
 20
183.7828062436
 30
0.0
 40
3.000000000000028
100
AcDbArc
 50
270.0
 51
0.0
  0
LINE
  5
45C
330
1B
100
AcDbEntity
 67
     1
  8
0
  6
Continuous
 62
     7
370
    70
100
AcDbLine
 10
199.2472378629
 20
183.7828062436
 30
0.0
 11
199.2472378629
 21
189.7828062436
 31
0.0
  0
CIRCLE
  5
45D
330
1B
100
AcDbEntity
 67
     1
  8
0
  6
Continuous
 62
     7
370
    70
100
AcDbCircle
 10
226.2472378629
 20
179.7828062436
 30
0.0
 40
2.317999999999984
  0
ARC
  5
45E
330
1B
100
AcDbEntity
 67
     1
  8
0
  6
Continuous
 62
     7
370
    70
100
AcDbCircle
 10
149.5072378629
 20
176.7828062436
 30
0.0
 40
0.7500000000000088
100
AcDbArc
 50
143.7562795042
 51
0.0
  0
LINE
  5
45F
330
1B
100
AcDbEntity
 67
     1
  8
0
  6
Continuous
 62
     7
370
    70
100
AcDbLine
 10
150.2572378629
 20
176.7828062436
 30
0.0
 11
153.9972378629
 21
176.7828062436
 31
0.0
  0
ARC
  5
460
330
1B
100
AcDbEntity
 67
     1
  8
0
  6
Continuous
 62
     7
370
    70
100
AcDbCircle
 10
154.7472378629
 20
176.7828062436
 30
0.0
 40
0.7500000000000088
100
AcDbArc
 50
180.0
 51
36.2437204958
  0
ARC
  5
461
330
1B
100
AcDbEntity
 67
     1
  8
0
  6
Continuous
 62
     7
370
    70
100
AcDbCircle
 10
158.4986267518
 20
179.5328062436
 30
0.0
 40
3.901388888888881
100
AcDbArc
 50
143.7562795042
 51
216.2437204958
  0
ARC
  5
462
330
1B
100
AcDbEntity
 67
     1
  8
0
  6
Continuous
 62
     7
370
    70
100
AcDbCircle
 10
154.7472378629
 20
182.2828062436
 30
0.0
 40
0.75
100
AcDbArc
 50
323.7562795042
 51
180.0
  0
LINE
  5
463
330
1B
100
AcDbEntity
 67
     1
  8
0
  6
Continuous
 62
     7
370
    70
100
AcDbLine
 10
153.9972378629
 20
182.2828062436
 30
0.0
 11
150.2572378629
 21
182.2828062436
 31
0.0
  0
ARC
  5
464
330
1B
100
AcDbEntity
 67
     1
  8
0
  6
Continuous
 62
     7
370
    70
100
AcDbCircle
 10
149.5072378629
 20
182.2828062436
 30
0.0
 40
0.75
100
AcDbArc
 50
0.0
 51
216.2437204958
  0
ARC
  5
465
330
1B
100
AcDbEntity
 67
     1
  8
0
  6
Continuous
 62
     7
370
    70
100
AcDbCircle
 10
145.755848974
 20
179.5328062436
 30
0.0
 40
3.901388888888926
100
AcDbArc
 50
323.7562795042
 51
36.2437204958
  0
ARC
  5
466
330
1B
100
AcDbEntity
 67
     1
  8
0
  6
Continuous
 62
     7
370
    70
100
AcDbCircle
 10
149.5072378629
 20
190.2828062436
 30
0.0
 40
0.7500000000000088
100
AcDbArc
 50
143.7562795042
 51
0.0
  0
LINE
  5
467
330
1B
100
AcDbEntity
 67
     1
  8
0
  6
Continuous
 62
     7
370
    70
100
AcDbLine
 10
150.2572378629
 20
190.2828062436
 30
0.0
 11
153.9972378629
 21
190.2828062436
 31
0.0
  0
ARC
  5
468
330
1B
100
AcDbEntity
 67
     1
  8
0
  6
Continuous
 62
     7
370
    70
100
AcDbCircle
 10
154.7472378629
 20
190.2828062436
 30
0.0
 40
0.7500000000000088
100
AcDbArc
 50
180.0
 51
36.2437204958
  0
ARC
  5
469
330
1B
100
AcDbEntity
 67
     1
  8
0
  6
Continuous
 62
     7
370
    70
100
AcDbCircle
 10
158.4986267518
 20
193.0328062436
 30
0.0
 40
3.901388888888864
100
AcDbArc
 50
143.7562795042
 51
216.2437204958
  0
ARC
  5
46A
330
1B
100
AcDbEntity
 67
     1
  8
0
  6
Continuous
 62
     7
370
    70
100
AcDbCircle
 10
154.7472378629
 20
195.7828062436
 30
0.0
 40
0.7500000000000088
100
AcDbArc
 50
323.7562795042
 51
180.0
  0
LINE
  5
46B
330
1B
100
AcDbEntity
 67
     1
  8
0
  6
Continuous
 62
     7
370
    70
100
AcDbLine
 10
153.9972378629
 20
195.7828062436
 30
0.0
 11
150.2572378629
 21
195.7828062436
 31
0.0
  0
ARC
  5
46C
330
1B
100
AcDbEntity
 67
     1
  8
0
  6
Continuous
 62
     7
370
    70
100
AcDbCircle
 10
149.5072378629
 20
195.7828062436
 30
0.0
 40
0.7500000000000088
100
AcDbArc
 50
0.0
 51
216.2437204958
  0
ARC
  5
46D
330
1B
100
AcDbEntity
 67
     1
  8
0
  6
Continuous
 62
     7
370
    70
100
AcDbCircle
 10
145.755848974
 20
193.0328062436
 30
0.0
 40
3.901388888888909
100
AcDbArc
 50
323.7562795042
 51
36.2437204958
  0
CIRCLE
  5
46E
330
1B
100
AcDbEntity
 67
     1
  8
0
  6
Continuous
 62
     7
370
    70
100
AcDbCircle
 10
152.1272378629
 20
186.2828062436
 30
0.0
 40
1.42240000000001
  0
ARC
  5
46F
330
1B
100
AcDbEntity
 67
     1
  8
0
  6
Continuous
 62
     7
370
    70
100
AcDbCircle
 10
85.0920378629
 20
188.9328062436
 30
0.0
 40
0.75
100
AcDbArc
 50
180.0
 51
90.0
  0
ARC
  5
470
330
1B
100
AcDbEntity
 67
     1
  8
0
  6
Continuous
 62
     7
370
    70
100
AcDbCircle
 10
195.6726568987
 20
162.8874974128
 30
0.0
 40
0.7500000000000284
100
AcDbArc
 50
180.0
 51
0.0
  0
LINE
  5
471
330
1B
100
AcDbEntity
 67
     1
  8
0
  6
Continuous
 62
     7
370
    70
100
AcDbLine
 10
196.4226568987
 20
162.8874974128
 30
0.0
 11
196.4226568987
 21
168.1274974128
 31
0.0
  0
LINE
  5
472
330
1B
100
AcDbEntity
 67
     1
  8
0
  6
Continuous
 62
     7
370
    70
100
AcDbLine
 10
196.4226568987
 20
168.1274974128
 30
0.0
 11
205.4226568987
 21
168.1274974128
 31
0.0
  0
LINE
  5
473
330
1B
100
AcDbEntity
 67
     1
  8
0
  6
Continuous
 62
     7
370
    70
100
AcDbLine
 10
205.4226568987
 20
162.8874974128
 30
0.0
 11
205.4226568987
 21
168.1274974128
 31
0.0
  0
ARC
  5
474
330
1B
100
AcDbEntity
 67
     1
  8
0
  6
Continuous
 62
     7
370
    70
100
AcDbCircle
 10
206.1726568987
 20
162.8874974128
 30
0.0
 40
0.7500000000000284
100
AcDbArc
 50
180.0
 51
0.0
  0
LINE
  5
475
330
1B
100
AcDbEntity
 67
     1
  8
0
  6
Continuous
 62
     7
370
    70
100
AcDbLine
 10
209.0002568987
 20
162.8874974128
 30
0.0
 11
206.9226568987
 21
162.8874974128
 31
0.0
  0
LINE
  5
476
330
1B
100
AcDbEntity
 67
     1
  8
0
  6
Continuous
 62
     7
370
    70
100
AcDbLine
 10
209.0002568987
 20
157.4187474128
 30
0.0
 11
209.0002568987
 21
162.8874974128
 31
0.0
  0
LINE
  5
477
330
1B
100
AcDbEntity
 67
     1
  8
0
  6
Continuous
 62
     7
370
    70
100
AcDbLine
 10
207.9976568987
 20
157.4187474128
 30
0.0
 11
209.0002568987
 21
157.4187474128
 31
0.0
  0
ARC
  5
478
330
1B
100
AcDbEntity
 67
     1
  8
0
  6
Continuous
 62
     7
370
    70
100
AcDbCircle
 10
207.2476568987
 20
157.4187474128
 30
0.0
 40
0.75
100
AcDbArc
 50
0.0
 51
270.0
  0
LINE
  5
479
330
1B
100
AcDbEntity
 67
     1
  8
0
  6
Continuous
 62
     7
370
    70
100
AcDbLine
 10
207.2476568987
 20
155.7874974128
 30
0.0
 11
207.2476568987
 21
156.6687474128
 31
0.0
  0
ARC
  5
47A
330
1B
100
AcDbEntity
 67
     1
  8
0
  6
Continuous
 62
     7
370
    70
100
AcDbCircle
 10
207.2476568987
 20
155.0374974128
 30
0.0
 40
0.75
100
AcDbArc
 50
90.0
 51
0.0
  0
LINE
  5
47B
330
1B
100
AcDbEntity
 67
     1
  8
0
  6
Continuous
 62
     7
370
    70
100
AcDbLine
 10
209.0002568987
 20
155.0374974128
 30
0.0
 11
207.9976568987
 21
155.0374974128
 31
0.0
  0
LINE
  5
47C
330
1B
100
AcDbEntity
 67
     1
  8
0
  6
Continuous
 62
     7
370
    70
100
AcDbLine
 10
209.0002568987
 20
153.7874974128
 30
0.0
 11
209.0002568987
 21
155.0374974128
 31
0.0
  0
ARC
  5
47D
330
1B
100
AcDbEntity
 67
     1
  8
0
  6
Continuous
 62
     7
370
    70
100
AcDbCircle
 10
209.0002568987
 20
153.0374974128
 30
0.0
 40
0.75
100
AcDbArc
 50
90.0
 51
0.0
  0
LINE
  5
47E
330
1B
100
AcDbEntity
 67
     1
  8
0
  6
Continuous
 62
     7
370
    70
100
AcDbLine
 10
211.0950568987
 20
153.0374974128
 30
0.0
 11
209.7502568987
 21
153.0374974128
 31
0.0
  0
ARC
  5
47F
330
1B
100
AcDbEntity
 67
     1
  8
0
  6
Continuous
 62
     7
370
    70
100
AcDbCircle
 10
211.8450568987
 20
153.0374974128
 30
0.0
 40
0.75
100
AcDbArc
 50
180.0
 51
90.0
  0
LINE
  5
480
330
1B
100
AcDbEntity
 67
     1
  8
0
  6
Continuous
 62
     7
370
    70
100
AcDbLine
 10
211.8450568987
 20
155.0374974128
 30
0.0
 11
211.8450568987
 21
153.7874974128
 31
0.0
  0
LINE
  5
481
330
1B
100
AcDbEntity
 67
     1
  8
0
  6
Continuous
 62
     7
370
    70
100
AcDbLine
 10
212.8476568987
 20
155.0374974128
 30
0.0
 11
211.8450568987
 21
155.0374974128
 31
0.0
  0
ARC
  5
482
330
1B
100
AcDbEntity
 67
     1
  8
0
  6
Continuous
 62
     7
370
    70
100
AcDbCircle
 10
213.5976568987
 20
155.0374974128
 30
0.0
 40
0.75
100
AcDbArc
 50
180.0
 51
90.0
  0
LINE
  5
483
330
1B
100
AcDbEntity
 67
     1
  8
0
  6
Continuous
 62
     7
370
    70
100
AcDbLine
 10
213.5976568987
 20
156.6687474128
 30
0.0
 11
213.5976568987
 21
155.7874974128
 31
0.0
  0
ARC
  5
484
330
1B
100
AcDbEntity
 67
     1
  8
0
  6
Continuous
 62
     7
370
    70
100
AcDbCircle
 10
213.5976568987
 20
157.4187474128
 30
0.0
 40
0.75
100
AcDbArc
 50
270.0
 51
180.0
  0
LINE
  5
485
330
1B
100
AcDbEntity
 67
     1
  8
0
  6
Continuous
 62
     7
370
    70
100
AcDbLine
 10
211.8450568987
 20
157.4187474128
 30
0.0
 11
212.8476568987
 21
157.4187474128
 31
0.0
  0
LINE
  5
486
330
1B
100
AcDbEntity
 67
     1
  8
0
  6
Continuous
 62
     7
370
    70
100
AcDbLine
 10
211.8450568987
 20
162.8874974128
 30
0.0
 11
211.8450568987
 21
157.4187474128
 31
0.0
  0
LINE
  5
487
330
1B
100
AcDbEntity
 67
     1
  8
0
  6
Continuous
 62
     7
370
    70
100
AcDbLine
 10
213.9226568987
 20
162.8874974128
 30
0.0
 11
211.8450568987
 21
162.8874974128
 31
0.0
  0
ARC
  5
488
330
1B
100
AcDbEntity
 67
     1
  8
0
  6
Continuous
 62
     7
370
    70
100
AcDbCircle
 10
214.6726568987
 20
162.8874974128
 30
0.0
 40
0.75
100
AcDbArc
 50
180.0
 51
0.0
  0
LINE
  5
489
330
1B
100
AcDbEntity
 67
     1
  8
0
  6
Continuous
 62
     7
370
    70
100
AcDbLine
 10
215.4226568987
 20
162.8874974128
 30
0.0
 11
215.4226568987
 21
168.1274974128
 31
0.0
  0
LINE
  5
48A
330
1B
100
AcDbEntity
 67
     1
  8
0
  6
Continuous
 62
     7
370
    70
100
AcDbLine
 10
224.4226568987
 20
168.1274974128
 30
0.0
 11
215.4226568987
 21
168.1274974128
 31
0.0
  0
LINE
  5
48B
330
1B
100
AcDbEntity
 67
     1
  8
0
  6
Continuous
 62
     7
370
    70
100
AcDbLine
 10
224.4226568987
 20
162.8874974128
 30
0.0
 11
224.4226568987
 21
168.1274974128
 31
0.0
  0
ARC
  5
48C
330
1B
100
AcDbEntity
 67
     1
  8
0
  6
Continuous
 62
     7
370
    70
100
AcDbCircle
 10
225.1726568987
 20
162.8874974128
 30
0.0
 40
0.75
100
AcDbArc
 50
180.0
 51
0.0
  0
LINE
  5
48D
330
1B
100
AcDbEntity
 67
     1
  8
0
  6
Continuous
 62
     7
370
    70
100
AcDbLine
 10
229.4226568987
 20
162.8874974128
 30
0.0
 11
225.9226568987
 21
162.8874974128
 31
0.0
  0
LINE
  5
48E
330
1B
100
AcDbEntity
 67
     1
  8
0
  6
Continuous
 62
     7
370
    70
100
AcDbLine
 10
229.4226568987
 20
143.8874974128
 30
0.0
 11
229.4226568987
 21
162.8874974128
 31
0.0
  0
ARC
  5
48F
330
1B
100
AcDbEntity
 67
     1
  8
0
  6
Continuous
 62
     7
370
    70
100
AcDbCircle
 10
223.4226568987
 20
143.8874974128
 30
0.0
 40
6.0
100
AcDbArc
 50
270.0
 51
0.0
  0
LINE
  5
490
330
1B
100
AcDbEntity
 67
     1
  8
0
  6
Continuous
 62
     7
370
    70
100
AcDbLine
 10
223.4226568987
 20
137.8874974128
 30
0.0
 11
80.4226568987
 21
137.8874974128
 31
0.0
  0
ARC
  5
491
330
1B
100
AcDbEntity
 67
     1
  8
0
  6
Continuous
 62
     7
370
    70
100
AcDbCircle
 10
80.4226568987
 20
143.8874974128
 30
0.0
 40
6.0
100
AcDbArc
 50
180.0
 51
270.0
  0
LINE
  5
492
330
1B
100
AcDbEntity
 67
     1
  8
0
  6
Continuous
 62
     7
370
    70
100
AcDbLine
 10
74.4226568987
 20
143.8874974128
 30
0.0
 11
74.4226568987
 21
162.8874974128
 31
0.0
  0
LINE
  5
493
330
1B
100
AcDbEntity
 67
     1
  8
0
  6
Continuous
 62
     7
370
    70
100
AcDbLine
 10
79.4226568987
 20
162.8874974128
 30
0.0
 11
74.4226568987
 21
162.8874974128
 31
0.0
  0
LINE
  5
494
330
1B
100
AcDbEntity
 67
     1
  8
0
  6
Continuous
 62
     7
370
    70
100
AcDbLine
 10
79.4226568987
 20
157.4187474128
 30
0.0
 11
79.4226568987
 21
162.8874974128
 31
0.0
  0
LINE
  5
495
330
1B
100
AcDbEntity
 67
     1
  8
0
  6
Continuous
 62
     7
370
    70
100
AcDbLine
 10
78.4200568987
 20
157.4187474128
 30
0.0
 11
79.4226568987
 21
157.4187474128
 31
0.0
  0
ARC
  5
496
330
1B
100
AcDbEntity
 67
     1
  8
0
  6
Continuous
 62
     7
370
    70
100
AcDbCircle
 10
77.6700568987
 20
157.4187474128
 30
0.0
 40
0.7500000000000284
100
AcDbArc
 50
0.0
 51
270.0
  0
LINE
  5
497
330
1B
100
AcDbEntity
 67
     1
  8
0
  6
Continuous
 62
     7
370
    70
100
AcDbLine
 10
77.6700568987
 20
155.7874974128
 30
0.0
 11
77.6700568987
 21
156.6687474128
 31
0.0
  0
ARC
  5
498
330
1B
100
AcDbEntity
 67
     1
  8
0
  6
Continuous
 62
     7
370
    70
100
AcDbCircle
 10
77.6700568987
 20
155.0374974128
 30
0.0
 40
0.75
100
AcDbArc
 50
90.0
 51
360.0
  0
LINE
  5
499
330
1B
100
AcDbEntity
 67
     1
  8
0
  6
Continuous
 62
     7
370
    70
100
AcDbLine
 10
79.4226568987
 20
155.0374974128
 30
0.0
 11
78.4200568987
 21
155.0374974128
 31
0.0
  0
LINE
  5
49A
330
1B
100
AcDbEntity
 67
     1
  8
0
  6
Continuous
 62
     7
370
    70
100
AcDbLine
 10
79.4226568987
 20
153.7874974128
 30
0.0
 11
79.4226568987
 21
155.0374974128
 31
0.0
  0
ARC
  5
49B
330
1B
100
AcDbEntity
 67
     1
  8
0
  6
Continuous
 62
     7
370
    70
100
AcDbCircle
 10
79.4226568987
 20
153.0374974128
 30
0.0
 40
0.75
100
AcDbArc
 50
90.0
 51
360.0
  0
LINE
  5
49C
330
1B
100
AcDbEntity
 67
     1
  8
0
  6
Continuous
 62
     7
370
    70
100
AcDbLine
 10
81.5174568987
 20
153.0374974128
 30
0.0
 11
80.1726568987
 21
153.0374974128
 31
0.0
  0
ARC
  5
49D
330
1B
100
AcDbEntity
 67
     1
  8
0
  6
Continuous
 62
     7
370
    70
100
AcDbCircle
 10
82.2674568987
 20
153.0374974128
 30
0.0
 40
0.75
100
AcDbArc
 50
180.0
 51
90.0
  0
LINE
  5
49E
330
1B
100
AcDbEntity
 67
     1
  8
0
  6
Continuous
 62
     7
370
    70
100
AcDbLine
 10
82.2674568987
 20
155.0374974128
 30
0.0
 11
82.2674568987
 21
153.7874974128
 31
0.0
  0
LINE
  5
49F
330
1B
100
AcDbEntity
 67
     1
  8
0
  6
Continuous
 62
     7
370
    70
100
AcDbLine
 10
83.2700568987
 20
155.0374974128
 30
0.0
 11
82.2674568987
 21
155.0374974128
 31
0.0
  0
ARC
  5
4A0
330
1B
100
AcDbEntity
 67
     1
  8
0
  6
Continuous
 62
     7
370
    70
100
AcDbCircle
 10
84.0200568987
 20
155.0374974128
 30
0.0
 40
0.75
100
AcDbArc
 50
180.0
 51
90.0
  0
LINE
  5
4A1
330
1B
100
AcDbEntity
 67
     1
  8
0
  6
Continuous
 62
     7
370
    70
100
AcDbLine
 10
84.0200568987
 20
156.6687474128
 30
0.0
 11
84.0200568987
 21
155.7874974128
 31
0.0
  0
ARC
  5
4A2
330
1B
100
AcDbEntity
 67
     1
  8
0
  6
Continuous
 62
     7
370
    70
100
AcDbCircle
 10
84.0200568987
 20
157.4187474128
 30
0.0
 40
0.7500000000000568
100
AcDbArc
 50
270.0
 51
180.0
  0
LINE
  5
4A3
330
1B
100
AcDbEntity
 67
     1
  8
0
  6
Continuous
 62
     7
370
    70
100
AcDbLine
 10
82.2674568987
 20
157.4187474128
 30
0.0
 11
83.2700568987
 21
157.4187474128
 31
0.0
  0
LINE
  5
4A4
330
1B
100
AcDbEntity
 67
     1
  8
0
  6
Continuous
 62
     7
370
    70
100
AcDbLine
 10
82.2674568987
 20
162.8874974128
 30
0.0
 11
82.2674568987
 21
157.4187474128
 31
0.0
  0
LINE
  5
4A5
330
1B
100
AcDbEntity
 67
     1
  8
0
  6
Continuous
 62
     7
370
    70
100
AcDbLine
 10
84.3450568987
 20
162.8874974128
 30
0.0
 11
82.2674568987
 21
162.8874974128
 31
0.0
  0
ARC
  5
4A6
330
1B
100
AcDbEntity
 67
     1
  8
0
  6
Continuous
 62
     7
370
    70
100
AcDbCircle
 10
85.0950568987
 20
162.8874974128
 30
0.0
 40
0.7500000000000142
100
AcDbArc
 50
180.0
 51
0.0
  0
LINE
  5
4A7
330
1B
100
AcDbEntity
 67
     1
  8
0
  6
Continuous
 62
     7
370
    70
100
AcDbLine
 10
85.8450568987
 20
162.8874974128
 30
0.0
 11
85.8450568987
 21
168.1274974128
 31
0.0
  0
LINE
  5
4A8
330
1B
100
AcDbEntity
 67
     1
  8
0
  6
Continuous
 62
     7
370
    70
100
AcDbLine
 10
94.8450568987
 20
168.1274974128
 30
0.0
 11
85.8450568987
 21
168.1274974128
 31
0.0
  0
LINE
  5
4A9
330
1B
100
AcDbEntity
 67
     1
  8
0
  6
Continuous
 62
     7
370
    70
100
AcDbLine
 10
94.8450568987
 20
162.8874974128
 30
0.0
 11
94.8450568987
 21
168.1274974128
 31
0.0
  0
ARC
  5
4AA
330
1B
100
AcDbEntity
 67
     1
  8
0
  6
Continuous
 62
     7
370
    70
100
AcDbCircle
 10
95.5950568987
 20
162.8874974128
 30
0.0
 40
0.7500000000000142
100
AcDbArc
 50
180.0
 51
0.0
  0
LINE
  5
4AB
330
1B
100
AcDbEntity
 67
     1
  8
0
  6
Continuous
 62
     7
370
    70
100
AcDbLine
 10
117.9226568987
 20
162.8874974128
 30
0.0
 11
96.3450568987
 21
162.8874974128
 31
0.0
  0
ARC
  5
4AC
330
1B
100
AcDbEntity
 67
     1
  8
0
  6
Continuous
 62
     7
370
    70
100
AcDbCircle
 10
118.6726568987
 20
162.8874974128
 30
0.0
 40
0.7500000000000142
100
AcDbArc
 50
180.0
 51
0.0
  0
LINE
  5
4AD
330
1B
100
AcDbEntity
 67
     1
  8
0
  6
Continuous
 62
     7
370
    70
100
AcDbLine
 10
119.4226568987
 20
168.1274974128
 30
0.0
 11
119.4226568987
 21
162.8874974128
 31
0.0
  0
LINE
  5
4AE
330
1B
100
AcDbEntity
 67
     1
  8
0
  6
Continuous
 62
     7
370
    70
100
AcDbLine
 10
119.4226568987
 20
168.1274974128
 30
0.0
 11
128.4226568987
 21
168.1274974128
 31
0.0
  0
LINE
  5
4AF
330
1B
100
AcDbEntity
 67
     1
  8
0
  6
Continuous
 62
     7
370
    70
100
AcDbLine
 10
128.4226568987
 20
168.1274974128
 30
0.0
 11
128.4226568987
 21
162.8874974128
 31
0.0
  0
ARC
  5
4B0
330
1B
100
AcDbEntity
 67
     1
  8
0
  6
Continuous
 62
     7
370
    70
100
AcDbCircle
 10
129.1726568987
 20
162.8874974128
 30
0.0
 40
0.75
100
AcDbArc
 50
180.0
 51
360.0
  0
LINE
  5
4B1
330
1B
100
AcDbEntity
 67
     1
  8
0
  6
Continuous
 62
     7
370
    70
100
AcDbLine
 10
132.0002568987
 20
162.8874974128
 30
0.0
 11
129.9226568987
 21
162.8874974128
 31
0.0
  0
LINE
  5
4B2
330
1B
100
AcDbEntity
 67
     1
  8
0
  6
Continuous
 62
     7
370
    70
100
AcDbLine
 10
132.0002568987
 20
157.4187474128
 30
0.0
 11
132.0002568987
 21
162.8874974128
 31
0.0
  0
LINE
  5
4B3
330
1B
100
AcDbEntity
 67
     1
  8
0
  6
Continuous
 62
     7
370
    70
100
AcDbLine
 10
130.9976568987
 20
157.4187474128
 30
0.0
 11
132.0002568987
 21
157.4187474128
 31
0.0
  0
ARC
  5
4B4
330
1B
100
AcDbEntity
 67
     1
  8
0
  6
Continuous
 62
     7
370
    70
100
AcDbCircle
 10
130.2476568987
 20
157.4187474128
 30
0.0
 40
0.75
100
AcDbArc
 50
0.0
 51
270.0
  0
LINE
  5
4B5
330
1B
100
AcDbEntity
 67
     1
  8
0
  6
Continuous
 62
     7
370
    70
100
AcDbLine
 10
130.2476568987
 20
155.7874974128
 30
0.0
 11
130.2476568987
 21
156.6687474128
 31
0.0
  0
ARC
  5
4B6
330
1B
100
AcDbEntity
 67
     1
  8
0
  6
Continuous
 62
     7
370
    70
100
AcDbCircle
 10
130.2476568987
 20
155.0374974128
 30
0.0
 40
0.75
100
AcDbArc
 50
90.0
 51
0.0
  0
LINE
  5
4B7
330
1B
100
AcDbEntity
 67
     1
  8
0
  6
Continuous
 62
     7
370
    70
100
AcDbLine
 10
132.0002568987
 20
155.0374974128
 30
0.0
 11
130.9976568987
 21
155.0374974128
 31
0.0
  0
LINE
  5
4B8
330
1B
100
AcDbEntity
 67
     1
  8
0
  6
Continuous
 62
     7
370
    70
100
AcDbLine
 10
132.0002568987
 20
153.7874974128
 30
0.0
 11
132.0002568987
 21
155.0374974128
 31
0.0
  0
ARC
  5
4B9
330
1B
100
AcDbEntity
 67
     1
  8
0
  6
Continuous
 62
     7
370
    70
100
AcDbCircle
 10
132.0002568987
 20
153.0374974128
 30
0.0
 40
0.75
100
AcDbArc
 50
90.0
 51
0.0
  0
LINE
  5
4BA
330
1B
100
AcDbEntity
 67
     1
  8
0
  6
Continuous
 62
     7
370
    70
100
AcDbLine
 10
134.0950568987
 20
153.0374974128
 30
0.0
 11
132.7502568987
 21
153.0374974128
 31
0.0
  0
ARC
  5
4BB
330
1B
100
AcDbEntity
 67
     1
  8
0
  6
Continuous
 62
     7
370
    70
100
AcDbCircle
 10
134.8450568987
 20
153.0374974128
 30
0.0
 40
0.75
100
AcDbArc
 50
180.0
 51
90.0
  0
LINE
  5
4BC
330
1B
100
AcDbEntity
 67
     1
  8
0
  6
Continuous
 62
     7
370
    70
100
AcDbLine
 10
134.8450568987
 20
155.0374974128
 30
0.0
 11
134.8450568987
 21
153.7874974128
 31
0.0
  0
LINE
  5
4BD
330
1B
100
AcDbEntity
 67
     1
  8
0
  6
Continuous
 62
     7
370
    70
100
AcDbLine
 10
135.8476568987
 20
155.0374974128
 30
0.0
 11
134.8450568987
 21
155.0374974128
 31
0.0
  0
ARC
  5
4BE
330
1B
100
AcDbEntity
 67
     1
  8
0
  6
Continuous
 62
     7
370
    70
100
AcDbCircle
 10
136.5976568987
 20
155.0374974128
 30
0.0
 40
0.7500000000000284
100
AcDbArc
 50
180.0
 51
90.0
  0
LINE
  5
4BF
330
1B
100
AcDbEntity
 67
     1
  8
0
  6
Continuous
 62
     7
370
    70
100
AcDbLine
 10
136.5976568987
 20
156.6687474128
 30
0.0
 11
136.5976568987
 21
155.7874974128
 31
0.0
  0
ARC
  5
4C0
330
1B
100
AcDbEntity
 67
     1
  8
0
  6
Continuous
 62
     7
370
    70
100
AcDbCircle
 10
136.5976568987
 20
157.4187474128
 30
0.0
 40
0.75
100
AcDbArc
 50
270.0
 51
180.0
  0
LINE
  5
4C1
330
1B
100
AcDbEntity
 67
     1
  8
0
  6
Continuous
 62
     7
370
    70
100
AcDbLine
 10
134.8450568987
 20
157.4187474128
 30
0.0
 11
135.8476568987
 21
157.4187474128
 31
0.0
  0
LINE
  5
4C2
330
1B
100
AcDbEntity
 67
     1
  8
0
  6
Continuous
 62
     7
370
    70
100
AcDbLine
 10
134.8450568987
 20
162.8874974128
 30
0.0
 11
134.8450568987
 21
157.4187474128
 31
0.0
  0
LINE
  5
4C3
330
1B
100
AcDbEntity
 67
     1
  8
0
  6
Continuous
 62
     7
370
    70
100
AcDbLine
 10
136.9226568987
 20
162.8874974128
 30
0.0
 11
134.8450568987
 21
162.8874974128
 31
0.0
  0
ARC
  5
4C4
330
1B
100
AcDbEntity
 67
     1
  8
0
  6
Continuous
 62
     7
370
    70
100
AcDbCircle
 10
137.6726568987
 20
162.8874974128
 30
0.0
 40
0.75
100
AcDbArc
 50
180.0
 51
360.0
  0
LINE
  5
4C5
330
1B
100
AcDbEntity
 67
     1
  8
0
  6
Continuous
 62
     7
370
    70
100
AcDbLine
 10
138.4226568987
 20
168.1274974128
 30
0.0
 11
138.4226568987
 21
162.8874974128
 31
0.0
  0
LINE
  5
4C6
330
1B
100
AcDbEntity
 67
     1
  8
0
  6
Continuous
 62
     7
370
    70
100
AcDbLine
 10
138.4226568987
 20
168.1274974128
 30
0.0
 11
147.4226568987
 21
168.1274974128
 31
0.0
  0
LINE
  5
4C7
330
1B
100
AcDbEntity
 67
     1
  8
0
  6
Continuous
 62
     7
370
    70
100
AcDbLine
 10
147.4226568987
 20
168.1274974128
 30
0.0
 11
147.4226568987
 21
162.8874974128
 31
0.0
  0
ARC
  5
4C8
330
1B
100
AcDbEntity
 67
     1
  8
0
  6
Continuous
 62
     7
370
    70
100
AcDbCircle
 10
148.1726568987
 20
162.8874974128
 30
0.0
 40
0.75
100
AcDbArc
 50
180.0
 51
360.0
  0
LINE
  5
4C9
330
1B
100
AcDbEntity
 67
     1
  8
0
  6
Continuous
 62
     7
370
    70
100
AcDbLine
 10
194.9226568987
 20
162.8874974128
 30
0.0
 11
148.9226568987
 21
162.8874974128
 31
0.0
  0
ARC
  5
4CA
330
1B
100
AcDbEntity
 67
     1
  8
0
  6
Continuous
 62
     7
370
    70
100
AcDbCircle
 10
120.4226568987
 20
153.8874974128
 30
0.0
 40
3.0
100
AcDbArc
 50
0.0
 51
90.0
  0
LINE
  5
4CB
330
1B
100
AcDbEntity
 67
     1
  8
0
  6
Continuous
 62
     7
370
    70
100
AcDbLine
 10
120.4226568987
 20
156.8874974128
 30
0.0
 11
96.4226568987
 21
156.8874974128
 31
0.0
  0
ARC
  5
4CC
330
1B
100
AcDbEntity
 67
     1
  8
0
  6
Continuous
 62
     7
370
    70
100
AcDbCircle
 10
96.4226568987
 20
153.8874974128
 30
0.0
 40
3.0
100
AcDbArc
 50
90.0
 51
180.0
  0
LINE
  5
4CD
330
1B
100
AcDbEntity
 67
     1
  8
0
  6
Continuous
 62
     7
370
    70
100
AcDbLine
 10
93.4226568987
 20
153.8874974128
 30
0.0
 11
93.4226568987
 21
147.8874974128
 31
0.0
  0
ARC
  5
4CE
330
1B
100
AcDbEntity
 67
     1
  8
0
  6
Continuous
 62
     7
370
    70
100
AcDbCircle
 10
96.4226568987
 20
147.8874974128
 30
0.0
 40
3.0
100
AcDbArc
 50
180.0
 51
270.0
  0
LINE
  5
4CF
330
1B
100
AcDbEntity
 67
     1
  8
0
  6
Continuous
 62
     7
370
    70
100
AcDbLine
 10
96.4226568987
 20
144.8874974128
 30
0.0
 11
120.4226568987
 21
144.8874974128
 31
0.0
  0
ARC
  5
4D0
330
1B
100
AcDbEntity
 67
     1
  8
0
  6
Continuous
 62
     7
370
    70
100
AcDbCircle
 10
120.4226568987
 20
147.8874974128
 30
0.0
 40
3.0
100
AcDbArc
 50
270.0
 51
0.0
  0
LINE
  5
4D1
330
1B
100
AcDbEntity
 67
     1
  8
0
  6
Continuous
 62
     7
370
    70
100
AcDbLine
 10
123.4226568987
 20
147.8874974128
 30
0.0
 11
123.4226568987
 21
153.8874974128
 31
0.0
  0
ARC
  5
4D2
330
1B
100
AcDbEntity
 67
     1
  8
0
  6
Continuous
 62
     7
370
    70
100
AcDbCircle
 10
162.4226568987
 20
153.8874974128
 30
0.0
 40
3.0
100
AcDbArc
 50
90.0
 51
180.0
  0
LINE
  5
4D3
330
1B
100
AcDbEntity
 67
     1
  8
0
  6
Continuous
 62
     7
370
    70
100
AcDbLine
 10
159.4226568987
 20
153.8874974128
 30
0.0
 11
159.4226568987
 21
147.8874974128
 31
0.0
  0
ARC
  5
4D4
330
1B
100
AcDbEntity
 67
     1
  8
0
  6
Continuous
 62
     7
370
    70
100
AcDbCircle
 10
162.4226568987
 20
147.8874974128
 30
0.0
 40
3.0
100
AcDbArc
 50
180.0
 51
270.0
  0
LINE
  5
4D5
330
1B
100
AcDbEntity
 67
     1
  8
0
  6
Continuous
 62
     7
370
    70
100
AcDbLine
 10
162.4226568987
 20
144.8874974128
 30
0.0
 11
193.4226568987
 21
144.8874974128
 31
0.0
  0
ARC
  5
4D6
330
1B
100
AcDbEntity
 67
     1
  8
0
  6
Continuous
 62
     7
370
    70
100
AcDbCircle
 10
193.4226568987
 20
147.8874974128
 30
0.0
 40
3.0
100
AcDbArc
 50
270.0
 51
0.0
  0
LINE
  5
4D7
330
1B
100
AcDbEntity
 67
     1
  8
0
  6
Continuous
 62
     7
370
    70
100
AcDbLine
 10
196.4226568987
 20
147.8874974128
 30
0.0
 11
196.4226568987
 21
153.8874974128
 31
0.0
  0
ARC
  5
4D8
330
1B
100
AcDbEntity
 67
     1
  8
0
  6
Continuous
 62
     7
370
    70
100
AcDbCircle
 10
193.4226568987
 20
153.8874974128
 30
0.0
 40
3.000000000000028
100
AcDbArc
 50
0.0
 51
90.0
  0
LINE
  5
4D9
330
1B
100
AcDbEntity
 67
     1
  8
0
  6
Continuous
 62
     7
370
    70
100
AcDbLine
 10
193.4226568987
 20
156.8874974128
 30
0.0
 11
162.4226568987
 21
156.8874974128
 31
0.0
  0
CIRCLE
  5
4DA
330
1B
100
AcDbEntity
 67
     1
  8
0
  6
Continuous
 62
     7
370
    70
100
AcDbCircle
 10
223.4226568987
 20
143.8874974128
 30
0.0
 40
2.317999999999984
  0
ARC
  5
4DB
330
1B
100
AcDbEntity
 67
     1
  8
0
  6
Continuous
 62
     7
370
    70
100
AcDbCircle
 10
151.9226568987
 20
140.8874974128
 30
0.0
 40
0.7500000000000088
100
AcDbArc
 50
180.0
 51
36.2437204958
  0
ARC
  5
4DC
330
1B
100
AcDbEntity
 67
     1
  8
0
  6
Continuous
 62
     7
370
    70
100
AcDbCircle
 10
155.6740457876
 20
143.6374974128
 30
0.0
 40
3.901388888888881
100
AcDbArc
 50
143.7562795042
 51
216.2437204958
  0
ARC
  5
4DD
330
1B
100
AcDbEntity
 67
     1
  8
0
  6
Continuous
 62
     7
370
    70
100
AcDbCircle
 10
151.9226568987
 20
146.3874974128
 30
0.0
 40
0.75
100
AcDbArc
 50
323.7562795042
 51
180.0
  0
LINE
  5
4DE
330
1B
100
AcDbEntity
 67
     1
  8
0
  6
Continuous
 62
     7
370
    70
100
AcDbLine
 10
151.1726568987
 20
146.3874974128
 30
0.0
 11
147.4326568987
 21
146.3874974128
 31
0.0
  0
ARC
  5
4DF
330
1B
100
AcDbEntity
 67
     1
  8
0
  6
Continuous
 62
     7
370
    70
100
AcDbCircle
 10
146.6826568987
 20
146.3874974128
 30
0.0
 40
0.75
100
AcDbArc
 50
0.0
 51
216.2437204958
  0
ARC
  5
4E0
330
1B
100
AcDbEntity
 67
     1
  8
0
  6
Continuous
 62
     7
370
    70
100
AcDbCircle
 10
142.9312680098
 20
143.6374974128
 30
0.0
 40
3.901388888888903
100
AcDbArc
 50
323.7562795042
 51
36.2437204958
  0
ARC
  5
4E1
330
1B
100
AcDbEntity
 67
     1
  8
0
  6
Continuous
 62
     7
370
    70
100
AcDbCircle
 10
146.6826568987
 20
140.8874974128
 30
0.0
 40
0.7500000000000088
100
AcDbArc
 50
143.7562795042
 51
0.0
  0
LINE
  5
4E2
330
1B
100
AcDbEntity
 67
     1
  8
0
  6
Continuous
 62
     7
370
    70
100
AcDbLine
 10
147.4326568987
 20
140.8874974128
 30
0.0
 11
151.1726568987
 21
140.8874974128
 31
0.0
  0
ARC
  5
4E3
330
1B
100
AcDbEntity
 67
     1
  8
0
  6
Continuous
 62
     7
370
    70
100
AcDbCircle
 10
151.9226568987
 20
154.3874974128
 30
0.0
 40
0.75
100
AcDbArc
 50
180.0
 51
36.2437204958
  0
ARC
  5
4E4
330
1B
100
AcDbEntity
 67
     1
  8
0
  6
Continuous
 62
     7
370
    70
100
AcDbCircle
 10
155.6740457876
 20
157.1374974128
 30
0.0
 40
3.901388888888881
100
AcDbArc
 50
143.7562795042
 51
216.2437204958
  0
ARC
  5
4E5
330
1B
100
AcDbEntity
 67
     1
  8
0
  6
Continuous
 62
     7
370
    70
100
AcDbCircle
 10
151.9226568987
 20
159.8874974128
 30
0.0
 40
0.7500000000000088
100
AcDbArc
 50
323.7562795042
 51
180.0
  0
LINE
  5
4E6
330
1B
100
AcDbEntity
 67
     1
  8
0
  6
Continuous
 62
     7
370
    70
100
AcDbLine
 10
151.1726568987
 20
159.8874974128
 30
0.0
 11
147.4326568987
 21
159.8874974128
 31
0.0
  0
ARC
  5
4E7
330
1B
100
AcDbEntity
 67
     1
  8
0
  6
Continuous
 62
     7
370
    70
100
AcDbCircle
 10
146.6826568987
 20
159.8874974128
 30
0.0
 40
0.7500000000000088
100
AcDbArc
 50
0.0
 51
216.2437204958
  0
ARC
  5
4E8
330
1B
100
AcDbEntity
 67
     1
  8
0
  6
Continuous
 62
     7
370
    70
100
AcDbCircle
 10
142.9312680098
 20
157.1374974128
 30
0.0
 40
3.901388888888903
100
AcDbArc
 50
323.7562795042
 51
36.2437204958
  0
ARC
  5
4E9
330
1B
100
AcDbEntity
 67
     1
  8
0
  6
Continuous
 62
     7
370
    70
100
AcDbCircle
 10
146.6826568987
 20
154.3874974128
 30
0.0
 40
0.75
100
AcDbArc
 50
143.7562795042
 51
0.0
  0
LINE
  5
4EA
330
1B
100
AcDbEntity
 67
     1
  8
0
  6
Continuous
 62
     7
370
    70
100
AcDbLine
 10
147.4326568987
 20
154.3874974128
 30
0.0
 11
151.1726568987
 21
154.3874974128
 31
0.0
  0
CIRCLE
  5
4EB
330
1B
100
AcDbEntity
 67
     1
  8
0
  6
Continuous
 62
     7
370
    70
100
AcDbCircle
 10
149.3026568987
 20
150.3874974128
 30
0.0
 40
1.42240000000001
  0
MTEXT
  5
4EC
330
1B
100
AcDbEntity
 67
     1
  8
0
  6
Continuous
 62
     7
100
AcDbMText
 10
0.0
 20
22.0602986318
 30
0.0
 40
7.90956
 41
0.0
 71
     1
 72
     1
  1
SOLIDWORKS Educational Product.
  7
SLDTEXTSTYLE0
 73
     1
 44
1.0
  0
MTEXT
  5
4ED
330
1B
100
AcDbEntity
 67
     1
  8
0
  6
Continuous
 62
     7
100
AcDbMText
 10
0.0
 20
10.1959586318
 30
0.0
 40
7.90956
 41
0.0
 71
     1
 72
     1
  1
For Instructional Use Only.
  7
SLDTEXTSTYLE0
 73
     1
 44
1.0
  0
ENDSEC
  0
SECTION
  2
OBJECTS
  0
DICTIONARY
  5
C
330
0
100
AcDbDictionary
281
     1
  3
ACAD_GROUP
350
D
  3
ACAD_LAYOUT
350
1A
  3
ACAD_MLINESTYLE
350
17
  3
ACAD_PLOTSETTINGS
350
19
  3
ACAD_PLOTSTYLENAME
350
E
  3
ACAD_SCALELIST
350
47
  3
DWGPROPS
350
4EE
  0
DICTIONARY
  5
D
102
{ACAD_REACTORS
330
C
102
}
330
C
100
AcDbDictionary
281
     1
  0
DICTIONARY
  5
1A
102
{ACAD_REACTORS
330
C
102
}
330
C
100
AcDbDictionary
281
     1
  3
Model
350
22
  3
Sheet1(2)
350
1E
  0
DICTIONARY
  5
17
102
{ACAD_REACTORS
330
C
102
}
330
C
100
AcDbDictionary
281
     1
  3
Standard
350
18
  0
DICTIONARY
  5
19
102
{ACAD_REACTORS
330
C
102
}
330
C
100
AcDbDictionary
281
     1
  0
ACDBDICTIONARYWDFLT
  5
E
102
{ACAD_REACTORS
330
C
102
}
330
C
100
AcDbDictionary
281
     1
  3
Normal
350
F
100
AcDbDictionaryWithDefault
340
F
  0
DICTIONARY
  5
47
102
{ACAD_REACTORS
330
C
102
}
330
C
100
AcDbDictionary
281
     1
  3
A0
350
48
  3
A1
350
49
  3
A2
350
4A
  3
A3
350
4B
  3
A4
350
4C
  3
A5
350
4D
  3
A6
350
4E
  3
A7
350
4F
  3
A8
350
50
  3
A9
350
51
  3
B0
350
52
  3
B1
350
53
  3
B2
350
54
  3
B3
350
55
  3
B4
350
56
  3
B5
350
57
  3
B6
350
58
  0
XRECORD
  5
4EE
102
{ACAD_REACTORS
330
C
102
}
330
C
100
AcDbXrecord
280
     1
  1
DWGPROPS COOKIE
  2

  3

  4

  6

  7

  8
shaky
  9

300
=
301
=
302
=
303
=
304
=
305
=
306
=
307
=
308
=
309
=
 40
0.0
 41
2460056.76525772
 42
2460056.765260127
  1

 90
        0
  0
LAYOUT
  5
22
102
{ACAD_REACTORS
330
1A
102
}
330
1A
100
AcDbPlotSettings
  1

  2
none_device
  4
Letter_(8.50_x_11.00_Inches)
  6

 40
6.35
 41
6.35
 42
6.35000508
 43
6.35000508
 44
215.9
 45
279.4
 46
0.0
 47
0.0
 48
0.0
 49
0.0
140
0.0
141
0.0
142
1.0
143
1.0
 70
  1712
 72
     1
 73
     0
 74
     0
  7

 75
     0
147
1.0
148
0.0
149
0.0
100
AcDbLayout
  1
Model
 70
     1
 71
     0
 10
0.0
 20
0.0
 11
609.6
 21
457.2
 12
0.0
 22
0.0
 32
0.0
 14
0.0
 24
0.0
 34
0.0
 15
609.6
 25
457.2
 35
0.0
146
0.0
 13
0.0
 23
0.0
 33
0.0
 16
1.0
 26
0.0
 36
0.0
 17
0.0
 27
1.0
 37
0.0
 76
     0
330
1F
331
29
  0
LAYOUT
  5
1E
102
{ACAD_REACTORS
330
1A
102
}
330
1A
100
AcDbPlotSettings
  1

  2
none_device
  4
ISO_B2_(707.00_x_500.00_MM)
  6

 40
7.5
 41
20.0
 42
7.5
 43
20.0
 44
707.0
 45
500.0
 46
0.0
 47
0.0
 48
0.0
 49
0.0
140
0.0
141
0.0
142
1.0
143
1.0
 70
  4832
 72
     1
 73
     0
 74
     1
  7

 75
     0
147
1.0
148
0.0
149
0.0
100
AcDbLayout
  1
Sheet1(2)
 70
     1
 71
     1
 10
0.0
 20
0.0
 11
609.6
 21
457.2
 12
0.0
 22
0.0
 32
0.0
 14
0.0
 24
0.0
 34
0.0
 15
609.6
 25
457.2
 35
0.0
146
0.0
 13
0.0
 23
0.0
 33
0.0
 16
1.0
 26
0.0
 36
0.0
 17
0.0
 27
1.0
 37
0.0
 76
     0
330
1B
331
2BF
  0
MLINESTYLE
  5
18
102
{ACAD_REACTORS
330
17
102
}
330
17
100
AcDbMlineStyle
  2
Standard
 70
     0
  3

 62
   256
 51
90.0
 52
90.0
 71
     2
 49
0.5
 62
   256
  6
BYLAYER
 49
-0.5
 62
   256
  6
BYLAYER
  0
ACDBPLACEHOLDER
  5
F
102
{ACAD_REACTORS
330
E
102
}
330
E
  0
SCALE
  5
48
102
{ACAD_REACTORS
330
47
102
}
330
47
100
AcDbScale
 70
     0
300
1:1
140
1.0
141
1.0
290
     1
  0
SCALE
  5
49
102
{ACAD_REACTORS
330
47
102
}
330
47
100
AcDbScale
 70
     0
300
1:2
140
1.0
141
2.0
290
     0
  0
SCALE
  5
4A
102
{ACAD_REACTORS
330
47
102
}
330
47
100
AcDbScale
 70
     0
300
1:4
140
1.0
141
4.0
290
     0
  0
SCALE
  5
4B
102
{ACAD_REACTORS
330
47
102
}
330
47
100
AcDbScale
 70
     0
300
1:5
140
1.0
141
5.0
290
     0
  0
SCALE
  5
4C
102
{ACAD_REACTORS
330
47
102
}
330
47
100
AcDbScale
 70
     0
300
1:8
140
1.0
141
8.0
290
     0
  0
SCALE
  5
4D
102
{ACAD_REACTORS
330
47
102
}
330
47
100
AcDbScale
 70
     0
300
1:10
140
1.0
141
10.0
290
     0
  0
SCALE
  5
4E
102
{ACAD_REACTORS
330
47
102
}
330
47
100
AcDbScale
 70
     0
300
1:16
140
1.0
141
16.0
290
     0
  0
SCALE
  5
4F
102
{ACAD_REACTORS
330
47
102
}
330
47
100
AcDbScale
 70
     0
300
1:20
140
1.0
141
20.0
290
     0
  0
SCALE
  5
50
102
{ACAD_REACTORS
330
47
102
}
330
47
100
AcDbScale
 70
     0
300
1:30
140
1.0
141
30.0
290
     0
  0
SCALE
  5
51
102
{ACAD_REACTORS
330
47
102
}
330
47
100
AcDbScale
 70
     0
300
1:40
140
1.0
141
40.0
290
     0
  0
SCALE
  5
52
102
{ACAD_REACTORS
330
47
102
}
330
47
100
AcDbScale
 70
     0
300
1:50
140
1.0
141
50.0
290
     0
  0
SCALE
  5
53
102
{ACAD_REACTORS
330
47
102
}
330
47
100
AcDbScale
 70
     0
300
1:100
140
1.0
141
100.0
290
     0
  0
SCALE
  5
54
102
{ACAD_REACTORS
330
47
102
}
330
47
100
AcDbScale
 70
     0
300
2:1
140
2.0
141
1.0
290
     0
  0
SCALE
  5
55
102
{ACAD_REACTORS
330
47
102
}
330
47
100
AcDbScale
 70
     0
300
4:1
140
4.0
141
1.0
290
     0
  0
SCALE
  5
56
102
{ACAD_REACTORS
330
47
102
}
330
47
100
AcDbScale
 70
     0
300
8:1
140
8.0
141
1.0
290
     0
  0
SCALE
  5
57
102
{ACAD_REACTORS
330
47
102
}
330
47
100
AcDbScale
 70
     0
300
10:1
140
10.0
141
1.0
290
     0
  0
SCALE
  5
58
102
{ACAD_REACTORS
330
47
102
}
330
47
100
AcDbScale
 70
     0
300
100:1
140
100.0
141
1.0
290
     0
  0
ENDSEC
  0
EOF
